item,train_occurrences,train_fake_count,train_true_count,train_support_pct,train_fake_pct,train_true_pct,train_fake_coverage_pct,train_true_coverage_pct,train_baseline_fake_pct,train_baseline_true_pct,train_lift_fake_class,train_lift_true_class,train_with_author_occurrences,train_with_author_fake_count,train_with_author_true_count,train_with_author_fake_pct,train_with_author_baseline_fake_pct,train_with_author_excess_fake_pp,train_without_author_occurrences,train_without_author_fake_count,train_without_author_true_count,train_without_author_fake_pct,train_without_author_baseline_fake_pct,train_without_author_excess_fake_pp,train_author_adjusted_excess_fake_pp,train_author_standardized_fake_pct,validation_occurrences,validation_fake_count,validation_true_count,validation_support_pct,validation_fake_pct,validation_true_pct,validation_fake_coverage_pct,validation_true_coverage_pct,validation_baseline_fake_pct,validation_baseline_true_pct,validation_lift_fake_class,validation_lift_true_class,validation_with_author_occurrences,validation_with_author_fake_count,validation_with_author_true_count,validation_with_author_fake_pct,validation_with_author_baseline_fake_pct,validation_with_author_excess_fake_pp,validation_without_author_occurrences,validation_without_author_fake_count,validation_without_author_true_count,validation_without_author_fake_pct,validation_without_author_baseline_fake_pct,validation_without_author_excess_fake_pp,validation_author_adjusted_excess_fake_pp,validation_author_standardized_fake_pct,test_occurrences,test_fake_count,test_true_count,test_support_pct,test_fake_pct,test_true_pct,test_fake_coverage_pct,test_true_coverage_pct,test_baseline_fake_pct,test_baseline_true_pct,test_lift_fake_class,test_lift_true_class,test_with_author_occurrences,test_with_author_fake_count,test_with_author_true_count,test_with_author_fake_pct,test_with_author_baseline_fake_pct,test_with_author_excess_fake_pp,test_without_author_occurrences,test_without_author_fake_count,test_without_author_true_count,test_without_author_fake_pct,test_without_author_baseline_fake_pct,test_without_author_excess_fake_pp,test_author_adjusted_excess_fake_pp,test_author_standardized_fake_pct,all_occurrences,all_fake_count,all_true_count,all_support_pct,all_fake_pct,all_true_pct,all_fake_coverage_pct,all_true_coverage_pct,all_baseline_fake_pct,all_baseline_true_pct,all_lift_fake_class,all_lift_true_class,all_with_author_occurrences,all_with_author_fake_count,all_with_author_true_count,all_with_author_fake_pct,all_with_author_baseline_fake_pct,all_with_author_excess_fake_pp,all_without_author_occurrences,all_without_author_fake_count,all_without_author_true_count,all_without_author_fake_pct,all_without_author_baseline_fake_pct,all_without_author_excess_fake_pp,all_author_adjusted_excess_fake_pp,all_author_standardized_fake_pct
diversidade_baixo,1087,664,423,25.162037037037038,61.08555657773689,38.91444342226311,30.74074074074074,19.583333333333332,50.0,50.0,1.2217111315547378,0.7782888684452622,428,14,414,3.2710280373831773,2.039870190078813,1.2311578473043638,659,650,9,98.63429438543247,97.82709200184928,0.8072023835831943,1.018885701927306,51.01888570192731,354,213,141,24.583333333333332,60.16949152542372,39.83050847457627,29.583333333333332,19.583333333333332,50.0,50.0,1.2033898305084745,0.7966101694915254,146,10,136,6.8493150684931505,2.351313969571231,4.498001098921919,208,203,5,97.59615384615384,98.04741980474198,-0.4512659585881318,2.0336785432033726,52.03367854320338,346,206,140,24.02777777777778,59.53757225433526,40.46242774566474,28.61111111111111,19.444444444444443,50.0,50.0,1.1907514450867052,0.8092485549132948,140,4,136,2.857142857142857,1.52990264255911,1.3272402145837472,206,202,4,98.05825242718447,98.3356449375867,-0.277392510402219,0.5238095238095238,50.523809523809526,1787,1083,704,24.819444444444443,60.60436485730274,39.39563514269726,30.083333333333332,19.555555555555557,50.0,50.0,1.2120872971460548,0.7879127028539452,714,28,686,3.9215686274509802,2.0005557099194218,1.9210129175315585,1073,1055,18,98.3224603914259,97.97278533740628,0.34967505401962695,1.1351257444056604,51.13512574440566
diversidade_alto,1110,461,649,25.694444444444443,41.53153153153153,58.46846846846847,21.34259259259259,30.046296296296298,50.0,50.0,0.8306306306306306,1.1693693693693694,647,9,638,1.3910355486862442,2.039870190078813,-0.6488346413925692,463,452,11,97.62419006479482,97.82709200184928,-0.20290193705446713,-0.4255586137343944,49.574441386265605,382,163,219,26.52777777777778,42.67015706806283,57.32984293193717,22.63888888888889,30.416666666666668,50.0,50.0,0.8534031413612565,1.1465968586387434,219,3,216,1.36986301369863,2.351313969571231,-0.9814509558726009,163,160,3,98.15950920245399,98.04741980474198,0.11208939771201187,-0.43695898815026246,49.56304101184974,386,162,224,26.805555555555557,41.968911917098445,58.03108808290155,22.5,31.11111111111111,50.0,50.0,0.8393782383419689,1.160621761658031,222,0,222,0.0,1.52990264255911,-1.52990264255911,164,162,2,98.78048780487805,98.3356449375867,0.4448428672913618,-0.5411585365853668,49.45884146341463,1878,786,1092,26.083333333333332,41.853035143769965,58.146964856230035,21.833333333333332,30.333333333333332,50.0,50.0,0.8370607028753994,1.1629392971246006,1088,12,1076,1.1029411764705883,2.0005557099194218,-0.8976145334488336,790,774,16,97.9746835443038,97.97278533740628,0.001898206897521515,-0.4477332309506079,49.55226676904939
uppercaseRatio_baixo,1882,940,942,43.56481481481482,49.94686503719448,50.05313496280552,43.51851851851852,43.611111111111114,50.0,50.0,0.9989373007438895,1.0010626992561105,953,29,924,3.04302203567681,2.039870190078813,1.0031518455979969,929,911,18,98.06243272335846,97.82709200184928,0.23534072150916963,0.6187130813840771,50.61871308138408,629,316,313,43.68055555555556,50.23847376788553,49.76152623211447,43.888888888888886,43.47222222222222,50.0,50.0,1.0047694753577106,0.9952305246422893,318,10,308,3.1446540880503147,2.351313969571231,0.7933401184790835,311,306,5,98.39228295819936,98.04741980474198,0.3448631534573865,0.5700359629786969,50.5700359629787,645,341,304,44.791666666666664,52.86821705426357,47.13178294573643,47.361111111111114,42.22222222222222,50.0,50.0,1.0573643410852713,0.9426356589147287,307,9,298,2.9315960912052117,1.52990264255911,1.4016934486461017,338,332,6,98.22485207100591,98.3356449375867,-0.1107928665807667,0.64439995331376,50.64439995331376,3156,1597,1559,43.833333333333336,50.60202788339671,49.39797211660329,44.361111111111114,43.30555555555556,50.0,50.0,1.012040557667934,0.9879594423320659,1578,48,1530,3.041825095057034,2.0005557099194218,1.0412693851376122,1578,1549,29,98.16223067173637,97.97278533740628,0.18944533433009614,0.6152390508379088,50.615239050837914
uppercaseRatio_alto,1100,588,512,25.462962962962962,53.45454545454545,46.54545454545455,27.22222222222222,23.703703703703702,50.0,50.0,1.069090909090909,0.9309090909090909,504,7,497,1.3888888888888888,2.039870190078813,-0.6509813011899245,596,581,15,97.48322147651007,97.82709200184928,-0.34387052533921825,-0.49721264189245284,49.50278735810755,378,186,192,26.25,49.2063492063492,50.79365079365079,25.833333333333332,26.666666666666668,50.0,50.0,0.9841269841269841,1.0158730158730158,189,1,188,0.5291005291005291,2.351313969571231,-1.8222134404707018,189,185,4,97.88359788359789,98.04741980474198,-0.16382192114409166,-0.9964726631393271,49.00352733686068,335,178,157,23.26388888888889,53.13432835820896,46.865671641791046,24.72222222222222,21.805555555555557,50.0,50.0,1.0626865671641792,0.9373134328358209,157,1,156,0.6369426751592357,1.52990264255911,-0.8929599673998743,178,177,1,99.43820224719101,98.3356449375867,1.102557309604324,0.10618444698903334,50.10618444698903,1813,952,861,25.180555555555557,52.509652509652504,47.49034749034749,26.444444444444443,23.916666666666668,50.0,50.0,1.05019305019305,0.9498069498069498,850,9,841,1.0588235294117647,2.0005557099194218,-0.9417321805076573,963,943,20,97.92315680166148,97.97278533740628,-0.049628535744805635,-0.49555645484223654,49.50444354515776
punctuationDensity_spacy_baixo,1085,340,745,25.11574074074074,31.336405529953915,68.66359447004609,15.74074074074074,34.49074074074074,50.0,50.0,0.6267281105990783,1.3732718894009217,751,29,722,3.861517976031957,2.039870190078813,1.8216477859531437,334,311,23,93.11377245508982,97.82709200184928,-4.713319546759465,-1.4503740521619886,48.54962594783801,357,118,239,24.791666666666668,33.0532212885154,66.94677871148458,16.38888888888889,33.19444444444444,50.0,50.0,0.6610644257703081,1.3389355742296918,249,15,234,6.024096385542169,2.351313969571231,3.6727824159709375,108,103,5,95.37037037037037,98.04741980474198,-2.6770494343716034,0.5110953071545472,50.511095307154555,336,107,229,23.333333333333332,31.845238095238095,68.15476190476191,14.86111111111111,31.805555555555557,50.0,50.0,0.6369047619047619,1.3630952380952381,233,6,227,2.575107296137339,1.52990264255911,1.0452046535782291,103,101,2,98.05825242718447,98.3356449375867,-0.277392510402219,0.3829876013352409,50.38298760133524,1778,565,1213,24.694444444444443,31.777277840269967,68.22272215973003,15.694444444444445,33.69444444444444,50.0,50.0,0.6355455568053994,1.3644544431946006,1233,50,1183,4.0551500405515,2.0005557099194218,2.054594330632078,545,515,30,94.4954128440367,97.97278533740628,-3.4773724933695793,-0.7121574100943063,49.287842589905694
punctuationDensity_spacy_alto,1091,813,278,25.25462962962963,74.51879010082493,25.481209899175067,37.638888888888886,12.87037037037037,50.0,50.0,1.4903758020164986,0.5096241979835013,272,1,271,0.3676470588235294,2.039870190078813,-1.6722231312552838,819,812,7,99.14529914529915,97.82709200184928,1.3182071434498677,-0.17493130621194067,49.82506869378806,355,274,81,24.65277777777778,77.1830985915493,22.816901408450704,38.05555555555556,11.25,50.0,50.0,1.5436619718309859,0.4563380281690141,81,0,81,0.0,2.351313969571231,-2.351313969571231,274,274,0,100.0,98.04741980474198,1.9525801952580246,-0.20833333333333068,49.791666666666664,372,281,91,25.833333333333332,75.53763440860214,24.462365591397848,39.02777777777778,12.63888888888889,50.0,50.0,1.510752688172043,0.489247311827957,87,0,87,0.0,1.52990264255911,-1.52990264255911,285,281,4,98.59649122807016,98.3356449375867,0.2608462904834852,-0.6332846003898661,49.366715399610136,1818,1368,450,25.25,75.24752475247524,24.752475247524753,38.0,12.5,50.0,50.0,1.504950495049505,0.49504950495049505,440,1,439,0.22727272727272727,2.0005557099194218,-1.7732829826466945,1378,1367,11,99.20174165457183,97.97278533740628,1.2289563171655637,-0.27174635506003586,49.72825364493996
POS_ADJ_rate_baixo,1128,593,535,26.11111111111111,52.5709219858156,47.4290780141844,27.453703703703702,24.76851851851852,50.0,50.0,1.051418439716312,0.9485815602836879,539,13,526,2.411873840445269,2.039870190078813,0.3720036503664558,589,580,9,98.47198641765704,97.82709200184928,0.6448944158077619,0.5086385405631098,50.50863854056311,408,208,200,28.333333333333332,50.98039215686274,49.01960784313725,28.88888888888889,27.77777777777778,50.0,50.0,1.0196078431372548,0.9803921568627451,198,3,195,1.5151515151515151,2.351313969571231,-0.8361624544197157,210,205,5,97.61904761904762,98.04741980474198,-0.428372185694359,-0.6331168831168817,49.36688311688312,379,199,180,26.319444444444443,52.5065963060686,47.4934036939314,27.63888888888889,25.0,50.0,50.0,1.050131926121372,0.9498680738786279,180,2,178,1.1111111111111112,1.52990264255911,-0.41879153144799874,199,197,2,98.99497487437185,98.3356449375867,0.659329936785169,0.12101789813263597,50.121017898132635,1915,1000,915,26.59722222222222,52.219321148825074,47.78067885117493,27.77777777777778,25.416666666666668,50.0,50.0,1.0443864229765014,0.9556135770234987,917,18,899,1.9629225736095965,2.0005557099194218,-0.037633136309825344,998,982,16,98.39679358717434,97.97278533740628,0.42400824976807083,0.19325167358830023,50.1932516735883
POS_ADJ_rate_alto,1089,508,581,25.208333333333332,46.648301193755735,53.351698806244265,23.51851851851852,26.89814814814815,50.0,50.0,0.9329660238751147,1.0670339761248853,582,10,572,1.718213058419244,2.039870190078813,-0.3216571316595692,507,498,9,98.22485207100591,97.82709200184928,0.39776006915663853,0.03855106402687923,50.03855106402688,350,172,178,24.305555555555557,49.142857142857146,50.857142857142854,23.88888888888889,24.72222222222222,50.0,50.0,0.9828571428571429,1.0171428571428571,179,3,176,1.675977653631285,2.351313969571231,-0.675336315939946,171,169,2,98.83040935672514,98.04741980474198,0.7829895519831709,0.05078843913010594,50.0507884391301,362,164,198,25.13888888888889,45.30386740331492,54.69613259668509,22.77777777777778,27.5,50.0,50.0,0.9060773480662984,1.0939226519337018,198,3,195,1.5151515151515151,1.52990264255911,-0.014751127407594718,164,161,3,98.17073170731707,98.3356449375867,-0.16491323026961435,-0.08993645807670317,49.91006354192329,1801,844,957,25.01388888888889,46.86285397001665,53.13714602998334,23.444444444444443,26.583333333333332,50.0,50.0,0.9372570794003331,1.0627429205996668,959,16,943,1.6684045881126173,2.0005557099194218,-0.33215112180680456,842,828,14,98.33729216152018,97.97278533740628,0.3645068241139082,0.016274609201596395,50.016274609201595
POS_ADV_rate_baixo,1278,509,769,29.583333333333332,39.82785602503912,60.17214397496088,23.564814814814813,35.601851851851855,50.0,50.0,0.7965571205007824,1.2034428794992176,766,9,757,1.1749347258485638,2.039870190078813,-0.8649354642302494,512,500,12,97.65625,97.82709200184928,-0.17084200184928067,-0.5174067236908894,49.48259327630911,434,161,273,30.13888888888889,37.096774193548384,62.903225806451616,22.36111111111111,37.916666666666664,50.0,50.0,0.7419354838709677,1.2580645161290323,275,7,268,2.5454545454545454,2.351313969571231,0.19414057588331457,159,154,5,96.85534591194968,98.04741980474198,-1.1920738927922891,-0.4960787116447464,49.50392128835525,443,166,277,30.76388888888889,37.471783295711056,62.528216704288944,23.055555555555557,38.47222222222222,50.0,50.0,0.7494356659142212,1.2505643340857788,276,1,275,0.36231884057971014,1.52990264255911,-1.1675838019793998,167,165,2,98.80239520958084,98.3356449375867,0.4667502719941541,-0.34928181077458564,49.650718189225415,2155,836,1319,29.930555555555557,38.793503480278424,61.206496519721576,23.22222222222222,36.638888888888886,50.0,50.0,0.7758700696055685,1.2241299303944315,1317,17,1300,1.29081245254366,2.0005557099194218,-0.709743257375762,838,819,19,97.73269689737471,97.97278533740628,-0.2400884400315717,-0.4748506188679246,49.525149381132074
POS_ADV_rate_alto,1181,710,471,27.337962962962962,60.11854360711262,39.88145639288738,32.870370370370374,21.805555555555557,50.0,50.0,1.2023708721422524,0.7976291278577476,476,14,462,2.941176470588235,2.039870190078813,0.901306280509422,705,696,9,98.72340425531915,97.82709200184928,0.8963122534698664,0.8988057989153111,50.89880579891531,372,230,142,25.833333333333332,61.82795698924731,38.17204301075269,31.944444444444443,19.72222222222222,50.0,50.0,1.2365591397849462,0.7634408602150538,142,3,139,2.112676056338028,2.351313969571231,-0.23863791323320283,230,227,3,98.69565217391305,98.04741980474198,0.6482323691710645,0.20294958154725534,50.20294958154725,383,231,152,26.59722222222222,60.313315926892955,39.686684073107045,32.083333333333336,21.11111111111111,50.0,50.0,1.206266318537859,0.793733681462141,154,4,150,2.5974025974025974,1.52990264255911,1.0674999548434876,229,227,2,99.12663755458514,98.3356449375867,0.7909926169984649,0.9290542669363615,50.929054266936355,1936,1171,765,26.88888888888889,60.48553719008265,39.514462809917354,32.52777777777778,21.25,50.0,50.0,1.209710743801653,0.7902892561983471,772,21,751,2.7202072538860103,2.0005557099194218,0.7196515439665884,1164,1150,14,98.79725085910653,97.97278533740628,0.8244655217002572,0.7720730903303303,50.77207309033033
POS_NOUN_rate_baixo,1106,718,388,25.60185185185185,64.91862567811934,35.081374321880645,33.24074074074074,17.962962962962962,50.0,50.0,1.298372513562387,0.701627486437613,397,18,379,4.534005037783375,2.039870190078813,2.4941348477045615,709,700,9,98.73060648801129,97.82709200184928,0.9035144861620048,1.6977200694599897,51.69772006945998,382,242,140,26.52777777777778,63.35078534031413,36.64921465968586,33.611111111111114,19.444444444444443,50.0,50.0,1.2670157068062826,0.7329842931937173,140,3,137,2.142857142857143,2.351313969571231,-0.20845682671408808,242,239,3,98.7603305785124,98.04741980474198,0.7129107737704254,0.25030745769382595,50.25030745769382,386,246,140,26.805555555555557,63.730569948186535,36.26943005181347,34.166666666666664,19.444444444444443,50.0,50.0,1.2746113989637307,0.7253886010362695,146,6,140,4.10958904109589,1.52990264255911,2.5796863985367806,240,240,0,100.0,98.3356449375867,1.664355062413314,2.12138508371385,52.12138508371385,1874,1206,668,26.02777777777778,64.35432230522946,35.64567769477055,33.5,18.555555555555557,50.0,50.0,1.2870864461045892,0.7129135538954109,683,27,656,3.953147877013177,2.0005557099194218,1.9525921670937554,1191,1179,12,98.99244332493703,97.97278533740628,1.0196579875307532,1.4859955031206482,51.48599550312065
POS_NOUN_rate_alto,1092,358,734,25.27777777777778,32.78388278388278,67.21611721611723,16.574074074074073,33.98148148148148,50.0,50.0,0.6556776556776557,1.3443223443223444,723,5,718,0.6915629322268326,2.039870190078813,-1.3483072578519808,369,353,16,95.6639566395664,97.82709200184928,-2.1631353622828864,-1.756287162917733,48.24371283708226,357,105,252,24.791666666666668,29.411764705882355,70.58823529411765,14.583333333333334,35.0,50.0,50.0,0.5882352941176471,1.411764705882353,250,3,247,1.2,2.351313969571231,-1.1513139695712309,107,102,5,95.32710280373831,98.04741980474198,-2.720317001003658,-1.9325467289719604,48.067453271028036,333,114,219,23.125,34.234234234234236,65.76576576576578,15.833333333333334,30.416666666666668,50.0,50.0,0.6846846846846847,1.3153153153153154,218,1,217,0.45871559633027525,1.52990264255911,-1.0711870462288346,115,113,2,98.26086956521739,98.3356449375867,-0.07477537236929566,-0.5722892567477738,49.42771074325223,1782,577,1205,24.75,32.37934904601572,67.62065095398428,16.02777777777778,33.47222222222222,50.0,50.0,0.6475869809203143,1.3524130190796857,1191,9,1182,0.7556675062972292,2.0005557099194218,-1.2448882036221927,591,568,23,96.1082910321489,97.97278533740628,-1.8644943052573804,-1.5547773108427914,48.445222689157205
POS_PROPN_rate_baixo,1088,457,631,25.185185185185187,42.00367647058824,57.99632352941176,21.15740740740741,29.212962962962962,50.0,50.0,0.8400735294117647,1.1599264705882353,626,5,621,0.7987220447284344,2.039870190078813,-1.2411481453503788,462,452,10,97.83549783549783,97.82709200184928,0.00840583364855041,-0.6155034100321649,49.38449658996784,344,158,186,23.88888888888889,45.93023255813954,54.06976744186046,21.944444444444443,25.833333333333332,50.0,50.0,0.9186046511627907,1.0813953488372092,187,5,182,2.6737967914438503,2.351313969571231,0.32248282187261923,157,153,4,97.45222929936305,98.04741980474198,-0.5951905053789175,-0.1344420223213751,49.86555797767863,359,146,213,24.930555555555557,40.66852367688023,59.33147632311978,20.27777777777778,29.583333333333332,50.0,50.0,0.8133704735376045,1.1866295264623956,208,1,207,0.4807692307692308,1.52990264255911,-1.0491334117898792,151,145,6,96.02649006622516,98.3356449375867,-2.3091548713615184,-1.680019156478179,48.31998084352182,1791,761,1030,24.875,42.490228922389726,57.509771077610274,21.13888888888889,28.61111111111111,50.0,50.0,0.8498045784477946,1.1501954215522054,1021,11,1010,1.0773751224289911,2.0005557099194218,-0.9231805874904307,770,750,20,97.40259740259741,97.97278533740628,-0.5701879348088745,-0.7466352343923357,49.253364765607664
POS_PROPN_rate_alto,1082,521,561,25.046296296296298,48.151571164510166,51.848428835489834,24.12037037037037,25.97222222222222,50.0,50.0,0.9630314232902033,1.0369685767097967,563,15,548,2.664298401420959,2.039870190078813,0.6244282113421457,519,506,13,97.495183044316,97.82709200184928,-0.331908957533289,0.1455955038704871,50.14559550387049,362,165,197,25.13888888888889,45.58011049723757,54.41988950276243,22.916666666666668,27.36111111111111,50.0,50.0,0.9116022099447514,1.0883977900552486,192,2,190,1.0416666666666665,2.351313969571231,-1.3096473029045643,170,163,7,95.88235294117648,98.04741980474198,-2.1650668635655013,-1.7355749591503224,48.26442504084968,362,172,190,25.13888888888889,47.51381215469613,52.48618784530387,23.88888888888889,26.38888888888889,50.0,50.0,0.9502762430939227,1.0497237569060773,189,1,188,0.5291005291005291,1.52990264255911,-1.000802113458581,173,171,2,98.84393063583815,98.3356449375867,0.508285698251465,-0.24521022995653707,49.75478977004346,1806,858,948,25.083333333333332,47.50830564784053,52.49169435215947,23.833333333333332,26.333333333333332,50.0,50.0,0.9501661129568106,1.0498338870431894,944,18,926,1.9067796610169492,2.0005557099194218,-0.09377604890247263,862,840,22,97.4477958236659,97.97278533740628,-0.5249895137403815,-0.3094426720804323,49.690557327919564
POS_VERB_rate_baixo,1132,461,671,26.203703703703702,40.724381625441694,59.275618374558306,21.34259259259259,31.064814814814813,50.0,50.0,0.8144876325088339,1.185512367491166,674,15,659,2.225519287833828,2.039870190078813,0.18564909775501473,458,446,12,97.37991266375546,97.82709200184928,-0.44717933809381716,-0.1312045843609629,49.86879541563904,350,115,235,24.305555555555557,32.857142857142854,67.14285714285714,15.972222222222221,32.638888888888886,50.0,50.0,0.6571428571428571,1.3428571428571427,230,3,227,1.3043478260869565,2.351313969571231,-1.0469661434842745,120,112,8,93.33333333333333,98.04741980474198,-4.71408647140864,-2.8728864734299484,47.12711352657005,352,151,201,24.444444444444443,42.89772727272727,57.10227272727273,20.97222222222222,27.916666666666668,50.0,50.0,0.8579545454545454,1.1420454545454546,200,2,198,1.0,1.52990264255911,-0.5299026425591099,152,149,3,98.02631578947368,98.3356449375867,-0.3093291481130023,-0.4194627192982463,49.580537280701755,1834,727,1107,25.47222222222222,39.64013086150491,60.35986913849509,20.194444444444443,30.75,50.0,50.0,0.7928026172300982,1.2071973827699018,1104,20,1084,1.8115942028985508,2.0005557099194218,-0.1889615070208711,730,707,23,96.84931506849314,97.97278533740628,-1.1234702689131293,-0.6563456808505963,49.34365431914941
POS_VERB_rate_alto,1124,673,451,26.01851851851852,59.87544483985765,40.12455516014235,31.15740740740741,20.87962962962963,50.0,50.0,1.197508896797153,0.802491103202847,451,11,440,2.4390243902439024,2.039870190078813,0.3991542001650892,673,662,11,98.36552748885586,97.82709200184928,0.5384354870065833,0.46889156670169835,50.4688915667017,408,260,148,28.333333333333332,63.725490196078425,36.27450980392157,36.111111111111114,20.555555555555557,50.0,50.0,1.2745098039215685,0.7254901960784313,149,4,145,2.684563758389262,2.351313969571231,0.33324978881803075,259,256,3,98.84169884169884,98.04741980474198,0.7942790369568686,0.5628039352871604,50.56280393528716,399,222,177,27.708333333333332,55.639097744360896,44.3609022556391,30.833333333333332,24.583333333333332,50.0,50.0,1.112781954887218,0.8872180451127819,177,3,174,1.694915254237288,1.52990264255911,0.1650126116781782,222,219,3,98.64864864864865,98.3356449375867,0.31300371106196545,0.23911093296686614,50.23911093296687,1931,1155,776,26.819444444444443,59.81356809943035,40.18643190056965,32.083333333333336,21.555555555555557,50.0,50.0,1.196271361988607,0.803728638011393,777,18,759,2.3166023166023164,2.0005557099194218,0.3160466066828946,1154,1137,17,98.52686308492201,97.97278533740628,0.5540777475157355,0.43509523697998626,50.43509523697999
POS_PRON_rate_baixo,1448,673,775,33.51851851851852,46.47790055248619,53.52209944751382,31.15740740740741,35.879629629629626,50.0,50.0,0.9295580110497238,1.0704419889502763,773,12,761,1.5523932729624839,2.039870190078813,-0.48747691711632946,675,661,14,97.92592592592592,97.82709200184928,0.0988339240766467,-0.19391433621345736,49.80608566378654,457,194,263,31.73611111111111,42.4507658643326,57.54923413566739,26.944444444444443,36.52777777777778,50.0,50.0,0.849015317286652,1.1509846827133479,262,3,259,1.1450381679389312,2.351313969571231,-1.2062758016322996,195,191,4,97.94871794871794,98.04741980474198,-0.09870185602403048,-0.6547962745481823,49.34520372545182,434,211,223,30.13888888888889,48.61751152073733,51.382488479262676,29.305555555555557,30.97222222222222,50.0,50.0,0.9723502304147466,1.0276497695852536,225,4,221,1.7777777777777777,1.52990264255911,0.24787513521866786,209,207,2,99.04306220095694,98.3356449375867,0.7074172633702469,0.4779653257723404,50.477965325772345,2339,1078,1261,32.486111111111114,46.08807182556648,53.91192817443352,29.944444444444443,35.02777777777778,50.0,50.0,0.9217614365113296,1.0782385634886704,1260,19,1241,1.507936507936508,2.0005557099194218,-0.4926192019829139,1079,1059,20,98.14643188137164,97.97278533740628,0.17364654396536672,-0.1593937920996141,49.840606207900386
POS_PRON_rate_alto,1163,636,527,26.921296296296298,54.686156491831476,45.313843508168524,29.444444444444443,24.39814814814815,50.0,50.0,1.0937231298366294,0.9062768701633706,533,16,517,3.0018761726078798,2.039870190078813,0.9620059825290666,630,620,10,98.4126984126984,97.82709200184928,0.5856064108491266,0.7735448080976522,50.77354480809765,372,227,145,25.833333333333332,61.02150537634409,38.97849462365591,31.52777777777778,20.13888888888889,50.0,50.0,1.2204301075268817,0.7795698924731183,148,5,143,3.3783783783783785,2.351313969571231,1.0270644088071477,224,222,2,99.10714285714286,98.04741980474198,1.059723052400885,1.0433256917631961,51.0433256917632,406,220,186,28.194444444444443,54.187192118226605,45.812807881773395,30.555555555555557,25.833333333333332,50.0,50.0,1.083743842364532,0.916256157635468,183,1,182,0.546448087431694,1.52990264255911,-0.9834545551274159,223,219,4,98.20627802690582,98.3356449375867,-0.12936691068086148,-0.5558176164843841,49.44418238351562,1941,1083,858,26.958333333333332,55.79598145285936,44.20401854714065,30.083333333333332,23.833333333333332,50.0,50.0,1.1159196290571871,0.884080370942813,864,22,842,2.5462962962962963,2.0005557099194218,0.5457405863768743,1077,1061,16,98.51439182915506,97.97278533740628,0.5416064917487806,0.543672964883018,50.543672964883015
DEP_nsubj_rate_baixo,1108,450,658,25.64814814814815,40.61371841155235,59.38628158844765,20.833333333333332,30.462962962962962,50.0,50.0,0.8122743682310469,1.187725631768953,656,9,647,1.3719512195121952,2.039870190078813,-0.6679189705666182,452,441,11,97.56637168141593,97.82709200184928,-0.2607203204333497,-0.46403686865961363,49.53596313134039,384,153,231,26.666666666666668,39.84375,60.15625,21.25,32.083333333333336,50.0,50.0,0.796875,1.203125,232,6,226,2.586206896551724,2.351313969571231,0.23489292698049313,152,147,5,96.71052631578947,98.04741980474198,-1.3368934889525064,-0.5477257259528129,49.452274274047184,342,148,194,23.75,43.27485380116959,56.72514619883041,20.555555555555557,26.944444444444443,50.0,50.0,0.8654970760233918,1.1345029239766082,193,2,191,1.0362694300518136,1.52990264255911,-0.4936332125072964,149,146,3,97.98657718120806,98.3356449375867,-0.3490677563786293,-0.4212500917650957,49.578749908234904,1834,751,1083,25.47222222222222,40.94874591057797,59.051254089422024,20.86111111111111,30.083333333333332,50.0,50.0,0.8189749182115594,1.1810250817884405,1081,17,1064,1.572617946345976,2.0005557099194218,-0.42793776357344593,753,734,19,97.47675962815406,97.97278533740628,-0.49602570925222356,-0.4619911930719568,49.53800880692804
DEP_nsubj_rate_alto,1112,622,490,25.74074074074074,55.93525179856115,44.064748201438846,28.796296296296298,22.685185185185187,50.0,50.0,1.118705035971223,0.8812949640287769,494,14,480,2.834008097165992,2.039870190078813,0.7941379070871786,618,608,10,98.38187702265373,97.82709200184928,0.554785020804438,0.6742952466636676,50.67429524666367,396,220,176,27.5,55.55555555555556,44.44444444444444,30.555555555555557,24.444444444444443,50.0,50.0,1.1111111111111112,0.8888888888888888,177,4,173,2.2598870056497176,2.351313969571231,-0.09142696392151345,219,216,3,98.63013698630137,98.04741980474198,0.582717181559389,0.2442406418491859,50.24424064184918,402,230,172,27.916666666666668,57.2139303482587,42.78606965174129,31.944444444444443,23.88888888888889,50.0,50.0,1.144278606965174,0.8557213930348259,171,4,167,2.3391812865497075,1.52990264255911,0.8092786439905976,231,226,5,97.83549783549783,98.3356449375867,-0.5001471020888548,0.15365644751609395,50.15365644751609,1910,1072,838,26.52777777777778,56.12565445026178,43.87434554973822,29.77777777777778,23.27777777777778,50.0,50.0,1.1225130890052355,0.8774869109947644,842,22,820,2.6128266033254155,2.0005557099194218,0.6122708934059938,1068,1050,18,98.31460674157303,97.97278533740628,0.34182140416675333,0.4770085863573126,50.47700858635731
DEP_obj_rate_baixo,1106,502,604,25.60185185185185,45.388788426763114,54.61121157323689,23.24074074074074,27.962962962962962,50.0,50.0,0.9077757685352622,1.092224231464738,605,12,593,1.9834710743801653,2.039870190078813,-0.05639911569864792,501,490,11,97.80439121756487,97.82709200184928,-0.02270078428441291,-0.039526548372492754,49.96047345162751,349,159,190,24.23611111111111,45.55873925501432,54.44126074498568,22.083333333333332,26.38888888888889,50.0,50.0,0.9111747851002865,1.0888252148997135,191,6,185,3.1413612565445024,2.351313969571231,0.7900472869732715,158,153,5,96.83544303797468,98.04741980474198,-1.2119767667672865,-0.20679385645171466,49.79320614354828,393,187,206,27.291666666666668,47.58269720101781,52.41730279898219,25.97222222222222,28.61111111111111,50.0,50.0,0.9516539440203562,1.0483460559796438,204,3,201,1.4705882352941175,1.52990264255911,-0.059314407264992285,189,184,5,97.35449735449735,98.3356449375867,-0.9811475830893368,-0.5208711571048203,49.47912884289518,1848,848,1000,25.666666666666668,45.887445887445885,54.112554112554115,23.555555555555557,27.77777777777778,50.0,50.0,0.9177489177489178,1.0822510822510822,1000,21,979,2.1,2.0005557099194218,0.09944429008057823,848,827,21,97.52358490566037,97.97278533740628,-0.44920043174589974,-0.17495427148847004,49.82504572851153
DEP_obj_rate_alto,1156,622,534,26.75925925925926,53.806228373702425,46.19377162629758,28.796296296296298,24.72222222222222,50.0,50.0,1.0761245674740485,0.9238754325259516,540,16,524,2.9629629629629632,2.039870190078813,0.9230927728841497,616,606,10,98.37662337662337,97.82709200184928,0.5495313747740926,0.7360526561915447,50.736052656191546,402,240,162,27.916666666666668,59.70149253731343,40.298507462686565,33.333333333333336,22.5,50.0,50.0,1.1940298507462686,0.8059701492537313,163,3,160,1.8404907975460123,2.351313969571231,-0.5108231720252185,239,237,2,99.16317991631799,98.04741980474198,1.115760111576014,0.29907975460122854,50.29907975460123,382,195,187,26.52777777777778,51.047120418848166,48.952879581151834,27.083333333333332,25.97222222222222,50.0,50.0,1.0209424083769634,0.9790575916230366,190,4,186,2.1052631578947367,1.52990264255911,0.5753605153356269,192,191,1,99.47916666666666,98.3356449375867,1.143521729079977,0.8598356786062356,50.85983567860624,1940,1057,883,26.944444444444443,54.48453608247422,45.51546391752577,29.36111111111111,24.52777777777778,50.0,50.0,1.0896907216494844,0.9103092783505154,893,23,870,2.57558790593505,2.0005557099194218,0.5750321960156284,1047,1034,13,98.75835721107927,97.97278533740628,0.7855718736729966,0.6803312764662093,50.680331276466205
DEP_amod_rate_baixo,1094,574,520,25.324074074074073,52.46800731261426,47.53199268738574,26.574074074074073,24.074074074074073,50.0,50.0,1.0493601462522852,0.9506398537477148,519,9,510,1.7341040462427744,2.039870190078813,-0.30576614383603895,575,565,10,98.26086956521739,97.82709200184928,0.4337775633681096,0.0645192817849271,50.064519281784925,403,218,185,27.98611111111111,54.09429280397022,45.90570719602978,30.27777777777778,25.694444444444443,50.0,50.0,1.0818858560794045,0.9181141439205955,186,5,181,2.6881720430107525,2.351313969571231,0.3368580734395218,217,213,4,98.15668202764977,98.04741980474198,0.10926222290779108,0.22353430619559753,50.223534306195596,350,185,165,24.305555555555557,52.85714285714286,47.14285714285714,25.694444444444443,22.916666666666668,50.0,50.0,1.0571428571428572,0.9428571428571428,168,4,164,2.380952380952381,1.52990264255911,0.8510497383932709,182,181,1,99.45054945054946,98.3356449375867,1.1149045129627666,0.9831603581603586,50.98316035816036,1847,977,870,25.65277777777778,52.896589063345964,47.103410936654036,27.13888888888889,24.166666666666668,50.0,50.0,1.0579317812669193,0.9420682187330807,873,18,855,2.0618556701030926,2.0005557099194218,0.06129996018367084,974,959,15,98.4599589322382,97.97278533740628,0.48717359483191336,0.27429592662371544,50.274295926623715
DEP_amod_rate_alto,1152,518,634,26.666666666666668,44.96527777777778,55.03472222222222,23.98148148148148,29.35185185185185,50.0,50.0,0.8993055555555556,1.1006944444444444,634,11,623,1.7350157728706623,2.039870190078813,-0.3048544172081509,518,507,11,97.87644787644788,97.82709200184928,0.049355874598600025,-0.1275032919354652,49.87249670806453,377,182,195,26.180555555555557,48.275862068965516,51.724137931034484,25.27777777777778,27.083333333333332,50.0,50.0,0.9655172413793104,1.0344827586206897,196,4,192,2.0408163265306123,2.351313969571231,-0.3104976430406189,181,178,3,98.34254143646409,98.04741980474198,0.29512163172211725,-0.008949712481673183,49.99105028751833,374,162,212,25.97222222222222,43.31550802139038,56.68449197860963,22.5,29.444444444444443,50.0,50.0,0.8663101604278075,1.1336898395721926,212,4,208,1.8867924528301887,1.52990264255911,0.3568898102710787,162,158,4,97.53086419753086,98.3356449375867,-0.8047807400558216,-0.22475218055232069,49.77524781944768,1903,862,1041,26.430555555555557,45.29689963215975,54.70310036784025,23.944444444444443,28.916666666666668,50.0,50.0,0.905937992643195,1.094062007356805,1042,19,1023,1.8234165067178503,2.0005557099194218,-0.17713920320157167,861,843,18,97.90940766550523,97.97278533740628,-0.06337767190105481,-0.12024263733863261,49.87975736266137
DEP_advmod_rate_baixo,1409,564,845,32.61574074074074,40.02838892831795,59.97161107168204,26.11111111111111,39.120370370370374,50.0,50.0,0.8005677785663591,1.1994322214336408,841,13,828,1.5457788347205708,2.039870190078813,-0.4940913553582426,568,551,17,97.00704225352112,97.82709200184928,-0.8200497483281555,-0.6572969118383171,49.342703088161684,479,173,306,33.263888888888886,36.11691022964509,63.88308977035491,24.02777777777778,42.5,50.0,50.0,0.7223382045929019,1.2776617954070981,306,6,300,1.9607843137254901,2.351313969571231,-0.3905296558457408,173,167,6,96.53179190751445,98.04741980474198,-1.5156278972275228,-0.9507348218670865,49.04926517813291,487,184,303,33.81944444444444,37.782340862423,62.217659137576995,25.555555555555557,42.083333333333336,50.0,50.0,0.75564681724846,1.24435318275154,302,2,300,0.6622516556291391,1.52990264255911,-0.8676509869299708,185,182,3,98.37837837837839,98.3356449375867,0.04273344079169794,-0.4118265616609963,49.588173438339005,2375,921,1454,32.986111111111114,38.77894736842105,61.22105263157894,25.583333333333332,40.388888888888886,50.0,50.0,0.775578947368421,1.2244210526315789,1449,21,1428,1.4492753623188406,2.0005557099194218,-0.5512803476005813,926,900,26,97.19222462203024,97.97278533740628,-0.7805607153760441,-0.665952375983837,49.334047624016165
DEP_advmod_rate_alto,1166,715,451,26.99074074074074,61.32075471698113,38.67924528301887,33.101851851851855,20.87962962962963,50.0,50.0,1.2264150943396226,0.7735849056603774,458,16,442,3.4934497816593884,2.039870190078813,1.4535795915805751,708,699,9,98.72881355932203,97.82709200184928,0.9017215574727566,1.1772673397807576,51.17726733978076,366,231,135,25.416666666666668,63.114754098360656,36.885245901639344,32.083333333333336,18.75,50.0,50.0,1.2622950819672132,0.7377049180327869,137,4,133,2.9197080291970803,2.351313969571231,0.5683940596258492,229,227,2,99.12663755458514,98.04741980474198,1.0792177498431754,0.8227416887132262,50.82274168871322,383,239,144,26.59722222222222,62.40208877284596,37.59791122715404,33.19444444444444,20.0,50.0,50.0,1.248041775456919,0.7519582245430809,143,1,142,0.6993006993006993,1.52990264255911,-0.8306019432584105,240,238,2,99.16666666666667,98.3356449375867,0.8310217290799837,0.001363798238799424,50.0013637982388,1915,1185,730,26.59722222222222,61.8798955613577,38.1201044386423,32.916666666666664,20.27777777777778,50.0,50.0,1.237597911227154,0.762402088772846,738,21,717,2.8455284552845526,2.0005557099194218,0.8449727453651308,1177,1164,13,98.89549702633815,97.97278533740628,0.9227116889318765,0.8838530142239991,50.883853014224
DEP_ccomp_rate_baixo,2561,1244,1317,59.282407407407405,48.57477547832878,51.42522452167122,57.592592592592595,60.97222222222222,50.0,50.0,0.9714955095665756,1.0285044904334244,1314,29,1285,2.207001522070015,2.039870190078813,0.16713133199120178,1247,1215,32,97.43384121892542,97.82709200184928,-0.3932507829238596,-0.1134488797127977,49.8865511202872,849,416,433,58.958333333333336,48.99882214369847,51.001177856301524,57.77777777777778,60.138888888888886,50.0,50.0,0.9799764428739693,1.0200235571260305,441,14,427,3.1746031746031744,2.351313969571231,0.8232892050319435,408,402,6,98.52941176470588,98.04741980474198,0.4819919599639122,0.6533516184251529,50.653351618425155,842,420,422,58.47222222222222,49.8812351543943,50.1187648456057,58.333333333333336,58.611111111111114,50.0,50.0,0.997624703087886,1.002375296912114,424,8,416,1.8867924528301887,1.52990264255911,0.3568898102710787,418,412,6,98.56459330143541,98.3356449375867,0.2289483638487244,0.29283023883321935,50.29283023883322,4252,2080,2172,59.05555555555556,48.91815616180621,51.0818438381938,57.77777777777778,60.333333333333336,50.0,50.0,0.9783631232361242,1.021636876763876,2179,51,2128,2.340523175768701,2.0005557099194218,0.33996746584927934,2073,2029,44,97.87747226242162,97.97278533740628,-0.0953130749846598,0.1222667398016384,50.12226673980164
DEP_ccomp_rate_alto,1092,523,569,25.27777777777778,47.8937728937729,52.10622710622711,24.212962962962962,26.34259259259259,50.0,50.0,0.9578754578754579,1.0421245421245422,569,9,560,1.5817223198594026,2.039870190078813,-0.45814787021941084,523,514,9,98.2791586998088,97.82709200184928,0.4520666979595189,-0.00240849267982169,49.99759150732018,398,192,206,27.63888888888889,48.24120603015075,51.75879396984925,26.666666666666668,28.61111111111111,50.0,50.0,0.964824120603015,1.035175879396985,201,2,199,0.9950248756218906,2.351313969571231,-1.3562890939493404,197,190,7,96.44670050761421,98.04741980474198,-1.6007192971277617,-1.477994965948596,48.5220050340514,373,172,201,25.90277777777778,46.11260053619303,53.88739946380697,23.88888888888889,27.916666666666668,50.0,50.0,0.9222520107238605,1.0777479892761395,198,1,197,0.5050505050505051,1.52990264255911,-1.0248521375086048,175,171,4,97.71428571428571,98.3356449375867,-0.6213592233009768,-0.8228254769921468,49.17717452300786,1863,887,976,25.875,47.61137949543747,52.38862050456253,24.63888888888889,27.11111111111111,50.0,50.0,0.9522275899087493,1.0477724100912507,968,12,956,1.2396694214876034,2.0005557099194218,-0.7608862884318186,895,875,20,97.76536312849163,97.97278533740628,-0.2074222089146538,-0.4840773786621922,49.51592262133781
DEP_advcl_rate_baixo,2534,1247,1287,58.657407407407405,49.21073401736385,50.789265982636145,57.73148148148148,59.583333333333336,50.0,50.0,0.984214680347277,1.015785319652723,1270,17,1253,1.3385826771653544,2.039870190078813,-0.701287512913459,1264,1230,34,97.31012658227847,97.82709200184928,-0.5169654195708029,-0.6089984647884208,49.39100153521158,833,386,447,57.84722222222222,46.33853541416567,53.66146458583433,53.611111111111114,62.083333333333336,50.0,50.0,0.9267707082833133,1.0732292917166866,448,14,434,3.125,2.351313969571231,0.773686030428769,385,372,13,96.62337662337663,98.04741980474198,-1.4240431813653531,-0.32059997294372095,49.67940002705628,857,399,458,59.513888888888886,46.55775962660444,53.44224037339556,55.416666666666664,63.611111111111114,50.0,50.0,0.9311551925320887,1.0688448074679113,458,6,452,1.3100436681222707,1.52990264255911,-0.21985897443683924,399,393,6,98.49624060150376,98.3356449375867,0.16059566391707358,-0.029367450649914834,49.970632549350086,4224,2032,2192,58.666666666666664,48.10606060606061,51.89393939393939,56.44444444444444,60.888888888888886,50.0,50.0,0.9621212121212122,1.0378787878787878,2176,37,2139,1.7003676470588234,2.0005557099194218,-0.3001880628605985,2048,1995,53,97.412109375,97.97278533740628,-0.5606759624062763,-0.43046819150837423,49.569531808491625
DEP_advcl_rate_alto,1237,620,617,28.63425925925926,50.121261115602266,49.87873888439774,28.703703703703702,28.564814814814813,50.0,50.0,1.0024252223120453,0.9975747776879548,624,16,608,2.564102564102564,2.039870190078813,0.5242323740237507,613,604,9,98.53181076672104,97.82709200184928,0.704718764871759,0.614600907219177,50.61460090721918,407,215,192,28.26388888888889,52.825552825552826,47.174447174447174,29.86111111111111,26.666666666666668,50.0,50.0,1.0565110565110565,0.9434889434889435,192,0,192,0.0,2.351313969571231,-2.351313969571231,215,215,0,100.0,98.04741980474198,1.9525801952580246,-0.20833333333333068,49.791666666666664,395,210,185,27.430555555555557,53.16455696202531,46.835443037974684,29.166666666666668,25.694444444444443,50.0,50.0,1.0632911392405062,0.9367088607594937,186,4,182,2.1505376344086025,1.52990264255911,0.6206349918494924,209,206,3,98.56459330143541,98.3356449375867,0.2289483638487244,0.42451967324633016,50.42451967324632,2039,1045,994,28.319444444444443,51.25061304561059,48.74938695438941,29.02777777777778,27.61111111111111,50.0,50.0,1.0250122609122119,0.9749877390877881,1002,20,982,1.996007984031936,2.0005557099194218,-0.004547725887485768,1037,1025,12,98.84281581485052,97.97278533740628,0.8700304774442502,0.4328628449732894,50.43286284497329
