antecedents,consequents,antecedent support,consequent support,support,confidence,lift,representativity,leverage,conviction,zhangs_metric,jaccard,certainty,kulczynski,passes_filters,features,itemset_size,rule_size,pattern_id
"[""com_autor"", ""diversidade_alto""]","[""typeTokenRatio_alto""]",0.14976851851851852,0.2523148148148148,0.11296296296296296,0.7542503863987635,2.989322632332714,1.0,0.07517414694787379,3.04246738877242,0.7826998522670975,0.39071257005604476,0.6713194022423091,0.6009784042085561,True,"[""com_autor"", ""diversidade_alto"", ""typeTokenRatio_alto""]",3,3,b39ecda11b8f
"[""typeTokenRatio_alto""]","[""com_autor"", ""diversidade_alto""]",0.2523148148148148,0.14976851851851852,0.11296296296296296,0.4477064220183486,2.989322632332714,1.0,0.07517414694787379,1.5394556724498587,0.8900484697761762,0.39071257005604476,0.3504197503727922,0.6009784042085561,False,"[""com_autor"", ""diversidade_alto"", ""typeTokenRatio_alto""]",3,3,b39ecda11b8f
"[""diversidade_baixo"", ""sem_autor""]","[""typeTokenRatio_baixo""]",0.1525462962962963,0.2539351851851852,0.10787037037037037,0.7071320182094082,2.7846949121829017,1.0,0.06913349837105623,2.5474441086163884,0.7562586971124706,0.36124031007751933,0.6074496800076461,0.5659634566890249,True,"[""diversidade_baixo"", ""sem_autor"", ""typeTokenRatio_baixo""]",3,3,de1589a78e87
"[""typeTokenRatio_baixo""]","[""diversidade_baixo"", ""sem_autor""]",0.2539351851851852,0.1525462962962963,0.10787037037037037,0.4247948951686417,2.7846949121829017,1.0,0.06913349837105623,1.47330699360216,0.8590329165773364,0.36124031007751933,0.32125483396026555,0.5659634566890249,False,"[""diversidade_baixo"", ""sem_autor"", ""typeTokenRatio_baixo""]",3,3,de1589a78e87
"[""diversidade_baixo""]","[""typeTokenRatio_baixo""]",0.2516203703703704,0.2539351851851852,0.17199074074074075,0.6835326586936522,2.6917603332329785,1.0,0.10809547539437586,2.3574780630921617,0.8398089353608209,0.5156141568355309,0.5758178980938807,0.6804171953450029,True,"[""diversidade_baixo"", ""typeTokenRatio_baixo""]",2,2,60f27e4b6463
"[""typeTokenRatio_baixo""]","[""diversidade_baixo""]",0.2539351851851852,0.2516203703703704,0.17199074074074075,0.6773017319963537,2.6917603332329785,1.0,0.10809547539437586,2.3191312251517053,0.8424146099973733,0.5156141568355309,0.5688040464658979,0.6804171953450029,True,"[""diversidade_baixo"", ""typeTokenRatio_baixo""]",2,2,60f27e4b6463
"[""sem_autor"", ""typeTokenRatio_baixo""]","[""diversidade_baixo""]",0.1648148148148148,0.2516203703703704,0.10787037037037037,0.6544943820224719,2.6011184271730254,1.0,0.06639960562414265,2.166041854862993,0.737022163432715,0.3495873968492123,0.5383284040634329,0.5415986169541982,True,"[""diversidade_baixo"", ""sem_autor"", ""typeTokenRatio_baixo""]",3,3,de1589a78e87
"[""diversidade_baixo""]","[""sem_autor"", ""typeTokenRatio_baixo""]",0.2516203703703704,0.1648148148148148,0.10787037037037037,0.42870285188592455,2.6011184271730254,1.0,0.06639960562414265,1.461910299994036,0.8225103512728845,0.3495873968492123,0.3159635033667389,0.5415986169541982,False,"[""diversidade_baixo"", ""sem_autor"", ""typeTokenRatio_baixo""]",3,3,de1589a78e87
"[""typeTokenRatio_alto""]","[""diversidade_alto""]",0.2523148148148148,0.2569444444444444,0.16574074074074074,0.6568807339449542,2.5565088023803626,1.0,0.10090985082304528,2.16558972073678,0.8143020218966741,0.4824797843665768,0.5382320157763869,0.6509628894949997,True,"[""diversidade_alto"", ""typeTokenRatio_alto""]",2,2,e4ace79c89fb
"[""diversidade_alto""]","[""typeTokenRatio_alto""]",0.2569444444444444,0.2523148148148148,0.16574074074074074,0.6450450450450451,2.556508802380362,1.0,0.10090985082304528,2.1064227298364355,0.8193755547433823,0.4824797843665768,0.5252614843946115,0.6509628894949997,True,"[""diversidade_alto"", ""typeTokenRatio_alto""]",2,2,e4ace79c89fb
"[""com_autor"", ""typeTokenRatio_alto""]","[""diversidade_alto""]",0.17222222222222222,0.2569444444444444,0.11296296296296296,0.6559139784946236,2.5527462946817785,1.0,0.06871141975308642,2.159505208333333,0.7348168115304216,0.3572474377745242,0.5369309617123907,0.5477768090671317,True,"[""com_autor"", ""diversidade_alto"", ""typeTokenRatio_alto""]",3,3,b39ecda11b8f
"[""diversidade_alto""]","[""com_autor"", ""typeTokenRatio_alto""]",0.2569444444444444,0.17222222222222222,0.11296296296296296,0.43963963963963965,2.5527462946817785,1.0,0.06871141975308642,1.4772240085744908,0.8185996629385629,0.3572474377745242,0.32305459822238347,0.5477768090671317,False,"[""com_autor"", ""diversidade_alto"", ""typeTokenRatio_alto""]",3,3,b39ecda11b8f
"[""typeTokenRatio_alto""]","[""com_autor"", ""punctuationDensity_baixo""]",0.2523148148148148,0.15625,0.09675925925925925,0.38348623853211006,2.4543119266055045,1.0,0.057335069444444435,1.3685825892857142,0.7925178129675441,0.31031922791388267,0.26931702344546377,0.5013727488956846,False,"[""com_autor"", ""punctuationDensity_baixo"", ""typeTokenRatio_alto""]",3,3,4eb4b330463b
"[""com_autor"", ""punctuationDensity_baixo""]","[""typeTokenRatio_alto""]",0.15625,0.2523148148148148,0.09675925925925925,0.6192592592592592,2.454311926605504,1.0,0.057335069444444435,1.9637645914396882,0.7022860180754917,0.31031922791388267,0.4907739938080495,0.5013727488956846,True,"[""com_autor"", ""punctuationDensity_baixo"", ""typeTokenRatio_alto""]",3,3,4eb4b330463b
"[""sem_autor"", ""typeTokenRatio_baixo""]","[""punctuationDensity_alto""]",0.1648148148148148,0.2550925925925926,0.09837962962962964,0.5969101123595506,2.3399743061644815,1.0,0.05633659122085049,1.8479932894567042,0.6856501891222121,0.3059755219582434,0.45887249390716556,0.49128627215073717,True,"[""punctuationDensity_alto"", ""sem_autor"", ""typeTokenRatio_baixo""]",3,3,3c0f9975805b
"[""punctuationDensity_alto""]","[""sem_autor"", ""typeTokenRatio_baixo""]",0.2550925925925926,0.1648148148148148,0.09837962962962964,0.3856624319419238,2.3399743061644815,1.0,0.05633659122085049,1.3594890311286176,0.7687463897927103,0.3059755219582434,0.2644295193983123,0.49128627215073717,False,"[""punctuationDensity_alto"", ""sem_autor"", ""typeTokenRatio_baixo""]",3,3,3c0f9975805b
"[""punctuationDensity_alto"", ""sem_autor""]","[""typeTokenRatio_baixo""]",0.16967592592592592,0.2539351851851852,0.09837962962962964,0.5798090040927695,2.2832952576852907,1.0,0.05529294195816187,1.7755373677248678,0.6768881090211385,0.30249110320284694,0.43679022577746324,0.48361462055139837,True,"[""punctuationDensity_alto"", ""sem_autor"", ""typeTokenRatio_baixo""]",3,3,3c0f9975805b
"[""typeTokenRatio_baixo""]","[""punctuationDensity_alto"", ""sem_autor""]",0.2539351851851852,0.16967592592592592,0.09837962962962964,0.3874202370100273,2.2832952576852907,1.0,0.05529294195816187,1.3554546268738974,0.7533346717526601,0.30249110320284694,0.26224015162623865,0.48361462055139837,False,"[""punctuationDensity_alto"", ""sem_autor"", ""typeTokenRatio_baixo""]",3,3,3c0f9975805b
"[""com_autor"", ""typeTokenRatio_alto""]","[""punctuationDensity_baixo""]",0.17222222222222222,0.25324074074074077,0.09675925925925925,0.5618279569892473,2.218552810048947,1.0,0.05314557613168723,1.7042603953646895,0.6635303940143219,0.29436619718309853,0.4132352058876467,0.4719560260266163,True,"[""com_autor"", ""punctuationDensity_baixo"", ""typeTokenRatio_alto""]",3,3,4eb4b330463b
"[""punctuationDensity_baixo""]","[""com_autor"", ""typeTokenRatio_alto""]",0.25324074074074077,0.17222222222222222,0.09675925925925925,0.38208409506398533,2.218552810048947,1.0,0.05314557613168723,1.3396285338593028,0.7355191224411701,0.29436619718309853,0.25352441014441185,0.4719560260266163,False,"[""com_autor"", ""punctuationDensity_baixo"", ""typeTokenRatio_alto""]",3,3,4eb4b330463b
"[""typeTokenRatio_alto""]","[""punctuationDensity_baixo""]",0.2523148148148148,0.25324074074074077,0.13819444444444445,0.5477064220183486,2.162789527531322,1.0,0.07429805384087791,1.6510498835549545,0.719064880646784,0.37618147448015127,0.39432478088011963,0.5467051305704175,True,"[""punctuationDensity_baixo"", ""typeTokenRatio_alto""]",2,2,c527c8dcf64c
"[""punctuationDensity_baixo""]","[""typeTokenRatio_alto""]",0.25324074074074077,0.2523148148148148,0.13819444444444445,0.5457038391224863,2.162789527531322,1.0,0.07429805384087791,1.6458100454579327,0.7199564676035686,0.37618147448015127,0.3923964659471025,0.5467051305704175,True,"[""punctuationDensity_baixo"", ""typeTokenRatio_alto""]",2,2,c527c8dcf64c
"[""typeTokenRatio_baixo""]","[""punctuationDensity_alto""]",0.2539351851851852,0.2550925925925926,0.13842592592592592,0.5451230628988148,2.13696155328755,1.0,0.07364894118655692,1.637602055963779,0.7131362479336956,0.37351655215490315,0.38935103533961474,0.5438863953332549,True,"[""punctuationDensity_alto"", ""typeTokenRatio_baixo""]",2,2,492d1cc6df52
"[""punctuationDensity_alto""]","[""typeTokenRatio_baixo""]",0.2550925925925926,0.2539351851851852,0.13842592592592592,0.542649727767695,2.13696155328755,1.0,0.07364894118655692,1.6312766387419162,0.7142442905811998,0.37351655215490315,0.3869831908024954,0.5438863953332549,True,"[""punctuationDensity_alto"", ""typeTokenRatio_baixo""]",2,2,492d1cc6df52
"[""com_autor"", ""uppercaseRatio_baixo""]","[""typeTokenRatio_alto""]",0.22060185185185185,0.2523148148148148,0.08194444444444444,0.37145855194123817,1.4722027012716963,1.0,0.02628332904663923,1.1895558956285164,0.4115299878011742,0.20959147424511546,0.15935013758085104,0.34811459707153647,False,"[""com_autor"", ""typeTokenRatio_alto"", ""uppercaseRatio_baixo""]",3,3,47040babbc40
"[""typeTokenRatio_alto""]","[""com_autor"", ""uppercaseRatio_baixo""]",0.2523148148148148,0.22060185185185185,0.08194444444444444,0.3247706422018348,1.472202701271696,1.0,0.02628332904663923,1.154271713969404,0.4289849748998618,0.20959147424511546,0.13365285842350058,0.34811459707153647,False,"[""com_autor"", ""typeTokenRatio_alto"", ""uppercaseRatio_baixo""]",3,3,47040babbc40
"[""punctuationDensity_alto"", ""typeTokenRatio_baixo""]","[""sem_autor""]",0.13842592592592592,0.5006944444444444,0.09837962962962964,0.7107023411371238,1.4194332472086801,1.0,0.02907053755144033,1.7259232498394352,0.3429693080886304,0.18193493150684933,0.420599959996465,0.45359435133601456,True,"[""punctuationDensity_alto"", ""sem_autor"", ""typeTokenRatio_baixo""]",3,3,3c0f9975805b
"[""sem_autor""]","[""punctuationDensity_alto"", ""typeTokenRatio_baixo""]",0.5006944444444444,0.13842592592592592,0.09837962962962964,0.19648636153490523,1.41943324720868,1.0,0.02907053755144033,1.0722581830967908,0.5918088848891434,0.18193493150684933,0.06738879146447893,0.45359435133601456,False,"[""punctuationDensity_alto"", ""sem_autor"", ""typeTokenRatio_baixo""]",3,3,3c0f9975805b
"[""punctuationDensity_baixo"", ""typeTokenRatio_alto""]","[""com_autor""]",0.13819444444444445,0.49930555555555556,0.09675925925925925,0.7001675041876047,1.402282623129556,1.0,0.02775800540123456,1.669913873370577,0.33287902563529176,0.17893835616438356,0.4011667212623449,0.44697758612254596,True,"[""com_autor"", ""punctuationDensity_baixo"", ""typeTokenRatio_alto""]",3,3,4eb4b330463b
"[""com_autor""]","[""punctuationDensity_baixo"", ""typeTokenRatio_alto""]",0.49930555555555556,0.13819444444444445,0.09675925925925925,0.19378766805748723,1.4022826231295558,1.0,0.02775800540123456,1.0689560571209507,0.5729582119464591,0.17893835616438356,0.06450785012311169,0.44697758612254596,False,"[""com_autor"", ""punctuationDensity_baixo"", ""typeTokenRatio_alto""]",3,3,4eb4b330463b
"[""typeTokenRatio_alto"", ""uppercaseRatio_baixo""]","[""com_autor""]",0.11875,0.49930555555555556,0.08194444444444444,0.6900584795321638,1.3820364541395214,1.0,0.022651909722222224,1.6154481132075476,0.31367952878951805,0.1528497409326425,0.38097671362873214,0.427087654230616,True,"[""com_autor"", ""typeTokenRatio_alto"", ""uppercaseRatio_baixo""]",3,3,47040babbc40
"[""com_autor""]","[""typeTokenRatio_alto"", ""uppercaseRatio_baixo""]",0.49930555555555556,0.11875,0.08194444444444444,0.16411682892906815,1.3820364541395214,1.0,0.022651909722222224,1.0542741264559068,0.5520933731399422,0.1528497409326425,0.051480089564900036,0.427087654230616,False,"[""com_autor"", ""typeTokenRatio_alto"", ""uppercaseRatio_baixo""]",3,3,47040babbc40
"[""com_autor""]","[""typeTokenRatio_alto""]",0.49930555555555556,0.2523148148148148,0.17222222222222222,0.34492350486787204,1.3670362761735846,1.0,0.046240033436213995,1.1413708028623102,0.5362362608682684,0.2972433080303636,0.12386053901833041,0.5137461561036607,False,"[""com_autor"", ""typeTokenRatio_alto""]",2,2,8ed1b3cd1e3d
"[""typeTokenRatio_alto""]","[""com_autor""]",0.2523148148148148,0.49930555555555556,0.17222222222222222,0.6825688073394495,1.3670362761735844,1.0,0.046240033436213995,1.5773322093770068,0.35909567562169187,0.2972433080303636,0.3660181450330197,0.5137461561036607,True,"[""com_autor"", ""typeTokenRatio_alto""]",2,2,8ed1b3cd1e3d
"[""diversidade_alto"", ""typeTokenRatio_alto""]","[""com_autor""]",0.16574074074074074,0.49930555555555556,0.11296296296296296,0.6815642458100558,1.365024358785091,1.0,0.030207690329218106,1.572356237816764,0.32053865468241116,0.20461215932914045,0.36401180855267734,0.45390219708212576,True,"[""com_autor"", ""diversidade_alto"", ""typeTokenRatio_alto""]",3,3,b39ecda11b8f
"[""com_autor""]","[""diversidade_alto"", ""typeTokenRatio_alto""]",0.49930555555555556,0.16574074074074074,0.11296296296296296,0.22624014835419565,1.365024358785091,1.0,0.030207690329218106,1.0781888689168497,0.5340828994338465,0.20461215932914045,0.07251871278860299,0.45390219708212576,False,"[""com_autor"", ""diversidade_alto"", ""typeTokenRatio_alto""]",3,3,b39ecda11b8f
"[""punctuationDensity_alto""]","[""sem_autor""]",0.2550925925925926,0.5006944444444444,0.16967592592592592,0.6651542649727767,1.3284634418318981,1.0,0.04195248199588478,1.4911510087323094,0.3319213123316407,0.2894944707740917,0.3293771092639757,0.5020177242570772,True,"[""punctuationDensity_alto"", ""sem_autor""]",2,2,ce15d5f1cf5d
"[""sem_autor""]","[""punctuationDensity_alto""]",0.5006944444444444,0.2550925925925926,0.16967592592592592,0.3388811835413777,1.3284634418318981,1.0,0.04195248199588478,1.1267375679875677,0.49518905103533595,0.2894944707740917,0.11248188716555366,0.5020177242570772,False,"[""punctuationDensity_alto"", ""sem_autor""]",2,2,ce15d5f1cf5d
"[""typeTokenRatio_baixo""]","[""sem_autor""]",0.2539351851851852,0.5006944444444444,0.1648148148148148,0.6490428441203281,1.296285292001765,1.0,0.03767087834362137,1.4226966089466087,0.3063606208187638,0.2794348508634223,0.29710945136755557,0.4891076448988141,True,"[""sem_autor"", ""typeTokenRatio_baixo""]",2,2,9dee6bb96f14
"[""sem_autor""]","[""typeTokenRatio_baixo""]",0.5006944444444444,0.2539351851851852,0.1648148148148148,0.32917244567730003,1.296285292001765,1.0,0.03767087834362137,1.112155888659162,0.4577655451547871,0.2794348508634223,0.10084547481412846,0.4891076448988141,False,"[""sem_autor"", ""typeTokenRatio_baixo""]",2,2,9dee6bb96f14
"[""diversidade_baixo"", ""typeTokenRatio_baixo""]","[""sem_autor""]",0.17199074074074075,0.5006944444444444,0.10787037037037037,0.6271870794078062,1.2526343888311247,1.0,0.021755561985596694,1.3392925190533493,0.24357513009319182,0.19098360655737706,0.2533371270476229,0.42131429791009817,True,"[""diversidade_baixo"", ""sem_autor"", ""typeTokenRatio_baixo""]",3,3,de1589a78e87
"[""sem_autor""]","[""diversidade_baixo"", ""typeTokenRatio_baixo""]",0.5006944444444444,0.17199074074074075,0.10787037037037037,0.2154415164123902,1.2526343888311247,1.0,0.021755561985596694,1.0553824559680482,0.40392593432700374,0.19098360655737706,0.052476195387622486,0.42131429791009817,False,"[""diversidade_baixo"", ""sem_autor"", ""typeTokenRatio_baixo""]",3,3,de1589a78e87
"[""punctuationDensity_baixo""]","[""com_autor""]",0.25324074074074077,0.49930555555555556,0.15625,0.6170018281535649,1.2357199339932314,1.0,0.029805491255144007,1.3073024396711745,0.2554439622511536,0.2620341614906832,0.23506606455080914,0.464968229793055,True,"[""com_autor"", ""punctuationDensity_baixo""]",2,2,0b59acfe6380
"[""com_autor""]","[""punctuationDensity_baixo""]",0.49930555555555556,0.25324074074074077,0.15625,0.3129346314325452,1.2357199339932312,1.0,0.029805491255144007,1.0868824036587195,0.380981147583089,0.2620341614906832,0.07993726217873376,0.464968229793055,False,"[""com_autor"", ""punctuationDensity_baixo""]",2,2,0b59acfe6380
"[""diversidade_baixo""]","[""sem_autor""]",0.2516203703703704,0.5006944444444444,0.1525462962962963,0.6062557497700092,1.2108297914962736,1.0,0.02656137474279835,1.268096118899273,0.23266278566020834,0.2543419529139328,0.2114162443238014,0.45546259518088994,True,"[""diversidade_baixo"", ""sem_autor""]",2,2,7d9f8f5ed448
"[""sem_autor""]","[""diversidade_baixo""]",0.5006944444444444,0.2516203703703704,0.1525462962962963,0.3046694405917707,1.2108297914962736,1.0,0.02656137474279835,1.076293310431442,0.348724518330762,0.2543419529139328,0.07088524075361874,0.45546259518088994,False,"[""diversidade_baixo"", ""sem_autor""]",2,2,7d9f8f5ed448
"[""com_autor""]","[""diversidade_alto""]",0.49930555555555556,0.2569444444444444,0.14976851851851852,0.2999536393138619,1.1673871367890842,1.0,0.021474729938271625,1.061437637969095,0.28637453991215217,0.2469465648854962,0.05788153328220667,0.4414182610983724,False,"[""com_autor"", ""diversidade_alto""]",2,2,fe5936057217
"[""diversidade_alto""]","[""com_autor""]",0.2569444444444444,0.49930555555555556,0.14976851851851852,0.5828828828828829,1.167387136789084,1.0,0.021474729938271625,1.2003689704823615,0.19296826474454365,0.2469465648854962,0.16692281740825438,0.4414182610983724,True,"[""com_autor"", ""diversidade_alto""]",2,2,fe5936057217
"[""com_autor"", ""typeTokenRatio_alto""]","[""uppercaseRatio_baixo""]",0.17222222222222222,0.4356481481481482,0.08194444444444444,0.47580645161290325,1.0921805903122965,1.0,0.006916152263374484,1.0766096866096866,0.10196033822469948,0.1558098591549296,0.0711582735716743,0.3319521099722327,False,"[""com_autor"", ""typeTokenRatio_alto"", ""uppercaseRatio_baixo""]",3,3,47040babbc40
"[""uppercaseRatio_baixo""]","[""com_autor"", ""typeTokenRatio_alto""]",0.4356481481481482,0.17222222222222222,0.08194444444444444,0.18809776833156217,1.0921805903122965,1.0,0.006916152263374484,1.0195535194880743,0.14955298174385784,0.1558098591549296,0.01917851207839725,0.3319521099722327,False,"[""com_autor"", ""typeTokenRatio_alto"", ""uppercaseRatio_baixo""]",3,3,47040babbc40
"[""uppercaseRatio_alto""]","[""sem_autor""]",0.25462962962962965,0.5006944444444444,0.13796296296296295,0.5418181818181818,1.0821334005800023,1.0,0.010471322016460893,1.089754188712522,0.10182792113051804,0.223472065991751,0.08236186622834733,0.40868070440885973,True,"[""sem_autor"", ""uppercaseRatio_alto""]",2,2,a8c7b35b30a3
"[""sem_autor""]","[""uppercaseRatio_alto""]",0.5006944444444444,0.25462962962962965,0.13796296296296295,0.27554322699953765,1.0821334005800023,1.0,0.010471322016460893,1.0288679713536126,0.152010155790574,0.223472065991751,0.028057993986957318,0.40868070440885973,False,"[""sem_autor"", ""uppercaseRatio_alto""]",2,2,a8c7b35b30a3
"[""typeTokenRatio_alto""]","[""uppercaseRatio_baixo""]",0.2523148148148148,0.4356481481481482,0.11875,0.47064220183486233,1.0803264144137115,1.0,0.008829518175582973,1.0661066178830476,0.09944537987555731,0.20862139080927206,0.06200751104454683,0.3716122805136054,False,"[""typeTokenRatio_alto"", ""uppercaseRatio_baixo""]",2,2,f88e2cbda465
"[""uppercaseRatio_baixo""]","[""typeTokenRatio_alto""]",0.4356481481481482,0.2523148148148148,0.11875,0.2725823591923485,1.0803264144137115,1.0,0.008829518175582973,1.0278623217812406,0.1317508519270099,0.20862139080927206,0.027107056257258694,0.3716122805136054,False,"[""typeTokenRatio_alto"", ""uppercaseRatio_baixo""]",2,2,f88e2cbda465
"[""punctuationDensity_baixo""]","[""uppercaseRatio_baixo""]",0.25324074074074077,0.4356481481481482,0.1162037037037037,0.4588665447897623,1.0532962133325043,1.0,0.005879843964334677,1.0429069694694693,0.06775872332122193,0.2029102667744543,0.04114170364715875,0.3628020290367515,False,"[""punctuationDensity_baixo"", ""uppercaseRatio_baixo""]",2,2,afa9d3a0b198
"[""uppercaseRatio_baixo""]","[""punctuationDensity_baixo""]",0.4356481481481482,0.25324074074074077,0.1162037037037037,0.2667375132837407,1.0532962133325041,1.0,0.005879843964334677,1.018406468062265,0.08965940994022228,0.2029102667744543,0.018073793361983764,0.3628020290367515,False,"[""punctuationDensity_baixo"", ""uppercaseRatio_baixo""]",2,2,afa9d3a0b198
"[""diversidade_alto""]","[""uppercaseRatio_baixo""]",0.2569444444444444,0.4356481481481482,0.11527777777777778,0.44864864864864873,1.0298417439756442,1.0,0.0033404063786008353,1.0235793391430645,0.03899710993506751,0.1996792301523657,0.02303616167438983,0.3566303817100842,False,"[""diversidade_alto"", ""uppercaseRatio_baixo""]",2,2,a06d35073061
"[""uppercaseRatio_baixo""]","[""diversidade_alto""]",0.4356481481481482,0.2569444444444444,0.11527777777777778,0.26461211477151964,1.029841743975644,1.0,0.0033404063786008353,1.0104267019910085,0.051345661563398995,0.1996792301523657,0.010319107729895617,0.3566303817100842,False,"[""diversidade_alto"", ""uppercaseRatio_baixo""]",2,2,a06d35073061
"[""uppercaseRatio_baixo""]","[""com_autor""]",0.4356481481481482,0.49930555555555556,0.22060185185185185,0.5063761955366631,1.0141609479454727,1.0,0.003080311213991771,1.014323944504246,0.024742039085587,0.30881399870382376,0.01412166653647005,0.4740967672166394,False,"[""com_autor"", ""uppercaseRatio_baixo""]",2,2,c300023d13bf
"[""com_autor""]","[""uppercaseRatio_baixo""]",0.49930555555555556,0.4356481481481482,0.22060185185185185,0.4418173388966157,1.0141609479454727,1.0,0.003080311213991771,1.0110522794389072,0.027887698238863196,0.30881399870382376,0.01093146186767006,0.4740967672166394,False,"[""com_autor"", ""uppercaseRatio_baixo""]",2,2,c300023d13bf
"[""sem_autor""]","[""uppercaseRatio_baixo""]",0.5006944444444444,0.4356481481481482,0.2150462962962963,0.4294960702727693,0.9858783334635299,1.0,-0.0030803112139917987,0.9892164145506931,-0.027887698238863445,0.29813863928112966,-0.010901138811171728,0.46155993736805306,False,"[""sem_autor"", ""uppercaseRatio_baixo""]",2,2,1800c0b9672c
"[""uppercaseRatio_baixo""]","[""sem_autor""]",0.4356481481481482,0.5006944444444444,0.2150462962962963,0.4936238044633368,0.9858783334635298,1.0,-0.0030803112139917987,0.9860367844234579,-0.024752969787994315,0.29813863928112966,-0.01416094794547286,0.46155993736805306,False,"[""sem_autor"", ""uppercaseRatio_baixo""]",2,2,1800c0b9672c
"[""diversidade_baixo""]","[""uppercaseRatio_baixo""]",0.2516203703703704,0.4356481481481482,0.10532407407407407,0.4185832566697332,0.9608287294438083,1.0,-0.004293874314128962,0.9706494667135488,-0.05166105899562217,0.18098647573587906,-0.03023803576158852,0.3301736687174383,False,"[""diversidade_baixo"", ""uppercaseRatio_baixo""]",2,2,d6124cde1930
"[""uppercaseRatio_baixo""]","[""diversidade_baixo""]",0.4356481481481482,0.2516203703703704,0.10532407407407407,0.24176408076514344,0.9608287294438083,1.0,-0.004293874314128962,0.9870010252017961,-0.06737210616231076,0.18098647573587906,-0.013170173552298294,0.3301736687174383,False,"[""diversidade_baixo"", ""uppercaseRatio_baixo""]",2,2,d6124cde1930
"[""typeTokenRatio_baixo""]","[""uppercaseRatio_baixo""]",0.2539351851851852,0.4356481481481482,0.10625,0.4184138559708295,0.9604398819309157,1.0,-0.004376393175583013,0.9703667421339832,-0.052320549687994926,0.18214285714285708,-0.03053820435029401,0.331151667624097,False,"[""typeTokenRatio_baixo"", ""uppercaseRatio_baixo""]",2,2,15553bd8f401
"[""uppercaseRatio_baixo""]","[""typeTokenRatio_baixo""]",0.4356481481481482,0.2539351851851852,0.10625,0.24388947927736448,0.9604398819309157,1.0,-0.004376393175583013,0.9867139715259884,-0.06802108075514976,0.18214285714285708,-0.01346492383549039,0.331151667624097,False,"[""typeTokenRatio_baixo"", ""uppercaseRatio_baixo""]",2,2,15553bd8f401
"[""punctuationDensity_alto""]","[""uppercaseRatio_baixo""]",0.2550925925925926,0.4356481481481482,0.1050925925925926,0.411978221415608,0.9456673307733404,1.0,-0.0060380229766803795,0.9597465134887974,-0.07160650103961724,0.17944664031620555,-0.041941789780382877,0.3266054762763481,False,"[""punctuationDensity_alto"", ""uppercaseRatio_baixo""]",2,2,45319f3f5de0
"[""uppercaseRatio_baixo""]","[""punctuationDensity_alto""]",0.4356481481481482,0.2550925925925926,0.1050925925925926,0.2412327311370882,0.9456673307733403,1.0,-0.0060380229766803795,0.9817337120033198,-0.09239907637002918,0.17944664031620555,-0.018606153352324097,0.3266054762763481,False,"[""punctuationDensity_alto"", ""uppercaseRatio_baixo""]",2,2,45319f3f5de0
"[""uppercaseRatio_alto""]","[""com_autor""]",0.25462962962962965,0.49930555555555556,0.11666666666666667,0.45818181818181813,0.9176381337716525,1.0,-0.010471322016460921,0.9241004847129007,-0.10747401418907787,0.18307301126044315,-0.08213340058000262,0.34591983815905925,False,"[""com_autor"", ""uppercaseRatio_alto""]",2,2,4db0dac1316f
"[""com_autor""]","[""uppercaseRatio_alto""]",0.49930555555555556,0.25462962962962965,0.11666666666666667,0.2336578581363004,0.9176381337716525,1.0,-0.010471322016460921,0.9726339315722257,-0.15201015579057436,0.18307301126044315,-0.028136041258131152,0.34591983815905925,False,"[""com_autor"", ""uppercaseRatio_alto""]",2,2,4db0dac1316f
"[""sem_autor""]","[""diversidade_alto""]",0.5006944444444444,0.2569444444444444,0.10717592592592592,0.2140545538603791,0.8330771825917458,1.0,-0.021474729938271597,0.9454289215686275,-0.28637453991215184,0.16476868327402136,-0.057720974243975744,0.31558583548874813,False,"[""diversidade_alto"", ""sem_autor""]",2,2,8089c9553752
"[""diversidade_alto""]","[""sem_autor""]",0.2569444444444444,0.5006944444444444,0.10717592592592592,0.41711711711711713,0.8330771825917457,1.0,-0.021474729938271597,0.8566138588356517,-0.2123847376788553,0.16476868327402136,-0.1673871367890839,0.31558583548874813,False,"[""diversidade_alto"", ""sem_autor""]",2,2,8089c9553752
"[""diversidade_baixo""]","[""com_autor""]",0.2516203703703704,0.49930555555555556,0.09907407407407408,0.3937442502299908,0.7885837556761985,1.0,-0.026561374742798363,0.8258799106390153,-0.263750629847565,0.15198863636363635,-0.21082979149627354,0.2960839934506468,False,"[""com_autor"", ""diversidade_baixo""]",2,2,8335b3c73a69
"[""com_autor""]","[""diversidade_baixo""]",0.49930555555555556,0.2516203703703704,0.09907407407407408,0.19842373667130275,0.7885837556761985,1.0,-0.026561374742798363,0.9336349688323373,-0.3487245183307622,0.15198863636363635,-0.07108241805752309,0.2960839934506468,False,"[""com_autor"", ""diversidade_baixo""]",2,2,8335b3c73a69
"[""sem_autor""]","[""punctuationDensity_baixo""]",0.5006944444444444,0.25324074074074077,0.09699074074074074,0.19371243643088304,0.7649339354491907,1.0,-0.029805491255144034,0.9261698840468909,-0.38098114758308926,0.14763918252290345,-0.07971552220042945,0.28835530413865906,False,"[""punctuationDensity_baixo"", ""sem_autor""]",2,2,437216423fd9
"[""punctuationDensity_baixo""]","[""sem_autor""]",0.25324074074074077,0.5006944444444444,0.09699074074074074,0.38299817184643503,0.7649339354491906,1.0,-0.029805491255144034,0.8092448559670781,-0.29154122570149105,0.14763918252290345,-0.23571993399323163,0.28835530413865906,False,"[""punctuationDensity_baixo"", ""sem_autor""]",2,2,437216423fd9
"[""typeTokenRatio_baixo""]","[""com_autor""]",0.2539351851851852,0.49930555555555556,0.08912037037037036,0.3509571558796718,0.7028905486324443,1.0,-0.037670878343621414,0.7714351201622971,-0.3616620127538476,0.13419309864064133,-0.29628529200176507,0.264722898755784,False,"[""com_autor"", ""typeTokenRatio_baixo""]",2,2,2967678a0d61
"[""com_autor""]","[""typeTokenRatio_baixo""]",0.49930555555555556,0.2539351851851852,0.08912037037037036,0.17848864163189615,0.7028905486324442,1.0,-0.037670878343621414,0.9081612898169049,-0.45776554515478746,0.13419309864064133,-0.10112599073850721,0.264722898755784,False,"[""com_autor"", ""typeTokenRatio_baixo""]",2,2,2967678a0d61
"[""punctuationDensity_alto""]","[""com_autor""]",0.2550925925925926,0.49930555555555556,0.08541666666666667,0.33484573502722326,0.6706228907360243,1.0,-0.04195248199588478,0.7527493557677732,-0.39735258651140704,0.127681660899654,-0.3284634418318981,0.2529583334385073,False,"[""com_autor"", ""punctuationDensity_alto""]",2,2,409033ccbbf7
"[""com_autor""]","[""punctuationDensity_alto""]",0.49930555555555556,0.2550925925925926,0.08541666666666667,0.17107093184979139,0.6706228907360243,1.0,-0.04195248199588478,0.8986382985334327,-0.49518905103533595,0.127681660899654,-0.11279477141358026,0.2529583334385073,False,"[""com_autor"", ""punctuationDensity_alto""]",2,2,409033ccbbf7
"[""sem_autor""]","[""typeTokenRatio_alto""]",0.5006944444444444,0.2523148148148148,0.08009259259259259,0.15996301433194637,0.6339818549669801,1.0,-0.04624003343621401,0.890062220999205,-0.5362362608682686,0.11902304781561748,-0.12351695915974976,0.2386971034962484,False,"[""sem_autor"", ""typeTokenRatio_alto""]",2,2,2cc79e8e48c3
"[""typeTokenRatio_alto""]","[""sem_autor""]",0.2523148148148148,0.5006944444444444,0.08009259259259259,0.3174311926605504,0.63398185496698,1.0,-0.04624003343621401,0.7315094832735961,-0.43571670209489394,0.11902304781561748,-0.3670362761735847,0.2386971034962484,False,"[""sem_autor"", ""typeTokenRatio_alto""]",2,2,2cc79e8e48c3
