features,in_baseline,in_no_author,baseline_id,no_author_id,baseline_discovery_support,baseline_support,baseline_occurrences,baseline_fake_pct,baseline_real_pct,baseline_lift_fake,baseline_lift_real,no_author_discovery_support,no_author_support,no_author_occurrences,no_author_fake_pct,no_author_real_pct,no_author_lift_fake,no_author_lift_real,com_autor_occurrences,com_autor_support,com_autor_fake_pct,com_autor_real_pct,com_autor_baseline_fake_pct,com_autor_lift_fake,com_autor_lift_real,com_autor_delta_fake,sem_autor_occurrences,sem_autor_support,sem_autor_fake_pct,sem_autor_real_pct,sem_autor_baseline_fake_pct,sem_autor_lift_fake,sem_autor_lift_real,sem_autor_delta_fake
"[""diversidade_alto"", ""typeTokenRatio_alto""]",True,True,P06,P02,0.1657407407407407,0.1665277777777777,1199,0.3119266055045872,0.6880733944954128,0.6238532110091743,1.3761467889908257,0.16574074074074074,0.16652777777777777,1199,0.3119266055045872,0.6880733944954128,0.6238532110091743,1.3761467889908257,823,0.22867463184217837,0.014580801944106925,0.9854191980558931,0.02000555709919422,0.7288375860672337,1.0055354958330478,-0.0054247551550872936,376,0.10441544015551235,0.9627659574468085,0.03723404255319149,0.9797278533740628,0.982687135137743,1.8367094141649662,-0.016961895927254278
"[""diversidade_alto"", ""uppercaseRatio_baixo""]",True,True,P17,P07,0.1152777777777777,0.1195833333333333,861,0.4157955865272938,0.5842044134727061,0.8315911730545877,1.1684088269454125,0.11527777777777778,0.11958333333333333,861,0.41579558652729387,0.5842044134727061,0.8315911730545877,1.1684088269454123,505,0.14031675465407056,0.01782178217821782,0.9821782178217822,0.02000555709919422,0.8908415841584159,1.002228354392003,-0.0021837749209763987,356,0.09886142738128298,0.9803370786516854,0.019662921348314606,0.9797278533740628,1.0006218311294555,0.9699476681545328,0.0006092252776226381
"[""diversidade_baixo"", ""typeTokenRatio_baixo""]",True,True,P04,P01,0.1719907407407407,0.1725,1242,0.6159420289855072,0.3840579710144927,1.2318840579710144,0.7681159420289855,0.17199074074074075,0.1725,1242,0.6159420289855072,0.38405797101449274,1.2318840579710144,0.7681159420289855,473,0.1314253959433176,0.016913319238900635,0.9830866807610994,0.02000555709919422,0.8454310547333804,1.0031553626479153,-0.003092237860293584,769,0.21355179116911968,0.9843953185955787,0.015604681404421327,0.9797278533740628,1.0047640425914623,0.7697596950317972,0.004667465221515954
"[""diversidade_baixo"", ""uppercaseRatio_baixo""]",True,True,P22,P09,0.105324074074074,0.1041666666666666,750,0.6053333333333333,0.3946666666666666,1.2106666666666666,0.7893333333333333,0.10532407407407407,0.10416666666666667,750,0.6053333333333333,0.39466666666666667,1.2106666666666666,0.7893333333333333,306,0.08502361767157544,0.05228758169934641,0.9477124183006536,0.02000555709919422,2.6136528685548295,0.9670589717788637,0.032282024600152184,444,0.12329908358789225,0.9864864864864865,0.013513513513513514,0.9797278533740628,1.0068984801127658,0.666604961125509,0.006758633112423751
"[""punctuationDensity_alto"", ""typeTokenRatio_baixo""]",True,True,P11,P03,0.1384259259259259,0.1398611111111111,1007,0.7030784508440914,0.2969215491559086,1.4061569016881827,0.5938430983118173,0.13842592592592592,0.1398611111111111,1007,0.7030784508440914,0.2969215491559086,1.4061569016881827,0.5938430983118173,293,0.08141150319533204,0.006825938566552901,0.9931740614334471,0.02000555709919422,0.34120212362533187,1.01344866660022,-0.013179618532641317,714,0.1982782560399889,0.988795518207283,0.011204481792717087,0.9797278533740628,1.0092552894173543,0.552703273090058,0.00906766483322019
"[""punctuationDensity_alto"", ""uppercaseRatio_baixo""]",True,True,P23,P10,0.1050925925925926,0.1056944444444444,761,0.6793692509855453,0.3206307490144546,1.3587385019710907,0.6412614980289093,0.1050925925925926,0.10569444444444444,761,0.6793692509855453,0.32063074901445465,1.3587385019710907,0.6412614980289093,239,0.06640733537093638,0.0041841004184100415,0.99581589958159,0.02000555709919422,0.20914690841469083,1.0161444350989914,-0.015821456680784177,522,0.14495973340738683,0.9885057471264368,0.011494252873563218,0.9797278533740628,1.0089595225063206,0.5669973232561801,0.008777893752374033
"[""punctuationDensity_baixo"", ""typeTokenRatio_alto""]",True,True,P12,P04,0.1381944444444444,0.1358333333333333,978,0.3087934560327198,0.6912065439672802,0.6175869120654397,1.3824130879345604,0.13819444444444445,0.13583333333333333,978,0.30879345603271985,0.6912065439672802,0.6175869120654397,1.3824130879345604,685,0.19033064740205613,0.035036496350364967,0.964963503649635,0.02000555709919422,1.7513381995133823,0.9846622199135346,0.015030939251170748,293,0.08136628714246043,0.9488054607508533,0.051194539249146756,0.9797278533740628,0.9684377732890653,2.5253635046051706,-0.030922392623209505
"[""punctuationDensity_baixo"", ""uppercaseRatio_baixo""]",True,True,P16,P06,0.1162037037037037,0.1177777777777777,848,0.4080188679245283,0.5919811320754716,0.8160377358490566,1.1839622641509433,0.1162037037037037,0.11777777777777777,848,0.4080188679245283,0.5919811320754716,0.8160377358490566,1.1839622641509433,524,0.14559599888858016,0.061068702290076333,0.9389312977099237,0.02000555709919422,3.052586938083121,0.9580985938355587,0.04106314519088211,324,0.08997500694251596,0.9691358024691358,0.030864197530864196,0.9797278533740628,0.9891887825088883,1.5224928124471502,-0.010592050904926986
"[""typeTokenRatio_alto"", ""uppercaseRatio_baixo""]",True,True,P14,P05,0.11875,0.1205555555555555,868,0.3329493087557603,0.6670506912442397,0.6658986175115207,1.334101382488479,0.11875,0.12055555555555555,868,0.33294930875576034,0.6670506912442397,0.6658986175115207,1.3341013824884793,591,0.16421228118921924,0.03553299492385787,0.9644670050761421,0.02000555709919422,1.7761562323745068,0.9841555858432196,0.015527437824663651,277,0.07692307692307693,0.9675090252707581,0.032490974729241874,0.9797278533740628,0.9875283446712018,1.602739726027397,-0.012218828103304658
"[""typeTokenRatio_baixo"", ""uppercaseRatio_baixo""]",True,True,P21,P08,0.10625,0.1080555555555555,778,0.6362467866323908,0.3637532133676092,1.2724935732647815,0.7275064267352185,0.10625,0.10805555555555556,778,0.6362467866323908,0.36375321336760924,1.2724935732647815,0.7275064267352185,281,0.07807724367879966,0.017793594306049824,0.9822064056939501,0.02000555709919422,0.8894325820482406,1.0022571176899706,-0.0022119627931443953,497,0.1380172174396001,0.9859154929577465,0.014084507042253521,0.9797278533740628,1.0063156718086295,0.6947713679336291,0.006187639583683735
