Tipo,Tag,Quantidade,Porcentagem (%)
META,quant_tokens,799162,100.0
POS,PROPN,87442,10.94
DEP,nsubj,48441,6.06
DEP,flat:name,23666,2.96
POS,VERB,88710,11.1
DEP,ROOT,47488,5.94
POS,SCONJ,21968,2.75
DEP,mark,21947,2.75
POS,AUX,24102,3.02
DEP,aux,5781,0.72
DEP,ccomp,9714,1.22
POS,DET,71422,8.94
DEP,det,71025,8.89
POS,NOUN,145525,18.21
DEP,obj,43571,5.45
POS,ADP,109358,13.68
DEP,case,107773,13.49
DEP,obl,34875,4.36
POS,PUNCT,97776,12.23
DEP,punct,97601,12.21
POS,CCONJ,18202,2.28
DEP,cc,18290,2.29
POS,ADV,29573,3.7
DEP,advmod,27612,3.46
DEP,conj,22103,2.77
POS,SPACE,22996,2.88
DEP,dep,25652,3.21
DEP,appos,15424,1.93
DEP,nmod,61492,7.69
DEP,cop,11458,1.43
POS,ADJ,34138,4.27
DEP,amod,27649,3.46
POS,PRON,25987,3.25
DEP,acl:relcl,8248,1.03
DEP,acl,8881,1.11
DEP,advcl,10106,1.26
DEP,iobj,860,0.11
DEP,expl,2865,0.36
DEP,parataxis,3077,0.39
DEP,xcomp,12105,1.51
DEP,fixed,3492,0.44
DEP,csubj,914,0.11
POS,NUM,19862,2.49
DEP,nummod,9580,1.2
POS,SYM,1888,0.24
DEP,aux:pass,6658,0.83
POS,X,81,0.01
DEP,obl:agent,3135,0.39
DEP,nsubj:pass,5436,0.68
DEP,flat,1850,0.23
DEP,discourse,107,0.01
DEP,compound,261,0.03
POS,INTJ,132,0.02
DEP,flat:foreign,25,0.0
