feature,item,direction,threshold,low_threshold,high_threshold,low_quantile,high_quantile,missing,omitted,omission_reason,criterion,train_occurrences,train_actual_support
diversidade,diversidade_baixo,baixo,0.76470588235294112,0.76470588235294112,0.85416666666666663,0.25,0.75,0,False,,value <= threshold,1087,0.25162037037037038
diversidade,diversidade_alto,alto,0.85416666666666663,0.76470588235294112,0.85416666666666663,0.25,0.75,0,False,,value >= threshold,1110,0.25694444444444442
linkDensity,linkDensity_baixo,baixo,0,0,0,0.25,0.75,0,True,equal_quantiles,value <= threshold,0,0
linkDensity,linkDensity_alto,alto,0,0,0,0.25,0.75,0,True,equal_quantiles,value >= threshold,0,0
uppercaseRatio,uppercaseRatio_baixo,baixo,0,0,0.038461538461538464,0.25,0.75,0,False,,value <= threshold,1882,0.43564814814814817
uppercaseRatio,uppercaseRatio_alto,alto,0.038461538461538464,0,0.038461538461538464,0.25,0.75,0,False,,value >= threshold,1100,0.25462962962962965
punctuationDensity_spacy,punctuationDensity_spacy_baixo,baixo,0.096153846153846159,0.096153846153846159,0.15873015873015872,0.25,0.75,0,False,,value <= threshold,1085,0.25115740740740738
punctuationDensity_spacy,punctuationDensity_spacy_alto,alto,0.15873015873015872,0.096153846153846159,0.15873015873015872,0.25,0.75,0,False,,value >= threshold,1091,0.25254629629629627
POS_ADJ_rate,POS_ADJ_rate_baixo,baixo,0.020833333333333332,0.020833333333333332,0.068181818181818177,0.25,0.75,0,False,,value <= threshold,1128,0.26111111111111113
POS_ADJ_rate,POS_ADJ_rate_alto,alto,0.068181818181818177,0.020833333333333332,0.068181818181818177,0.25,0.75,0,False,,value >= threshold,1089,0.25208333333333333
POS_ADV_rate,POS_ADV_rate_baixo,baixo,0,0,0.041666666666666664,0.25,0.75,0,False,,value <= threshold,1278,0.29583333333333334
POS_ADV_rate,POS_ADV_rate_alto,alto,0.041666666666666664,0,0.041666666666666664,0.25,0.75,0,False,,value >= threshold,1181,0.27337962962962964
POS_NOUN_rate,POS_NOUN_rate_baixo,baixo,0.19148936170212766,0.19148936170212766,0.26530612244897961,0.25,0.75,0,False,,value <= threshold,1106,0.25601851851851853
POS_NOUN_rate,POS_NOUN_rate_alto,alto,0.26530612244897961,0.19148936170212766,0.26530612244897961,0.25,0.75,0,False,,value >= threshold,1092,0.25277777777777777
POS_PROPN_rate,POS_PROPN_rate_baixo,baixo,0.10416666666666667,0.10416666666666667,0.21568627450980393,0.25,0.75,0,False,,value <= threshold,1088,0.25185185185185183
POS_PROPN_rate,POS_PROPN_rate_alto,alto,0.21568627450980393,0.10416666666666667,0.21568627450980393,0.25,0.75,0,False,,value >= threshold,1082,0.25046296296296294
POS_VERB_rate,POS_VERB_rate_baixo,baixo,0.096153846153846159,0.096153846153846159,0.15217391304347827,0.25,0.75,0,False,,value <= threshold,1132,0.26203703703703701
POS_VERB_rate,POS_VERB_rate_alto,alto,0.15217391304347827,0.096153846153846159,0.15217391304347827,0.25,0.75,0,False,,value >= threshold,1124,0.26018518518518519
POS_PRON_rate,POS_PRON_rate_baixo,baixo,0,0,0.040816326530612242,0.25,0.75,0,False,,value <= threshold,1448,0.3351851851851852
POS_PRON_rate,POS_PRON_rate_alto,alto,0.040816326530612242,0,0.040816326530612242,0.25,0.75,0,False,,value >= threshold,1163,0.26921296296296299
DEP_nsubj_rate,DEP_nsubj_rate_baixo,baixo,0.056603773584905662,0.056603773584905662,0.090909090909090912,0.25,0.75,0,False,,value <= threshold,1108,0.25648148148148148
DEP_nsubj_rate,DEP_nsubj_rate_alto,alto,0.090909090909090912,0.056603773584905662,0.090909090909090912,0.25,0.75,0,False,,value >= threshold,1112,0.25740740740740742
DEP_obj_rate,DEP_obj_rate_baixo,baixo,0.040000000000000001,0.040000000000000001,0.081632653061224483,0.25,0.75,0,False,,value <= threshold,1106,0.25601851851851853
DEP_obj_rate,DEP_obj_rate_alto,alto,0.081632653061224483,0.040000000000000001,0.081632653061224483,0.25,0.75,0,False,,value >= threshold,1156,0.2675925925925926
DEP_amod_rate,DEP_amod_rate_baixo,baixo,0.019607843137254902,0.019607843137254902,0.061224489795918366,0.25,0.75,0,False,,value <= threshold,1094,0.25324074074074077
DEP_amod_rate,DEP_amod_rate_alto,alto,0.061224489795918366,0.019607843137254902,0.061224489795918366,0.25,0.75,0,False,,value >= threshold,1152,0.26666666666666666
DEP_advmod_rate,DEP_advmod_rate_baixo,baixo,0,0,0.040816326530612242,0.25,0.75,0,False,,value <= threshold,1409,0.3261574074074074
DEP_advmod_rate,DEP_advmod_rate_alto,alto,0.040816326530612242,0,0.040816326530612242,0.25,0.75,0,False,,value >= threshold,1166,0.26990740740740743
DEP_ccomp_rate,DEP_ccomp_rate_baixo,baixo,0,0,0.020833333333333332,0.25,0.75,0,False,,value <= threshold,2561,0.59282407407407411
DEP_ccomp_rate,DEP_ccomp_rate_alto,alto,0.020833333333333332,0,0.020833333333333332,0.25,0.75,0,False,,value >= threshold,1092,0.25277777777777777
DEP_advcl_rate,DEP_advcl_rate_baixo,baixo,0,0,0.020408163265306121,0.25,0.75,0,False,,value <= threshold,2534,0.58657407407407403
DEP_advcl_rate,DEP_advcl_rate_alto,alto,0.020408163265306121,0,0.020408163265306121,0.25,0.75,0,False,,value >= threshold,1237,0.28634259259259259
POS_ADP_rate,POS_ADP_rate_baixo,baixo,0.15094339622641509,0.15094339622641509,0.22448979591836735,0.25,0.75,0,False,,value <= threshold,1091,0.25254629629629627
POS_ADP_rate,POS_ADP_rate_alto,alto,0.22448979591836735,0.15094339622641509,0.22448979591836735,0.25,0.75,0,False,,value >= threshold,1098,0.25416666666666665
POS_AUX_rate,POS_AUX_rate_baixo,baixo,0,0,0.041666666666666664,0.25,0.75,0,False,,value <= threshold,1143,0.26458333333333334
POS_AUX_rate,POS_AUX_rate_alto,alto,0.041666666666666664,0,0.041666666666666664,0.25,0.75,0,False,,value >= threshold,1110,0.25694444444444442
POS_NUM_rate,POS_NUM_rate_baixo,baixo,0,0,0.040816326530612242,0.25,0.75,0,False,,value <= threshold,1754,0.4060185185185185
POS_NUM_rate,POS_NUM_rate_alto,alto,0.040816326530612242,0,0.040816326530612242,0.25,0.75,0,False,,value >= threshold,1086,0.25138888888888888
DEP_obl_rate,DEP_obl_rate_baixo,baixo,0.037037037037037035,0.037037037037037035,0.075471698113207544,0.25,0.75,0,False,,value <= threshold,1093,0.25300925925925927
DEP_obl_rate,DEP_obl_rate_alto,alto,0.075471698113207544,0.037037037037037035,0.075471698113207544,0.25,0.75,0,False,,value >= threshold,1094,0.25324074074074077
DEP_cc_rate,DEP_cc_rate_baixo,baixo,0,0,0.039215686274509803,0.25,0.75,0,False,,value <= threshold,1296,0.29999999999999999
DEP_cc_rate,DEP_cc_rate_alto,alto,0.039215686274509803,0,0.039215686274509803,0.25,0.75,0,False,,value >= threshold,1190,0.27546296296296297
DEP_acl:relcl_rate,DEP_acl:relcl_rate_baixo,baixo,0,0,0.020408163265306121,0.25,0.75,0,False,,value <= threshold,2625,0.60763888888888884
DEP_acl:relcl_rate,DEP_acl:relcl_rate_alto,alto,0.020408163265306121,0,0.020408163265306121,0.25,0.75,0,False,,value >= threshold,1108,0.25648148148148148
DEP_nsubj:pass_rate,DEP_nsubj:pass_rate_baixo,baixo,0,0,0.018867924528301886,0.25,0.75,0,False,,value <= threshold,3138,0.72638888888888886
DEP_nsubj:pass_rate,DEP_nsubj:pass_rate_alto,alto,0.018867924528301886,0,0.018867924528301886,0.25,0.75,0,False,,value >= threshold,1106,0.25601851851851853
