candidate_index,modelo,busca,parameters_json,config,mean_fit_time,std_fit_time,mean_score_time,std_score_time,param_clf__C,param_clf__class_weight,split0_test_f1_macro,split1_test_f1_macro,split2_test_f1_macro,mean_test_f1_macro,std_test_f1_macro,rank_test_f1_macro,split0_train_f1_macro,split1_train_f1_macro,split2_train_f1_macro,mean_train_f1_macro,std_train_f1_macro,split0_test_accuracy,split1_test_accuracy,split2_test_accuracy,mean_test_accuracy,std_test_accuracy,rank_test_accuracy,split0_train_accuracy,split1_train_accuracy,split2_train_accuracy,mean_train_accuracy,std_train_accuracy,split0_test_precision_macro,split1_test_precision_macro,split2_test_precision_macro,mean_test_precision_macro,std_test_precision_macro,rank_test_precision_macro,split0_train_precision_macro,split1_train_precision_macro,split2_train_precision_macro,mean_train_precision_macro,std_train_precision_macro,split0_test_recall_macro,split1_test_recall_macro,split2_test_recall_macro,mean_test_recall_macro,std_test_recall_macro,rank_test_recall_macro,split0_train_recall_macro,split1_train_recall_macro,split2_train_recall_macro,mean_train_recall_macro,std_train_recall_macro,split0_test_roc_auc,split1_test_roc_auc,split2_test_roc_auc,mean_test_roc_auc,std_test_roc_auc,rank_test_roc_auc,split0_train_roc_auc,split1_train_roc_auc,split2_train_roc_auc,mean_train_roc_auc,std_train_roc_auc
0,Regressão Logística,Random Search,"{""config"": ""word+meta"", ""estimator"": {""C"": 0.0745934328572655, ""class_weight"": null, ""dual"": false, ""fit_intercept"": true, ""intercept_scaling"": 1, ""l1_ratio"": 0.0, ""max_iter"": 1000, ""n_jobs"": null, ""penalty"": ""deprecated"", ""random_state"": null, ""solver"": ""lbfgs"", ""tol"": 0.0001, ""verbose"": 0, ""warm_start"": false}, ""search_parameters"": {""clf__C"": 0.0745934328572655, ""clf__class_weight"": null, ""prep"": ""word+meta""}}",word+meta,0.21219348907470703,0.014775836930820638,0.46811119715372723,0.007313885134897993,0.0745934328572655,,0.819111407596376,0.8236673155239931,0.8238818931828051,0.8222202054343914,0.0021999968016874036,12,0.833191430209727,0.8329124534269869,0.8254024267759711,0.830502103470895,0.0036078140940546954,0.8192708333333333,0.8239583333333333,0.8239583333333333,0.8223958333333332,0.0022097086912079927,12,0.8333333333333334,0.8330729166666667,0.8255208333333334,0.8306423611111112,0.0036230272143592404,0.8204003697932489,0.8261111766479231,0.8245217391304348,0.8236777618572023,0.002406595376757817,12,0.8344714654031078,0.834357322603458,0.8264062670003265,0.8317450183356309,0.0037753548627767197,0.8192708333333334,0.8239583333333333,0.8239583333333333,0.8223958333333333,0.00220970869120794,12,0.8333333333333334,0.8330729166666666,0.8255208333333333,0.8306423611111112,0.003623027214359268,0.8929090711805557,0.8910557725694446,0.8972970920138889,0.893753978587963,0.0026171127217117706,12,0.9015985785590277,0.9022311740451389,0.8996888563368055,0.9011728696469907,0.0010806682780783185
1,Regressão Logística,Random Search,"{""config"": ""word"", ""estimator"": {""C"": 4.5705630998014515, ""class_weight"": null, ""dual"": false, ""fit_intercept"": true, ""intercept_scaling"": 1, ""l1_ratio"": 0.0, ""max_iter"": 1000, ""n_jobs"": null, ""penalty"": ""deprecated"", ""random_state"": null, ""solver"": ""lbfgs"", ""tol"": 0.0001, ""verbose"": 0, ""warm_start"": false}, ""search_parameters"": {""clf__C"": 4.5705630998014515, ""clf__class_weight"": null, ""prep"": ""word""}}",word,0.1926441192626953,0.0035782786552121305,0.44970401128133136,0.011702201276838024,4.5705630998014515,,0.8968709715223251,0.9098887689491717,0.9062483723675758,0.9043360376130242,0.00548382656069665,3,0.9986979158719376,0.9981770802427168,0.9981770802427168,0.9983506921191238,0.0002455242702037191,0.896875,0.9098958333333333,0.90625,0.9043402777777777,0.005484572569073388,3,0.9986979166666666,0.9981770833333333,0.9981770833333333,0.9983506944444445,0.0002455231879119817,0.8969370214095953,0.9100244108666888,0.9062782137648449,0.9044132153470429,0.005503247830400597,3,0.9986991341938498,0.9981804618358143,0.9981804618358143,0.9983533526218261,0.0002445044943872736,0.896875,0.9098958333333333,0.90625,0.9043402777777777,0.005484572569073388,3,0.9986979166666667,0.9981770833333333,0.9981770833333333,0.9983506944444445,0.00024552318791203406,0.961769748263889,0.9700651041666667,0.9705772569444445,0.967470703125,0.004036602520541762,3,0.9999886067708333,0.9999899631076389,0.9999850802951388,0.9999878833912037,2.057980084820133e-06
2,Regressão Logística,Random Search,"{""config"": ""word+meta"", ""estimator"": {""C"": 0.006026889128682512, ""class_weight"": null, ""dual"": false, ""fit_intercept"": true, ""intercept_scaling"": 1, ""l1_ratio"": 0.0, ""max_iter"": 1000, ""n_jobs"": null, ""penalty"": ""deprecated"", ""random_state"": null, ""solver"": ""lbfgs"", ""tol"": 0.0001, ""verbose"": 0, ""warm_start"": false}, ""search_parameters"": {""clf__C"": 0.006026889128682512, ""clf__class_weight"": null, ""prep"": ""word+meta""}}",word+meta,0.14748072624206543,0.012699388088001251,0.5010225772857666,0.018083913742241903,0.006026889128682512,,0.8071156513267859,0.8069395240233108,0.799466927099229,0.8045073674831086,0.003564854803433144,15,0.805059790839971,0.8076972665097981,0.8084336826853005,0.80706358001169,0.001448437199054814,0.8072916666666666,0.8072916666666666,0.7994791666666666,0.8046875,0.003682847818679935,15,0.8052083333333333,0.8078125,0.80859375,0.8072048611111112,0.0014473378472685153,0.8084174438815294,0.8095501466865456,0.7995522995522995,0.8058399633734581,0.004470032897496669,15,0.8061414402187221,0.8085520741447327,0.8096286171309871,0.8081073771648141,0.0014579477030675905,0.8072916666666667,0.8072916666666666,0.7994791666666666,0.8046875,0.003682847818679961,15,0.8052083333333333,0.8078125,0.80859375,0.8072048611111112,0.0014473378472685153,0.8763378906250001,0.8778613281250001,0.8825954861111112,0.8789315682870371,0.002664386836313019,15,0.8823263888888887,0.8826652018229166,0.8797129991319445,0.8815681966145833,0.0013190948476785615
3,Regressão Logística,Random Search,"{""config"": ""word"", ""estimator"": {""C"": 0.0019517224641449498, ""class_weight"": ""balanced"", ""dual"": false, ""fit_intercept"": true, ""intercept_scaling"": 1, ""l1_ratio"": 0.0, ""max_iter"": 1000, ""n_jobs"": null, ""penalty"": ""deprecated"", ""random_state"": null, ""solver"": ""lbfgs"", ""tol"": 0.0001, ""verbose"": 0, ""warm_start"": false}, ""search_parameters"": {""clf__C"": 0.0019517224641449498, ""clf__class_weight"": ""balanced"", ""prep"": ""word""}}",word,0.12397019068400066,0.005023788665825284,0.49444135030110675,0.018478071823730378,0.0019517224641449498,balanced,0.8351848954258593,0.8454306412430823,0.8402894970336993,0.8403016779008804,0.004182817082456098,10,0.8901856628791417,0.8930829620257085,0.8881304199815303,0.8904663482954601,0.0020315849973257354,0.8354166666666667,0.8458333333333333,0.840625,0.8406249999999998,0.004252586358998558,10,0.8903645833333333,0.8932291666666666,0.88828125,0.890625,0.0020283544176298227,0.8373140582442908,0.8494752169965658,0.8435114503816794,0.8434335752075119,0.004965077639981891,10,0.8929253558141916,0.8953918951207724,0.8903866310252313,0.8929012939867317,0.0020434613437635414,0.8354166666666667,0.8458333333333333,0.840625,0.8406249999999998,0.004252586358998558,10,0.8903645833333333,0.8932291666666666,0.88828125,0.890625,0.0020283544176298227,0.9198556857638891,0.9298697916666666,0.9292740885416666,0.9263331886574075,0.004586738009736152,10,0.9659252929687501,0.9639225260416666,0.9622884114583333,0.96404541015625,0.001487291085478451
4,Regressão Logística,Random Search,"{""config"": ""word+meta"", ""estimator"": {""C"": 1.0129197956845732, ""class_weight"": ""balanced"", ""dual"": false, ""fit_intercept"": true, ""intercept_scaling"": 1, ""l1_ratio"": 0.0, ""max_iter"": 1000, ""n_jobs"": null, ""penalty"": ""deprecated"", ""random_state"": null, ""solver"": ""lbfgs"", ""tol"": 0.0001, ""verbose"": 0, ""warm_start"": false}, ""search_parameters"": {""clf__C"": 1.0129197956845732, ""clf__class_weight"": ""balanced"", ""prep"": ""word+meta""}}",word+meta,0.4365265369415283,0.04146339495679255,0.49109840393066406,0.003041686118884855,1.0129197956845732,balanced,0.8916097429639698,0.888927244574896,0.8931976161577679,0.8912448678988779,0.001762359918555105,7,0.940329583778897,0.9398243207187867,0.9369504160290106,0.9390347735088982,0.0014882276411781806,0.8916666666666667,0.8890625,0.8932291666666666,0.8913194444444444,0.001718662315383969,6,0.9403645833333333,0.93984375,0.9369791666666667,0.9390625,0.0014884052256494678,0.8924911706884253,0.8909668513407865,0.8936943719303735,0.8923841313198618,0.0011160750307729192,5,0.9414001926720976,0.9404125445216112,0.9377776739038981,0.9398634703658689,0.0015290023714538952,0.8916666666666666,0.8890625,0.8932291666666667,0.8913194444444444,0.0017186623153840027,6,0.9403645833333334,0.93984375,0.9369791666666667,0.9390625,0.0014884052256495,0.94986328125,0.9467957899305555,0.9532291666666667,0.9499627459490739,0.0026273565900546856,7,0.9793451605902779,0.9795247395833332,0.9783816189236112,0.9790838396990741,0.0005019280604532017
5,Regressão Logística,Random Search,"{""config"": ""word+char+meta"", ""estimator"": {""C"": 0.001267425589893723, ""class_weight"": ""balanced"", ""dual"": false, ""fit_intercept"": true, ""intercept_scaling"": 1, ""l1_ratio"": 0.0, ""max_iter"": 1000, ""n_jobs"": null, ""penalty"": ""deprecated"", ""random_state"": null, ""solver"": ""lbfgs"", ""tol"": 0.0001, ""verbose"": 0, ""warm_start"": false}, ""search_parameters"": {""clf__C"": 0.001267425589893723, ""clf__class_weight"": ""balanced"", ""prep"": ""word+char+meta""}}",word+char+meta,0.36053284009297687,0.01108728219901295,2.8913917541503906,0.11075880385782888,0.001267425589893723,balanced,0.7960908171605092,0.7989870491859002,0.7963138869421607,0.7971305844295234,0.001315873873293227,16,0.7992630411812196,0.7996063871392383,0.8013132792434956,0.8000609025213178,0.0008965887955324552,0.7963541666666667,0.7994791666666666,0.7963541666666667,0.7973958333333333,0.0014731391274719428,16,0.7994791666666666,0.7997395833333333,0.8015625,0.8002604166666666,0.0009268297093777173,0.7978930870087333,0.802440895268882,0.7965887730203254,0.7989742517659802,0.002508455252042223,16,0.8007744943228814,0.8005386227869833,0.8030831777494722,0.801465431619779,0.0011479650838084159,0.7963541666666667,0.7994791666666667,0.7963541666666667,0.7973958333333334,0.001473139127471995,16,0.7994791666666667,0.7997395833333334,0.8015625,0.8002604166666667,0.0009268297093776653,0.8711968315972223,0.8755696614583335,0.879047309027778,0.8752712673611113,0.003211881924963286,16,0.8785026041666667,0.8783661566840278,0.8754267035590277,0.8774318214699074,0.0014189263209148696
6,Regressão Logística,Random Search,"{""config"": ""word+char"", ""estimator"": {""C"": 14.528246637516036, ""class_weight"": ""balanced"", ""dual"": false, ""fit_intercept"": true, ""intercept_scaling"": 1, ""l1_ratio"": 0.0, ""max_iter"": 1000, ""n_jobs"": null, ""penalty"": ""deprecated"", ""random_state"": null, ""solver"": ""lbfgs"", ""tol"": 0.0001, ""verbose"": 0, ""warm_start"": false}, ""search_parameters"": {""clf__C"": 14.528246637516036, ""clf__class_weight"": ""balanced"", ""prep"": ""word+char""}}",word+char,0.5929163297017416,0.06579830165116428,3.0290711720784507,0.11815222711240737,14.528246637516036,balanced,0.9150958522142603,0.929158979924037,0.9291604405335104,0.9244717575572693,0.006629766274620491,1,1.0,1.0,1.0,1.0,0.0,0.9151041666666667,0.9291666666666667,0.9291666666666667,0.9244791666666666,0.0066291260736238726,1,1.0,1.0,1.0,1.0,0.0,0.9152668308658232,0.9293530178028658,0.9293175986349368,0.9246458157678753,0.006631959588440161,1,1.0,1.0,1.0,1.0,0.0,0.9151041666666666,0.9291666666666667,0.9291666666666667,0.9244791666666666,0.006629126073623925,1,1.0,1.0,1.0,1.0,0.0,0.9744900173611111,0.9781640625,0.9798274739583333,0.977493851273148,0.0022299473907480974,1,1.0,1.0,1.0,1.0,0.0
7,Regressão Logística,Random Search,"{""config"": ""word"", ""estimator"": {""C"": 0.008111941985431923, ""class_weight"": null, ""dual"": false, ""fit_intercept"": true, ""intercept_scaling"": 1, ""l1_ratio"": 0.0, ""max_iter"": 1000, ""n_jobs"": null, ""penalty"": ""deprecated"", ""random_state"": null, ""solver"": ""lbfgs"", ""tol"": 0.0001, ""verbose"": 0, ""warm_start"": false}, ""search_parameters"": {""clf__C"": 0.008111941985431923, ""clf__class_weight"": null, ""prep"": ""word""}}",word,0.13892340660095215,0.006632356859366159,0.5286802450815836,0.014069890896488357,0.008111941985431923,,0.8362280289991133,0.8485638039205874,0.8429066189776047,0.8425661506324351,0.005041810174191019,8,0.8928116704227814,0.8941301100095069,0.8897074325872738,0.892216404339854,0.0018539642530526178,0.8364583333333333,0.8489583333333334,0.8432291666666667,0.8428819444444445,0.005109006586653557,8,0.89296875,0.8942708333333333,0.88984375,0.892361111111111,0.001857720013804904,0.8383616174313848,0.8526331255838842,0.8460714133328082,0.8456887187826924,0.005832599624851684,8,0.8952858430398896,0.8963783135158722,0.8917806538673864,0.8944816034743827,0.001961244421258034,0.8364583333333333,0.8489583333333334,0.8432291666666667,0.8428819444444445,0.005109006586653557,8,0.8929687500000001,0.8942708333333333,0.88984375,0.8923611111111112,0.0018577200138049162,0.9209602864583334,0.9311078559027778,0.9305295138888889,0.9275325520833334,0.004653287472703181,8,0.9671196831597222,0.9650634765624999,0.9634914822048611,0.965224880642361,0.0014855972984988296
8,Regressão Logística,Random Search,"{""config"": ""word"", ""estimator"": {""C"": 0.033205591037519584, ""class_weight"": ""balanced"", ""dual"": false, ""fit_intercept"": true, ""intercept_scaling"": 1, ""l1_ratio"": 0.0, ""max_iter"": 1000, ""n_jobs"": null, ""penalty"": ""deprecated"", ""random_state"": null, ""solver"": ""lbfgs"", ""tol"": 0.0001, ""verbose"": 0, ""warm_start"": false}, ""search_parameters"": {""clf__C"": 0.033205591037519584, ""clf__class_weight"": ""balanced"", ""prep"": ""word""}}",word,0.13966830571492514,0.011762683259585193,0.5543296337127686,0.021466762001111122,0.033205591037519584,balanced,0.8357128440882837,0.8470213127570618,0.8434358864518767,0.8420566810990741,0.004718546489621819,9,0.8922900727119434,0.8936085834578297,0.8912758231632443,0.8923914931110059,0.0009550417865231598,0.8359375,0.8473958333333333,0.84375,0.8423611111111112,0.0047798263534500765,9,0.8924479166666667,0.89375,0.89140625,0.8925347222222223,0.0009587986994086524,0.837785128944236,0.8508314385119031,0.8465309712055515,0.8450491795538969,0.005428218136616354,9,0.8947619386753569,0.8958546961928657,0.893293448298326,0.8946366943888496,0.0010493687921152334,0.8359375,0.8473958333333333,0.84375,0.8423611111111112,0.0047798263534500765,9,0.8924479166666667,0.89375,0.89140625,0.8925347222222223,0.0009587986994086524,0.9203624131944445,0.9304231770833332,0.9310384114583334,0.9272746672453703,0.0048941509568362525,9,0.9664382595486112,0.9644189453125,0.9639607747395833,0.9649393265335648,0.0010762837934821942
9,Regressão Logística,Random Search,"{""config"": ""word+meta"", ""estimator"": {""C"": 0.14445251022763064, ""class_weight"": null, ""dual"": false, ""fit_intercept"": true, ""intercept_scaling"": 1, ""l1_ratio"": 0.0, ""max_iter"": 1000, ""n_jobs"": null, ""penalty"": ""deprecated"", ""random_state"": null, ""solver"": ""lbfgs"", ""tol"": 0.0001, ""verbose"": 0, ""warm_start"": false}, ""search_parameters"": {""clf__C"": 0.14445251022763064, ""clf__class_weight"": null, ""prep"": ""word+meta""}}",word+meta,0.2836964925130208,0.021419023082780795,0.5569190184275309,0.019837922491343227,0.14445251022763064,,0.8347699296691734,0.8355999500928419,0.8322259478810602,0.8341986092143584,0.0014354506906298224,11,0.849843423969656,0.8485475385546861,0.8464816436162201,0.8482908687135208,0.0013843894783645385,0.8348958333333333,0.8359375,0.8322916666666667,0.834375,0.0015332918170708077,11,0.85,0.8486979166666667,0.8466145833333333,0.8484375000000001,0.0013943036809209385,0.8359197031751509,0.8387193650981204,0.8328131316863663,0.8358173999865458,0.0024122945833554717,11,0.8514659669890472,0.8500883364077,0.8478193645469564,0.8497912226479012,0.0015034703815643752,0.8348958333333334,0.8359375,0.8322916666666667,0.834375,0.0015332918170708203,11,0.8500000000000001,0.8486979166666666,0.8466145833333334,0.8484375000000001,0.0013943036809209246,0.903759765625,0.9016547309027778,0.9077582465277776,0.9043909143518518,0.002531401098563016,11,0.9158186848958334,0.9167423502604167,0.9143820529513889,0.9156476960358796,0.0009711432230185414
10,Regressão Logística,Random Search,"{""config"": ""word+char+meta"", ""estimator"": {""C"": 1.1462107403425035, ""class_weight"": ""balanced"", ""dual"": false, ""fit_intercept"": true, ""intercept_scaling"": 1, ""l1_ratio"": 0.0, ""max_iter"": 1000, ""n_jobs"": null, ""penalty"": ""deprecated"", ""random_state"": null, ""solver"": ""lbfgs"", ""tol"": 0.0001, ""verbose"": 0, ""warm_start"": false}, ""search_parameters"": {""clf__C"": 1.1462107403425035, ""clf__class_weight"": ""balanced"", ""prep"": ""word+char+meta""}}",word+char+meta,1.3673383394877117,0.16693248367879843,2.9600388209025064,0.09774366886831509,1.1462107403425035,balanced,0.9161146812604832,0.916086626876222,0.9249736235395256,0.9190583105587437,0.004182773601935689,2,0.9742152089978178,0.9752591935188852,0.9736949178844512,0.9743897734670514,0.0006504327434153029,0.9161458333333333,0.9161458333333333,0.925,0.9190972222222222,0.004173894194503951,2,0.97421875,0.9752604166666666,0.9736979166666667,0.9743923611111112,0.0006495932963148834,0.916764920981797,0.9173236314729396,0.9255984978876546,0.9198956834474638,0.0040389444790824005,2,0.9744793893129771,0.9753544198600472,0.9739140216662383,0.9745826102797542,0.0005925524815962475,0.9161458333333333,0.9161458333333333,0.925,0.9190972222222222,0.004173894194503951,2,0.97421875,0.9752604166666667,0.9736979166666666,0.9743923611111112,0.0006495932963149725,0.9697916666666666,0.9659841579861111,0.9734385850694444,0.9697381365740739,0.003043492499119245,2,0.9955533854166667,0.9952558051215278,0.9950949435763887,0.9953013780381944,0.0001899120819036972
11,Regressão Logística,Random Search,"{""config"": ""word+meta"", ""estimator"": {""C"": 0.028888383623653185, ""class_weight"": ""balanced"", ""dual"": false, ""fit_intercept"": true, ""intercept_scaling"": 1, ""l1_ratio"": 0.0, ""max_iter"": 1000, ""n_jobs"": null, ""penalty"": ""deprecated"", ""random_state"": null, ""solver"": ""lbfgs"", ""tol"": 0.0001, ""verbose"": 0, ""warm_start"": false}, ""search_parameters"": {""clf__C"": 0.028888383623653185, ""clf__class_weight"": ""balanced"", ""prep"": ""word+meta""}}",word+meta,0.17185473442077637,0.0032050645680383465,0.5108474095662435,0.028780278731866147,0.028888383623653185,balanced,0.8102552518635645,0.8153507108541225,0.8124479021950541,0.8126846216375805,0.002086935976013152,14,0.8173007100244005,0.8173113238759856,0.8136680232787383,0.8160933523930415,0.0017149721373783812,0.8104166666666667,0.815625,0.8125,0.8128472222222222,0.0021404215288086887,14,0.8174479166666667,0.8174479166666667,0.8138020833333334,0.8162326388888889,0.0017186623153839767,0.8114765521566442,0.8175116032327502,0.8128476084538376,0.8139452546144107,0.002583160943904147,14,0.8184743363689234,0.8184001632486481,0.8147077731024424,0.8171940909066713,0.0017583529377729488,0.8104166666666667,0.815625,0.8125,0.8128472222222222,0.0021404215288086887,14,0.8174479166666666,0.8174479166666667,0.8138020833333333,0.8162326388888888,0.001718662315384003,0.8837391493055555,0.8827235243055556,0.8886631944444445,0.8850419560185184,0.0025939544249669495,14,0.8902577039930555,0.8906906467013888,0.8878990342881945,0.8896157949942128,0.0012267328800439447
12,Regressão Logística,Random Search,"{""config"": ""word+char"", ""estimator"": {""C"": 0.19069966103000435, ""class_weight"": null, ""dual"": false, ""fit_intercept"": true, ""intercept_scaling"": 1, ""l1_ratio"": 0.0, ""max_iter"": 1000, ""n_jobs"": null, ""penalty"": ""deprecated"", ""random_state"": null, ""solver"": ""lbfgs"", ""tol"": 0.0001, ""verbose"": 0, ""warm_start"": false}, ""search_parameters"": {""clf__C"": 0.19069966103000435, ""clf__class_weight"": null, ""prep"": ""word+char""}}",word+char,0.632278045018514,0.05713190137531059,2.8873071670532227,0.04984325468796426,0.19069966103000435,,0.8864572245171665,0.895302247208996,0.8921746009654475,0.89131135756387,0.003662194103950995,6,0.9497394981206226,0.9408853164423904,0.9455724700431909,0.9453990948687346,0.0036167828716622626,0.8864583333333333,0.8953125,0.8921875,0.8913194444444444,0.0036664430697817283,6,0.9497395833333333,0.9408854166666667,0.9455729166666667,0.9453993055555555,0.003616782405555472,0.8864734299516908,0.8954674085660724,0.8923752576916688,0.8914386987364774,0.003731020399872821,7,0.9497426333457666,0.940888406632532,0.945587542342834,0.9454061941070443,0.0036169967338762444,0.8864583333333333,0.8953125,0.8921874999999999,0.8913194444444444,0.003666443069781719,6,0.9497395833333333,0.9408854166666667,0.9455729166666667,0.9453993055555555,0.003616782405555472,0.954351128472222,0.9612543402777777,0.9639539930555556,0.959853153935185,0.004043615908767928,5,0.9886821831597223,0.9875664605034722,0.9868467881944443,0.9876984772858796,0.0007550893954890047
13,Regressão Logística,Random Search,"{""config"": ""word+char+meta"", ""estimator"": {""C"": 0.009962513222055111, ""class_weight"": null, ""dual"": false, ""fit_intercept"": true, ""intercept_scaling"": 1, ""l1_ratio"": 0.0, ""max_iter"": 1000, ""n_jobs"": null, ""penalty"": ""deprecated"", ""random_state"": null, ""solver"": ""lbfgs"", ""tol"": 0.0001, ""verbose"": 0, ""warm_start"": false}, ""search_parameters"": {""clf__C"": 0.009962513222055111, ""clf__class_weight"": null, ""prep"": ""word+char+meta""}}",word+char+meta,0.43600018819173175,0.023040304423905537,2.914628187815348,0.014707716291276077,0.009962513222055111,,0.8102435056295947,0.8168615529103311,0.8114182269666727,0.8128410951688662,0.0028830600517651163,13,0.8172896980899327,0.8175640236254589,0.8141619896406875,0.8163385704520264,0.0015431443324322666,0.8104166666666667,0.8171875,0.8114583333333333,0.8130208333333333,0.002976810451298987,13,0.8174479166666667,0.8177083333333334,0.8143229166666667,0.8164930555555556,0.0015381983634261758,0.8115538924633754,0.8194617934317554,0.8117235147955726,0.8142464002302345,0.003688489990836191,13,0.8185513188450337,0.8187167731232938,0.815415456805542,0.8175611829246231,0.0015187602867973527,0.8104166666666666,0.8171875,0.8114583333333334,0.8130208333333333,0.002976810451299,13,0.8174479166666666,0.8177083333333333,0.8143229166666667,0.8164930555555555,0.0015381983634261236,0.8832703993055555,0.8839246961805556,0.8889930555555555,0.8853960503472221,0.002557454587637414,13,0.8899278428819445,0.8906515842013889,0.8876456705729168,0.8894083658854167,0.0012809557494047848
14,Regressão Logística,Random Search,"{""config"": ""word"", ""estimator"": {""C"": 0.9163741808778786, ""class_weight"": null, ""dual"": false, ""fit_intercept"": true, ""intercept_scaling"": 1, ""l1_ratio"": 0.0, ""max_iter"": 1000, ""n_jobs"": null, ""penalty"": ""deprecated"", ""random_state"": null, ""solver"": ""lbfgs"", ""tol"": 0.0001, ""verbose"": 0, ""warm_start"": false}, ""search_parameters"": {""clf__C"": 0.9163741808778786, ""clf__class_weight"": null, ""prep"": ""word""}}",word,0.23243212699890137,0.0458736895854602,0.517695426940918,0.040665761557388456,0.9163741808778786,,0.8859359838496117,0.8968659354826107,0.8926915663905819,0.8918311619076015,0.004503419632581017,5,0.9760415041877183,0.9716143504053005,0.976301503149593,0.9746524525808705,0.0021508833049000502,0.8859375,0.896875,0.8927083333333333,0.8918402777777777,0.004507206592273294,5,0.9760416666666667,0.9716145833333333,0.9763020833333333,0.9746527777777777,0.002150956891209039,0.8859580207715037,0.897014575436677,0.8929539295392954,0.8919755085824921,0.004566532670237924,6,0.9760545804736457,0.9716300638123159,0.9763487309819565,0.9746777917559727,0.0021584122782414006,0.8859375,0.896875,0.8927083333333333,0.8918402777777777,0.004507206592273294,5,0.9760416666666667,0.9716145833333334,0.9763020833333333,0.9746527777777777,0.002150956891208987,0.9535926649305557,0.9622970920138889,0.9633854166666667,0.9597583912037037,0.004382407861286759,6,0.9971872287326389,0.9958881293402778,0.9960392252604167,0.9963715277777778,0.0005800767363557012
15,Regressão Logística,Random Search,"{""config"": ""word"", ""estimator"": {""C"": 1.0907475835157696, ""class_weight"": null, ""dual"": false, ""fit_intercept"": true, ""intercept_scaling"": 1, ""l1_ratio"": 0.0, ""max_iter"": 1000, ""n_jobs"": null, ""penalty"": ""deprecated"", ""random_state"": null, ""solver"": ""lbfgs"", ""tol"": 0.0001, ""verbose"": 0, ""warm_start"": false}, ""search_parameters"": {""clf__C"": 1.0907475835157696, ""clf__class_weight"": null, ""prep"": ""word""}}",word,0.21831011772155762,0.004205250810273374,0.5027527014414469,0.032354834329894104,1.0907475835157696,,0.8864578405288217,0.8973895704897353,0.8947802495930548,0.8928758868705374,0.004661589715878045,4,0.9817707542133429,0.9789054932322808,0.9802079897220437,0.9802947457225558,0.0011713454016978031,0.8864583333333333,0.8973958333333333,0.8947916666666667,0.8928819444444445,0.004664940570327892,4,0.9817708333333334,0.97890625,0.9802083333333333,0.9802951388888889,0.0011710709690305832,0.8864650427958818,0.8974928774928774,0.8949630916196265,0.8929736706361285,0.004716752513700618,4,0.981779197555513,0.9789749831179659,0.9802416834502397,0.9803319547079061,0.0011465938914621279,0.8864583333333333,0.8973958333333333,0.8947916666666667,0.8928819444444445,0.004664940570327892,4,0.9817708333333334,0.97890625,0.9802083333333333,0.9802951388888889,0.0011710709690305832,0.9550813802083332,0.9633344184027779,0.9646907552083333,0.9610355179398148,0.004246467510501357,4,0.9980045572916667,0.9972230360243055,0.9970920138888889,0.9974398690682871,0.00040286167370454714
