feature,present,missing,zeros,unique,min,max,mean,median
tem_autor,7200,0,3601,2,0,1,0.49986111111111109,0
typeTokenRatio,7200,0,0,434,0.35897435897435898,0.92156862745098034,0.68131008577309549,0.68333333333333335
linkDensity,7200,0,7200,1,0,0,0,0
punctuationDensity,7200,0,1,364,0,0.47058823529411764,0.15676116302647525,0.15254237288135594
uppercaseRatio,7200,0,3156,134,0,0.41999999999999998,0.02139392419602696,0.02
diversidade,7200,0,0,300,0.54545454545454541,1,0.80812263836101994,0.8125
text_chars_raw,7200,0,0,4537,46,46084,3900.7977777777778,2187
text_chars_normalized,7200,0,0,4538,46,46084,3900.8377777777778,2187
text_chars_window,7200,0,0,85,46,300,298.16416666666669,300
tokens_all,7200,0,0,67,11,82,57.831249999999997,58
tokens_nonspace,7200,0,0,64,11,77,56.020138888888887,56
tokens_lexical,7200,0,0,51,9,64,48.611666666666665,49
punctuation_count_spacy,7200,0,3,25,0,24,7.4084722222222226,7
punctuationDensity_spacy,7200,0,3,303,0,0.40000000000000002,0.13058645929452725,0.12727272727272726
tokens_complete_lexical,7200,0,126,60,0,60,36.982500000000002,39
text_chars_complete_kept,7200,0,18,271,0,300,229.73083333333332,246
POS_ADJ_count,7200,0,851,13,0,12,2.3759722222222224,2
POS_ADJ_rate,7200,0,851,151,0,0.23999999999999999,0.049194507793523183,0.041666666666666664
POS_ADV_count,7200,0,2155,11,0,10,1.4097222222222223,1
POS_ADV_rate,7200,0,2155,132,0,0.20000000000000001,0.028711981464976142,0.021276595744680851
POS_NOUN_count,7200,0,1,21,0,20,11.065555555555555,11
POS_NOUN_rate,7200,0,1,269,0,0.45238095238095238,0.22832921103288117,0.22448979591836735
POS_PROPN_count,7200,0,76,26,0,26,7.9115277777777777,8
POS_PROPN_rate,7200,0,76,341,0,0.60465116279069764,0.16350420537568533,0.15909090909090909
POS_VERB_count,7200,0,3,16,0,15,6.0991666666666671,6
POS_VERB_rate,7200,0,3,219,0,0.33333333333333331,0.12593312253943933,0.12244897959183673
POS_PRON_count,7200,0,2339,12,0,12,1.3147222222222221,1
POS_PRON_rate,7200,0,2339,131,0,0.21052631578947367,0.026755028048772691,0.020833333333333332
DEP_nsubj_count,7200,0,58,11,0,10,3.5647222222222221,3.5
DEP_nsubj_rate,7200,0,58,159,0,0.20000000000000001,0.073502268236005211,0.072727272727272724
DEP_complete_nsubj_count,7200,0,275,10,0,9,2.8436111111111111,3
DEP_complete_nsubj_rate,7074,126,149,183,0,0.42857142857142855,0.078350127411191517,0.076923076923076927
DEP_obj_count,7200,0,240,10,0,9,2.9779166666666668,3
DEP_obj_rate,7200,0,240,154,0,0.20000000000000001,0.061589278278519052,0.061224489795918366
DEP_complete_obj_count,7200,0,582,9,0,8,2.4272222222222224,2
DEP_complete_obj_rate,7074,126,456,181,0,0.2857142857142857,0.066864599929056773,0.064516129032258063
DEP_amod_count,7200,0,1185,11,0,10,1.9824999999999999,2
DEP_amod_rate,7200,0,1185,142,0,0.20833333333333334,0.04113480307098024,0.039215686274509803
DEP_complete_amod_count,7200,0,1813,10,0,10,1.5587500000000001,1
DEP_complete_amod_rate,7074,126,1687,166,0,0.375,0.042928721428356811,0.037037037037037035
DEP_advmod_count,7200,0,2375,10,0,9,1.2916666666666667,1
DEP_advmod_rate,7200,0,2375,125,0,0.17999999999999999,0.026298889548631691,0.020833333333333332
DEP_complete_advmod_count,7200,0,3013,8,0,7,1.0026388888888889,1
DEP_complete_advmod_rate,7074,126,2887,144,0,0.21052631578947367,0.026608734321190156,0.022727272727272728
DEP_ccomp_count,7200,0,4252,6,0,5,0.57972222222222225,0
DEP_ccomp_rate,7200,0,4252,78,0,0.096153846153846159,0.011926809975023343,0
DEP_complete_ccomp_count,7200,0,4724,6,0,5,0.46291666666666664,0
DEP_complete_ccomp_rate,7074,126,4598,94,0,0.125,0.012520811588791427,0
DEP_advcl_count,7200,0,4224,5,0,4,0.53749999999999998,0
DEP_advcl_rate,7200,0,4224,70,0,0.090909090909090912,0.0110469918310301,0
DEP_complete_advcl_count,7200,0,4757,5,0,4,0.42041666666666666,0
DEP_complete_advcl_rate,7074,126,4631,86,0,0.14285714285714285,0.011195704059652752,0
