display_id,removed_item,remaining_items,remaining_occurrences,remaining_fake_pct,remaining_true_pct,full_fake_pct,fake_purity_gain_pp
R01,DEP_advmod_rate_baixo,"[""POS_ADV_rate_baixo"", ""POS_VERB_rate_baixo""]",128.0,20.3125,79.6875,19.047619047619047,-1.2648809523809526
R01,POS_ADV_rate_baixo,"[""DEP_advmod_rate_baixo"", ""POS_VERB_rate_baixo""]",144.0,18.75,81.25,19.047619047619047,0.29761904761904745
R01,POS_VERB_rate_baixo,"[""DEP_advmod_rate_baixo"", ""POS_ADV_rate_baixo""]",416.0,35.81730769230769,64.1826923076923,19.047619047619047,-16.769688644688646
R02,DEP_advmod_rate_baixo,"[""POS_ADV_rate_baixo"", ""POS_NOUN_rate_alto""]",148.0,22.2972972972973,77.7027027027027,20.97902097902098,-1.3182763182763182
R02,POS_ADV_rate_baixo,"[""DEP_advmod_rate_baixo"", ""POS_NOUN_rate_alto""]",159.0,20.754716981132077,79.24528301886792,20.97902097902098,0.22430399788890298
R02,POS_NOUN_rate_alto,"[""DEP_advmod_rate_baixo"", ""POS_ADV_rate_baixo""]",416.0,35.81730769230769,64.1826923076923,20.97902097902098,-14.838286713286713
R03,DEP_advmod_rate_baixo,"[""DEP_ccomp_rate_baixo"", ""POS_VERB_rate_baixo""]",281.0,31.316725978647685,68.68327402135232,16.23931623931624,-15.077409739331447
R03,DEP_ccomp_rate_baixo,"[""DEP_advmod_rate_baixo"", ""POS_VERB_rate_baixo""]",144.0,18.75,81.25,16.23931623931624,-2.5106837606837615
R03,POS_VERB_rate_baixo,"[""DEP_advmod_rate_baixo"", ""DEP_ccomp_rate_baixo""]",290.0,34.13793103448276,65.86206896551724,16.23931623931624,-17.898614795166523
R04,DEP_ccomp_rate_baixo,"[""POS_VERB_rate_baixo""]",350.0,32.857142857142854,67.14285714285714,31.316725978647685,-1.5404168784951686
R04,POS_VERB_rate_baixo,"[""DEP_ccomp_rate_baixo""]",849.0,48.99882214369847,51.001177856301524,31.316725978647685,-17.682096165050783
R05,POS_NOUN_rate_alto,"[""uppercaseRatio_baixo""]",629.0,50.23847376788553,49.76152623211447,26.373626373626376,-23.864847394259154
R05,uppercaseRatio_baixo,"[""POS_NOUN_rate_alto""]",357.0,29.411764705882355,70.58823529411765,26.373626373626376,-3.038138332255979
R06,DEP_advcl_rate_baixo,"[""POS_NOUN_rate_alto""]",357.0,29.411764705882355,70.58823529411765,28.125,-1.286764705882355
R06,POS_NOUN_rate_alto,"[""DEP_advcl_rate_baixo""]",833.0,46.33853541416567,53.66146458583433,28.125,-18.21353541416567
R07,DEP_advcl_rate_baixo,"[""POS_PRON_rate_baixo"", ""POS_VERB_rate_baixo""]",148.0,25.0,75.0,22.807017543859647,-2.192982456140353
R07,POS_PRON_rate_baixo,"[""DEP_advcl_rate_baixo"", ""POS_VERB_rate_baixo""]",272.0,31.61764705882353,68.38235294117648,22.807017543859647,-8.810629514963882
R07,POS_VERB_rate_baixo,"[""DEP_advcl_rate_baixo"", ""POS_PRON_rate_baixo""]",285.0,37.54385964912281,62.4561403508772,22.807017543859647,-14.736842105263161
R08,DEP_advmod_rate_baixo,"[""POS_ADV_rate_baixo"", ""punctuationDensity_spacy_baixo""]",119.0,20.168067226890756,79.83193277310924,20.175438596491226,0.007371369600470246
R08,POS_ADV_rate_baixo,"[""DEP_advmod_rate_baixo"", ""punctuationDensity_spacy_baixo""]",129.0,20.930232558139537,79.06976744186046,20.175438596491226,-0.7547939616483106
R08,punctuationDensity_spacy_baixo,"[""DEP_advmod_rate_baixo"", ""POS_ADV_rate_baixo""]",416.0,35.81730769230769,64.1826923076923,20.175438596491226,-15.641869095816467
R09,DEP_advcl_rate_baixo,"[""POS_VERB_rate_baixo""]",350.0,32.857142857142854,67.14285714285714,31.61764705882353,-1.239495798319325
R09,POS_VERB_rate_baixo,"[""DEP_advcl_rate_baixo""]",833.0,46.33853541416567,53.66146458583433,31.61764705882353,-14.72088835534214
R10,DEP_advcl_rate_baixo,"[""DEP_advmod_rate_baixo"", ""POS_VERB_rate_baixo""]",144.0,18.75,81.25,17.391304347826086,-1.358695652173914
R10,DEP_advmod_rate_baixo,"[""DEP_advcl_rate_baixo"", ""POS_VERB_rate_baixo""]",272.0,31.61764705882353,68.38235294117648,17.391304347826086,-14.226342710997443
R10,POS_VERB_rate_baixo,"[""DEP_advcl_rate_baixo"", ""DEP_advmod_rate_baixo""]",295.0,32.88135593220339,67.11864406779661,17.391304347826086,-15.490051584377305
R11,DEP_ccomp_rate_baixo,"[""POS_NOUN_rate_alto""]",357.0,29.411764705882355,70.58823529411765,31.380753138075313,1.9689884321929583
R11,POS_NOUN_rate_alto,"[""DEP_ccomp_rate_baixo""]",849.0,48.99882214369847,51.001177856301524,31.380753138075313,-17.618069005623155
R12,DEP_ccomp_rate_baixo,"[""DEP_nsubj_rate_baixo"", ""POS_VERB_rate_baixo""]",165.0,25.454545454545453,74.54545454545455,26.666666666666668,1.2121212121212146
R12,DEP_nsubj_rate_baixo,"[""DEP_ccomp_rate_baixo"", ""POS_VERB_rate_baixo""]",281.0,31.316725978647685,68.68327402135232,26.666666666666668,-4.650059311981018
R12,POS_VERB_rate_baixo,"[""DEP_ccomp_rate_baixo"", ""DEP_nsubj_rate_baixo""]",294.0,38.775510204081634,61.224489795918366,26.666666666666668,-12.108843537414966
R13,DEP_advmod_rate_baixo,"[""POS_ADV_rate_baixo""]",434.0,37.096774193548384,62.903225806451616,35.81730769230769,-1.279466501240691
R13,POS_ADV_rate_baixo,"[""DEP_advmod_rate_baixo""]",479.0,36.11691022964509,63.88308977035491,35.81730769230769,-0.2996025373373996
R14,DEP_ccomp_rate_baixo,"[""POS_PRON_rate_baixo"", ""POS_VERB_rate_baixo""]",148.0,25.0,75.0,25.210084033613445,0.21008403361344463
R14,POS_PRON_rate_baixo,"[""DEP_ccomp_rate_baixo"", ""POS_VERB_rate_baixo""]",281.0,31.316725978647685,68.68327402135232,25.210084033613445,-6.106641945034241
R14,POS_VERB_rate_baixo,"[""DEP_ccomp_rate_baixo"", ""POS_PRON_rate_baixo""]",281.0,40.92526690391459,59.07473309608541,25.210084033613445,-15.715182870301145
R15,DEP_advcl_rate_baixo,"[""DEP_advmod_rate_baixo""]",479.0,36.11691022964509,63.88308977035491,32.88135593220339,-3.235554297441702
R15,DEP_advmod_rate_baixo,"[""DEP_advcl_rate_baixo""]",833.0,46.33853541416567,53.66146458583433,32.88135593220339,-13.457179481962278
R16,DEP_ccomp_rate_baixo,"[""POS_NOUN_rate_alto"", ""uppercaseRatio_baixo""]",182.0,26.373626373626376,73.62637362637363,25.984251968503933,-0.38937440512244237
R16,POS_NOUN_rate_alto,"[""DEP_ccomp_rate_baixo"", ""uppercaseRatio_baixo""]",385.0,46.23376623376623,53.76623376623376,25.984251968503933,-20.2495142652623
R16,uppercaseRatio_baixo,"[""DEP_ccomp_rate_baixo"", ""POS_NOUN_rate_alto""]",239.0,31.380753138075313,68.6192468619247,25.984251968503933,-5.39650116957138
R17,DEP_advmod_rate_baixo,"[""DEP_ccomp_rate_baixo"", ""POS_ADV_rate_baixo""]",264.0,34.46969696969697,65.53030303030303,32.93650793650794,-1.533189033189032
R17,DEP_ccomp_rate_baixo,"[""DEP_advmod_rate_baixo"", ""POS_ADV_rate_baixo""]",416.0,35.81730769230769,64.1826923076923,32.93650793650794,-2.8807997557997567
R17,POS_ADV_rate_baixo,"[""DEP_advmod_rate_baixo"", ""DEP_ccomp_rate_baixo""]",290.0,34.13793103448276,65.86206896551724,32.93650793650794,-1.2014230979748248
R18,POS_NOUN_rate_alto,"[""POS_PROPN_rate_baixo""]",344.0,45.93023255813954,54.06976744186046,28.930817610062892,-16.999414948076645
R18,POS_PROPN_rate_baixo,"[""POS_NOUN_rate_alto""]",357.0,29.411764705882355,70.58823529411765,28.930817610062892,-0.48094709581946304
R19,POS_NOUN_rate_alto,"[""POS_PROPN_rate_baixo"", ""uppercaseRatio_baixo""]",237.0,43.037974683544306,56.9620253164557,25.892857142857146,-17.14511754068716
R19,POS_PROPN_rate_baixo,"[""POS_NOUN_rate_alto"", ""uppercaseRatio_baixo""]",182.0,26.373626373626376,73.62637362637363,25.892857142857146,-0.48076923076922995
R19,uppercaseRatio_baixo,"[""POS_NOUN_rate_alto"", ""POS_PROPN_rate_baixo""]",159.0,28.930817610062892,71.0691823899371,25.892857142857146,-3.037960467205746
R20,DEP_ccomp_rate_baixo,"[""DEP_obj_rate_baixo"", ""POS_VERB_rate_baixo""]",161.0,32.91925465838509,67.08074534161491,28.225806451612907,-4.693448206772185
R20,DEP_obj_rate_baixo,"[""DEP_ccomp_rate_baixo"", ""POS_VERB_rate_baixo""]",281.0,31.316725978647685,68.68327402135232,28.225806451612907,-3.090919527034778
R20,POS_VERB_rate_baixo,"[""DEP_ccomp_rate_baixo"", ""DEP_obj_rate_baixo""]",213.0,42.25352112676056,57.74647887323944,28.225806451612907,-14.027714675147653
R21,DEP_advmod_rate_alto,"[""POS_ADV_rate_alto"", ""punctuationDensity_spacy_alto""]",119.0,91.59663865546219,8.403361344537815,91.50943396226415,-0.08720469319803215
R21,POS_ADV_rate_alto,"[""DEP_advmod_rate_alto"", ""punctuationDensity_spacy_alto""]",115.0,92.17391304347827,7.82608695652174,91.50943396226415,-0.664479081214111
R21,punctuationDensity_spacy_alto,"[""DEP_advmod_rate_alto"", ""POS_ADV_rate_alto""]",331.0,62.2356495468278,37.764350453172206,91.50943396226415,29.273784415436353
R22,DEP_advmod_rate_alto,"[""POS_ADV_rate_alto""]",372.0,61.82795698924731,38.17204301075269,62.2356495468278,0.4076925575804893
R22,POS_ADV_rate_alto,"[""DEP_advmod_rate_alto""]",366.0,63.114754098360656,36.885245901639344,62.2356495468278,-0.8791045515328548
R23,DEP_advmod_rate_alto,"[""POS_ADV_rate_alto"", ""POS_NOUN_rate_baixo""]",121.0,74.3801652892562,25.6198347107438,74.03846153846155,-0.3417037507946503
R23,POS_ADV_rate_alto,"[""DEP_advmod_rate_alto"", ""POS_NOUN_rate_baixo""]",115.0,73.04347826086956,26.956521739130434,74.03846153846155,0.9949832775919845
R23,POS_NOUN_rate_baixo,"[""DEP_advmod_rate_alto"", ""POS_ADV_rate_alto""]",331.0,62.2356495468278,37.764350453172206,74.03846153846155,11.802811991633746
R24,DEP_advmod_rate_alto,"[""POS_ADV_rate_alto"", ""POS_PRON_rate_alto""]",132.0,69.6969696969697,30.303030303030305,69.6,-0.09696969696970825
R24,POS_ADV_rate_alto,"[""DEP_advmod_rate_alto"", ""POS_PRON_rate_alto""]",139.0,71.94244604316546,28.05755395683453,69.6,-2.3424460431654666
R24,POS_PRON_rate_alto,"[""DEP_advmod_rate_alto"", ""POS_ADV_rate_alto""]",331.0,62.2356495468278,37.764350453172206,69.6,7.364350453172193
R25,POS_PRON_rate_alto,"[""uppercaseRatio_baixo""]",629.0,50.23847376788553,49.76152623211447,62.37623762376238,12.137763855876848
R25,uppercaseRatio_baixo,"[""POS_PRON_rate_alto""]",372.0,61.02150537634409,38.97849462365591,62.37623762376238,1.3547322474182906
