variant,rule_id,pattern_id,antecedents,consequents,features,train_occurrences,train_antecedent_occurrences,train_consequent_occurrences,train_support,train_antecedent_support,train_consequent_support,train_confidence,train_lift,train_jaccard,train_passes_filters,test_occurrences,test_antecedent_occurrences,test_consequent_occurrences,test_support,test_antecedent_support,test_consequent_support,test_confidence,test_lift,test_jaccard,test_passes_filters,validation_occurrences,validation_antecedent_occurrences,validation_consequent_occurrences,validation_support,validation_antecedent_support,validation_consequent_support,validation_confidence,validation_lift,validation_jaccard,validation_passes_filters,validation_confidence_ci_low,validation_confidence_ci_high,validation_confidence_bootstrap_valid_repetitions,validation_lift_ci_low,validation_lift_ci_high,validation_lift_bootstrap_valid_repetitions,validation_bootstrap_pass_fraction
corrected_pos,ad056bd1509b,23e40fe6924d,"[""POS_NOUN_rate_alto"", ""uppercaseRatio_baixo""]","[""POS_PROPN_rate_baixo""]","[""POS_NOUN_rate_alto"", ""POS_PROPN_rate_baixo"", ""uppercaseRatio_baixo""]",363,576,1088,0.084027777777777785,0.13333333333333333,0.25185185185185183,0.63020833333333337,2.5022977941176472,0.27901614142966946,True,115,178,359,0.079861111111111105,0.12361111111111112,0.24930555555555556,0.6460674157303371,2.5914681856592909,0.27251184834123221,False,112,182,344,0.077777777777777779,0.12638888888888888,0.2388888888888889,0.61538461538461542,2.5760286225402504,0.27053140096618356,False,0.54849407550289342,0.66941906580493538,100,2.3256205724262435,2.8489763670587891,100,0.35999999999999999
corrected_pos,1a7ef3000b3a,3827d0dd8fe9,"[""POS_PROPN_rate_baixo""]","[""POS_NOUN_rate_alto""]","[""POS_NOUN_rate_alto"", ""POS_PROPN_rate_baixo""]",556,1088,1092,0.12870370370370371,0.25185185185185183,0.25277777777777777,0.51102941176470584,2.0216548157724628,0.34236453201970446,True,173,359,333,0.12013888888888889,0.24930555555555556,0.23125000000000001,0.48189415041782729,2.0838665964014154,0.33333333333333331,False,159,344,357,0.11041666666666666,0.2388888888888889,0.24791666666666667,0.46220930232558138,1.8643736564393198,0.29335793357933582,False,0.40315692181295359,0.50747036859413541,100,1.7117239325376461,2.0437424500603996,100,0.050000000000000003
corrected_pos,f5e829055ee4,3827d0dd8fe9,"[""POS_NOUN_rate_alto""]","[""POS_PROPN_rate_baixo""]","[""POS_NOUN_rate_alto"", ""POS_PROPN_rate_baixo""]",556,1092,1088,0.12870370370370371,0.25277777777777777,0.25185185185185183,0.50915750915750912,2.0216548157724628,0.34236453201970446,True,173,333,359,0.12013888888888889,0.23125000000000001,0.24930555555555556,0.51951951951951947,2.0838665964014154,0.33333333333333331,True,159,357,344,0.11041666666666666,0.24791666666666667,0.2388888888888889,0.44537815126050423,1.8643736564393198,0.29335793357933582,False,0.39349455040871933,0.4917818861466402,100,1.7117239325376461,2.0437424500603996,100,0
corrected_pos,4c2d6bec5732,23e40fe6924d,"[""POS_PROPN_rate_baixo"", ""uppercaseRatio_baixo""]","[""POS_NOUN_rate_alto""]","[""POS_NOUN_rate_alto"", ""POS_PROPN_rate_baixo"", ""uppercaseRatio_baixo""]",363,713,1092,0.084027777777777785,0.1650462962962963,0.25277777777777777,0.50911640953716686,2.0140868948723085,0.25173370319001387,True,115,227,333,0.079861111111111105,0.15763888888888888,0.23125000000000001,0.50660792951541855,2.1907369924991071,0.25842696629213485,False,112,237,357,0.077777777777777779,0.16458333333333333,0.24791666666666667,0.47257383966244726,1.906180193596426,0.23236514522821577,False,0.405391064727955,0.52219085705324242,100,1.7317401023847732,2.1048500071681921,100,0.12
corrected_pos,58f2585b6892,955c07a3d79c,"[""POS_PROPN_rate_baixo""]","[""uppercaseRatio_baixo""]","[""POS_PROPN_rate_baixo"", ""uppercaseRatio_baixo""]",713,1088,1882,0.1650462962962963,0.25185185185185183,0.43564814814814817,0.65533088235294112,1.5042664249546791,0.31590607000443066,True,227,359,645,0.15763888888888888,0.24930555555555556,0.44791666666666669,0.63231197771587744,1.4116732525749822,0.29214929214929214,True,237,344,629,0.16458333333333333,0.2388888888888889,0.43680555555555556,0.68895348837209303,1.5772544089917551,0.32201086956521741,True,0.6430555555555556,0.73242052250550826,100,1.4784081603222592,1.6819384511174147,100,1
corrected_pos,d22dba7f65e2,23e40fe6924d,"[""POS_NOUN_rate_alto"", ""POS_PROPN_rate_baixo""]","[""uppercaseRatio_baixo""]","[""POS_NOUN_rate_alto"", ""POS_PROPN_rate_baixo"", ""uppercaseRatio_baixo""]",363,556,1882,0.084027777777777785,0.12870370370370371,0.43564814814814817,0.65287769784172667,1.4986353106675128,0.17493975903614459,True,115,173,645,0.079861111111111105,0.12013888888888889,0.44791666666666669,0.66473988439306353,1.4840704395752118,0.16358463726884778,False,112,159,629,0.077777777777777779,0.11041666666666666,0.43680555555555556,0.70440251572327039,1.6126226115127336,0.16568047337278108,False,0.64962614308768152,0.77578616352201257,100,1.4694385616163432,1.7846537137906935,100,0.35999999999999999
corrected_pos,3583c1292032,aaea6e78e590,"[""POS_PRON_rate_alto""]","[""uppercaseRatio_baixo""]","[""POS_PRON_rate_alto"", ""uppercaseRatio_baixo""]",631,1163,1882,0.14606481481481481,0.26921296296296299,0.43564814814814817,0.54256233877901983,1.2454140826383451,0.26139188069594033,True,209,406,645,0.1451388888888889,0.28194444444444444,0.44791666666666669,0.51477832512315269,1.1492725398098294,0.24821852731591448,True,202,372,629,0.14027777777777778,0.25833333333333336,0.43680555555555556,0.543010752688172,1.2431406738807118,0.25281602002503129,True,0.49965282915178288,0.58524873076723827,100,1.1521874015569726,1.3275778843136832,100,0.96999999999999997
corrected_pos,692298c7e196,db6f966588f8,"[""POS_NOUN_rate_alto""]","[""uppercaseRatio_baixo""]","[""POS_NOUN_rate_alto"", ""uppercaseRatio_baixo""]",576,1092,1882,0.13333333333333333,0.25277777777777777,0.43564814814814817,0.52747252747252749,1.2107764711377889,0.24020016680567138,True,178,333,645,0.12361111111111112,0.23125000000000001,0.44791666666666669,0.53453453453453459,1.1933794259375654,0.2225,True,182,357,629,0.12638888888888888,0.24791666666666667,0.43680555555555556,0.50980392156862742,1.1671186757691947,0.2263681592039801,True,0.47099999999999997,0.55997101449275355,100,1.0818182199890285,1.2626780505246902,100,0.72999999999999998
corrected_pos,46440f577adc,64748c9e68b0,"[""POS_ADJ_rate_alto""]","[""uppercaseRatio_baixo""]","[""POS_ADJ_rate_alto"", ""uppercaseRatio_baixo""]",568,1089,1882,0.13148148148148148,0.25208333333333333,0.43564814814814817,0.52157943067033974,1.1972492776279851,0.2363712026633375,True,181,362,645,0.12569444444444444,0.25138888888888888,0.44791666666666669,0.5,1.1162790697674418,0.21912832929782083,True,187,350,629,0.12986111111111112,0.24305555555555555,0.43680555555555556,0.53428571428571425,1.2231660231660231,0.2361111111111111,True,0.48572686887254901,0.57793287566742946,100,1.1291675411115403,1.3329943788789917,100,0.89000000000000001
corrected_pos,d4448b7c5c68,728cda3555ce,"[""POS_ADV_rate_alto""]","[""uppercaseRatio_baixo""]","[""POS_ADV_rate_alto"", ""uppercaseRatio_baixo""]",593,1181,1882,0.13726851851851851,0.27337962962962964,0.43564814814814817,0.50211685012701102,1.1525742787187501,0.24008097165991904,True,205,383,645,0.1423611111111111,0.26597222222222222,0.44791666666666669,0.53524804177545693,1.1949723723359038,0.24908869987849333,True,204,372,629,0.14166666666666666,0.25833333333333336,0.43680555555555556,0.54838709677419351,1.2554489973844813,0.25595984943538269,True,0.50276469623485853,0.61196391714580567,100,1.1575408701445975,1.3482016917709607,100,0.98999999999999999
