antecedents,consequents,antecedent support,consequent support,support,confidence,lift,representativity,leverage,conviction,zhangs_metric,jaccard,certainty,kulczynski,passes_filters,features,itemset_size,rule_size,pattern_id,rule_id
"[""com_autor"", ""diversidade_alto""]","[""typeTokenRatio_alto""]",0.14976851851851852,0.25231481481481483,0.11296296296296296,0.75425038639876352,2.9893226323327138,1,0.075174146947873791,3.0424673887724198,0.78269985226709748,0.39071257005604476,0.67131940224230913,0.60097840420855608,True,"[""com_autor"", ""diversidade_alto"", ""typeTokenRatio_alto""]",3,3,b39ecda11b8f,271127b8c4d9
"[""typeTokenRatio_alto""]","[""com_autor"", ""diversidade_alto""]",0.25231481481481483,0.14976851851851852,0.11296296296296296,0.44770642201834859,2.9893226323327138,1,0.075174146947873791,1.5394556724498587,0.89004846977617624,0.39071257005604476,0.35041975037279222,0.60097840420855608,False,"[""com_autor"", ""diversidade_alto"", ""typeTokenRatio_alto""]",3,3,b39ecda11b8f,fd2c0c5fa7b8
"[""diversidade_baixo"", ""sem_autor""]","[""typeTokenRatio_baixo""]",0.15254629629629629,0.25393518518518521,0.10787037037037037,0.70713201820940819,2.7846949121829017,1,0.069133498371056229,2.5474441086163884,0.75625869711247062,0.36124031007751933,0.6074496800076461,0.56596345668902492,True,"[""diversidade_baixo"", ""sem_autor"", ""typeTokenRatio_baixo""]",3,3,de1589a78e87,80e4bcc39fb5
"[""typeTokenRatio_baixo""]","[""diversidade_baixo"", ""sem_autor""]",0.25393518518518521,0.15254629629629629,0.10787037037037037,0.42479489516864172,2.7846949121829017,1,0.069133498371056229,1.4733069936021601,0.85903291657733638,0.36124031007751933,0.32125483396026555,0.56596345668902492,False,"[""diversidade_baixo"", ""sem_autor"", ""typeTokenRatio_baixo""]",3,3,de1589a78e87,e94ffcaf428b
"[""diversidade_baixo""]","[""typeTokenRatio_baixo""]",0.25162037037037038,0.25393518518518521,0.17199074074074075,0.68353265869365221,2.6917603332329785,1,0.10809547539437586,2.3574780630921617,0.83980893536082091,0.51561415683553091,0.57581789809388073,0.68041719534500289,True,"[""diversidade_baixo"", ""typeTokenRatio_baixo""]",2,2,60f27e4b6463,bc00c336bc9e
"[""typeTokenRatio_baixo""]","[""diversidade_baixo""]",0.25393518518518521,0.25162037037037038,0.17199074074074075,0.67730173199635368,2.6917603332329785,1,0.10809547539437586,2.3191312251517053,0.84241460999737328,0.51561415683553091,0.56880404646589788,0.68041719534500289,True,"[""diversidade_baixo"", ""typeTokenRatio_baixo""]",2,2,60f27e4b6463,2dc09b45b87d
"[""sem_autor"", ""typeTokenRatio_baixo""]","[""diversidade_baixo""]",0.1648148148148148,0.25162037037037038,0.10787037037037037,0.6544943820224719,2.6011184271730254,1,0.066399605624142655,2.1660418548629932,0.73702216343271498,0.34958739684921231,0.53832840406343285,0.5415986169541982,True,"[""diversidade_baixo"", ""sem_autor"", ""typeTokenRatio_baixo""]",3,3,de1589a78e87,754675d9fdff
"[""diversidade_baixo""]","[""sem_autor"", ""typeTokenRatio_baixo""]",0.25162037037037038,0.1648148148148148,0.10787037037037037,0.42870285188592455,2.6011184271730254,1,0.066399605624142655,1.4619102999940361,0.82251035127288452,0.34958739684921231,0.3159635033667389,0.5415986169541982,False,"[""diversidade_baixo"", ""sem_autor"", ""typeTokenRatio_baixo""]",3,3,de1589a78e87,bb93be8fa303
"[""typeTokenRatio_alto""]","[""diversidade_alto""]",0.25231481481481483,0.25694444444444442,0.16574074074074074,0.65688073394495416,2.5565088023803626,1,0.10090985082304528,2.1655897207367798,0.81430202189667411,0.48247978436657679,0.53823201577638691,0.6509628894949997,True,"[""diversidade_alto"", ""typeTokenRatio_alto""]",2,2,e4ace79c89fb,5dd94bd9c2dc
"[""diversidade_alto""]","[""typeTokenRatio_alto""]",0.25694444444444442,0.25231481481481483,0.16574074074074074,0.64504504504504512,2.5565088023803622,1,0.10090985082304528,2.1064227298364355,0.81937555474338231,0.48247978436657679,0.52526148439461151,0.6509628894949997,True,"[""diversidade_alto"", ""typeTokenRatio_alto""]",2,2,e4ace79c89fb,cd67313f811e
"[""com_autor"", ""typeTokenRatio_alto""]","[""diversidade_alto""]",0.17222222222222222,0.25694444444444442,0.11296296296296296,0.65591397849462363,2.5527462946817785,1,0.068711419753086422,2.159505208333333,0.73481681153042155,0.35724743777452422,0.53693096171239074,0.54777680906713166,True,"[""com_autor"", ""diversidade_alto"", ""typeTokenRatio_alto""]",3,3,b39ecda11b8f,78065887dfd7
"[""diversidade_alto""]","[""com_autor"", ""typeTokenRatio_alto""]",0.25694444444444442,0.17222222222222222,0.11296296296296296,0.43963963963963965,2.5527462946817785,1,0.068711419753086422,1.4772240085744908,0.8185996629385629,0.35724743777452422,0.32305459822238347,0.54777680906713166,False,"[""com_autor"", ""diversidade_alto"", ""typeTokenRatio_alto""]",3,3,b39ecda11b8f,27d124254471
"[""typeTokenRatio_alto""]","[""com_autor"", ""punctuationDensity_baixo""]",0.25231481481481483,0.15625,0.096759259259259253,0.38348623853211006,2.4543119266055045,1,0.057335069444444435,1.3685825892857142,0.79251781296754409,0.31031922791388267,0.26931702344546377,0.50137274889568462,False,"[""com_autor"", ""punctuationDensity_baixo"", ""typeTokenRatio_alto""]",3,3,4eb4b330463b,86d6b20fbdd8
"[""com_autor"", ""punctuationDensity_baixo""]","[""typeTokenRatio_alto""]",0.15625,0.25231481481481483,0.096759259259259253,0.61925925925925918,2.454311926605504,1,0.057335069444444435,1.9637645914396882,0.70228601807549174,0.31031922791388267,0.49077399380804948,0.50137274889568462,True,"[""com_autor"", ""punctuationDensity_baixo"", ""typeTokenRatio_alto""]",3,3,4eb4b330463b,63269984800b
"[""sem_autor"", ""typeTokenRatio_baixo""]","[""punctuationDensity_alto""]",0.1648148148148148,0.25509259259259259,0.098379629629629636,0.5969101123595506,2.3399743061644815,1,0.056336591220850489,1.8479932894567042,0.68565018912221209,0.3059755219582434,0.45887249390716556,0.49128627215073717,True,"[""punctuationDensity_alto"", ""sem_autor"", ""typeTokenRatio_baixo""]",3,3,3c0f9975805b,e822fb5b7b83
"[""punctuationDensity_alto""]","[""sem_autor"", ""typeTokenRatio_baixo""]",0.25509259259259259,0.1648148148148148,0.098379629629629636,0.38566243194192379,2.3399743061644815,1,0.056336591220850489,1.3594890311286176,0.76874638979271026,0.3059755219582434,0.26442951939831227,0.49128627215073717,False,"[""punctuationDensity_alto"", ""sem_autor"", ""typeTokenRatio_baixo""]",3,3,3c0f9975805b,c2dc6fbc5d84
"[""punctuationDensity_alto"", ""sem_autor""]","[""typeTokenRatio_baixo""]",0.16967592592592592,0.25393518518518521,0.098379629629629636,0.57980900409276948,2.2832952576852907,1,0.055292941958161868,1.7755373677248678,0.6768881090211385,0.30249110320284694,0.43679022577746324,0.48361462055139837,True,"[""punctuationDensity_alto"", ""sem_autor"", ""typeTokenRatio_baixo""]",3,3,3c0f9975805b,f1ac2df387b4
"[""typeTokenRatio_baixo""]","[""punctuationDensity_alto"", ""sem_autor""]",0.25393518518518521,0.16967592592592592,0.098379629629629636,0.38742023701002731,2.2832952576852907,1,0.055292941958161868,1.3554546268738974,0.75333467175266011,0.30249110320284694,0.26224015162623865,0.48361462055139837,False,"[""punctuationDensity_alto"", ""sem_autor"", ""typeTokenRatio_baixo""]",3,3,3c0f9975805b,00f91d45b038
"[""com_autor"", ""typeTokenRatio_alto""]","[""punctuationDensity_baixo""]",0.17222222222222222,0.25324074074074077,0.096759259259259253,0.56182795698924726,2.2185528100489469,1,0.05314557613168723,1.7042603953646895,0.6635303940143219,0.29436619718309853,0.41323520588764667,0.47195602602661629,True,"[""com_autor"", ""punctuationDensity_baixo"", ""typeTokenRatio_alto""]",3,3,4eb4b330463b,378c5cc8282c
"[""punctuationDensity_baixo""]","[""com_autor"", ""typeTokenRatio_alto""]",0.25324074074074077,0.17222222222222222,0.096759259259259253,0.38208409506398533,2.2185528100489469,1,0.05314557613168723,1.3396285338593028,0.73551912244117013,0.29436619718309853,0.25352441014441185,0.47195602602661629,False,"[""com_autor"", ""punctuationDensity_baixo"", ""typeTokenRatio_alto""]",3,3,4eb4b330463b,a90a5aafbff9
"[""typeTokenRatio_alto""]","[""punctuationDensity_baixo""]",0.25231481481481483,0.25324074074074077,0.13819444444444445,0.54770642201834863,2.1627895275313218,1,0.074298053840877912,1.6510498835549545,0.71906488064678398,0.37618147448015127,0.39432478088011963,0.54670513057041747,True,"[""punctuationDensity_baixo"", ""typeTokenRatio_alto""]",2,2,c527c8dcf64c,08f98c8e9de2
"[""punctuationDensity_baixo""]","[""typeTokenRatio_alto""]",0.25324074074074077,0.25231481481481483,0.13819444444444445,0.54570383912248632,2.1627895275313218,1,0.074298053840877912,1.6458100454579327,0.71995646760356857,0.37618147448015127,0.39239646594710248,0.54670513057041747,True,"[""punctuationDensity_baixo"", ""typeTokenRatio_alto""]",2,2,c527c8dcf64c,4b0b4c360a74
"[""typeTokenRatio_baixo""]","[""punctuationDensity_alto""]",0.25393518518518521,0.25509259259259259,0.13842592592592592,0.54512306289881485,2.1369615532875499,1,0.073648941186556918,1.6376020559637789,0.71313624793369557,0.37351655215490315,0.38935103533961474,0.54388639533325489,True,"[""punctuationDensity_alto"", ""typeTokenRatio_baixo""]",2,2,492d1cc6df52,7c6fb63e9509
"[""punctuationDensity_alto""]","[""typeTokenRatio_baixo""]",0.25509259259259259,0.25393518518518521,0.13842592592592592,0.54264972776769504,2.1369615532875499,1,0.073648941186556918,1.6312766387419162,0.71424429058119976,0.37351655215490315,0.38698319080249538,0.54388639533325489,True,"[""punctuationDensity_alto"", ""typeTokenRatio_baixo""]",2,2,492d1cc6df52,82a4d9db7fe4
"[""com_autor"", ""uppercaseRatio_baixo""]","[""typeTokenRatio_alto""]",0.22060185185185185,0.25231481481481483,0.081944444444444445,0.37145855194123817,1.4722027012716963,1,0.026283329046639228,1.1895558956285164,0.41152998780117422,0.20959147424511546,0.15935013758085104,0.34811459707153647,False,"[""com_autor"", ""typeTokenRatio_alto"", ""uppercaseRatio_baixo""]",3,3,47040babbc40,ad71d5cb2fe8
"[""typeTokenRatio_alto""]","[""com_autor"", ""uppercaseRatio_baixo""]",0.25231481481481483,0.22060185185185185,0.081944444444444445,0.32477064220183482,1.4722027012716961,1,0.026283329046639228,1.1542717139694041,0.42898497489986182,0.20959147424511546,0.13365285842350058,0.34811459707153647,False,"[""com_autor"", ""typeTokenRatio_alto"", ""uppercaseRatio_baixo""]",3,3,47040babbc40,efa7f1fcacf3
"[""punctuationDensity_alto"", ""typeTokenRatio_baixo""]","[""sem_autor""]",0.13842592592592592,0.50069444444444444,0.098379629629629636,0.71070234113712383,1.4194332472086801,1,0.029070537551440331,1.7259232498394352,0.34296930808863041,0.18193493150684933,0.42059995999646499,0.45359435133601456,True,"[""punctuationDensity_alto"", ""sem_autor"", ""typeTokenRatio_baixo""]",3,3,3c0f9975805b,c565d716779f
"[""sem_autor""]","[""punctuationDensity_alto"", ""typeTokenRatio_baixo""]",0.50069444444444444,0.13842592592592592,0.098379629629629636,0.19648636153490523,1.4194332472086799,1,0.029070537551440331,1.0722581830967908,0.59180888488914341,0.18193493150684933,0.067388791464478931,0.45359435133601456,False,"[""punctuationDensity_alto"", ""sem_autor"", ""typeTokenRatio_baixo""]",3,3,3c0f9975805b,a849decb8fae
"[""punctuationDensity_baixo"", ""typeTokenRatio_alto""]","[""com_autor""]",0.13819444444444445,0.49930555555555556,0.096759259259259253,0.70016750418760465,1.402282623129556,1,0.027758005401234562,1.669913873370577,0.33287902563529176,0.17893835616438356,0.40116672126234493,0.44697758612254596,True,"[""com_autor"", ""punctuationDensity_baixo"", ""typeTokenRatio_alto""]",3,3,4eb4b330463b,b42a1e679924
"[""com_autor""]","[""punctuationDensity_baixo"", ""typeTokenRatio_alto""]",0.49930555555555556,0.13819444444444445,0.096759259259259253,0.19378766805748723,1.4022826231295558,1,0.027758005401234562,1.0689560571209507,0.57295821194645913,0.17893835616438356,0.064507850123111693,0.44697758612254596,False,"[""com_autor"", ""punctuationDensity_baixo"", ""typeTokenRatio_alto""]",3,3,4eb4b330463b,08095fdebc16
"[""typeTokenRatio_alto"", ""uppercaseRatio_baixo""]","[""com_autor""]",0.11874999999999999,0.49930555555555556,0.081944444444444445,0.69005847953216382,1.3820364541395214,1,0.022651909722222224,1.6154481132075476,0.31367952878951805,0.1528497409326425,0.38097671362873214,0.42708765423061601,True,"[""com_autor"", ""typeTokenRatio_alto"", ""uppercaseRatio_baixo""]",3,3,47040babbc40,9a107a05b527
"[""com_autor""]","[""typeTokenRatio_alto"", ""uppercaseRatio_baixo""]",0.49930555555555556,0.11874999999999999,0.081944444444444445,0.16411682892906815,1.3820364541395214,1,0.022651909722222224,1.0542741264559068,0.55209337313994222,0.1528497409326425,0.051480089564900036,0.42708765423061601,False,"[""com_autor"", ""typeTokenRatio_alto"", ""uppercaseRatio_baixo""]",3,3,47040babbc40,7bbbf11c0c24
"[""com_autor""]","[""typeTokenRatio_alto""]",0.49930555555555556,0.25231481481481483,0.17222222222222222,0.34492350486787204,1.3670362761735846,1,0.046240033436213995,1.1413708028623102,0.53623626086826837,0.29724330803036358,0.12386053901833041,0.5137461561036607,False,"[""com_autor"", ""typeTokenRatio_alto""]",2,2,8ed1b3cd1e3d,8e4866fa9ade
"[""typeTokenRatio_alto""]","[""com_autor""]",0.25231481481481483,0.49930555555555556,0.17222222222222222,0.68256880733944947,1.3670362761735844,1,0.046240033436213995,1.5773322093770068,0.35909567562169187,0.29724330803036358,0.36601814503301972,0.5137461561036607,True,"[""com_autor"", ""typeTokenRatio_alto""]",2,2,8ed1b3cd1e3d,bedf49d12a34
"[""diversidade_alto"", ""typeTokenRatio_alto""]","[""com_autor""]",0.16574074074074074,0.49930555555555556,0.11296296296296296,0.68156424581005581,1.365024358785091,1,0.030207690329218106,1.5723562378167639,0.32053865468241116,0.20461215932914045,0.36401180855267734,0.45390219708212576,True,"[""com_autor"", ""diversidade_alto"", ""typeTokenRatio_alto""]",3,3,b39ecda11b8f,9bb8342c6df2
"[""com_autor""]","[""diversidade_alto"", ""typeTokenRatio_alto""]",0.49930555555555556,0.16574074074074074,0.11296296296296296,0.22624014835419565,1.365024358785091,1,0.030207690329218106,1.0781888689168497,0.53408289943384646,0.20461215932914045,0.072518712788602988,0.45390219708212576,False,"[""com_autor"", ""diversidade_alto"", ""typeTokenRatio_alto""]",3,3,b39ecda11b8f,88569ee9fb26
"[""punctuationDensity_alto""]","[""sem_autor""]",0.25509259259259259,0.50069444444444444,0.16967592592592592,0.66515426497277674,1.3284634418318981,1,0.041952481995884777,1.4911510087323094,0.33192131233164068,0.28949447077409168,0.32937710926397568,0.50201772425707725,True,"[""punctuationDensity_alto"", ""sem_autor""]",2,2,ce15d5f1cf5d,b7f98ec27998
"[""sem_autor""]","[""punctuationDensity_alto""]",0.50069444444444444,0.25509259259259259,0.16967592592592592,0.3388811835413777,1.3284634418318981,1,0.041952481995884777,1.1267375679875677,0.49518905103533595,0.28949447077409168,0.11248188716555366,0.50201772425707725,False,"[""punctuationDensity_alto"", ""sem_autor""]",2,2,ce15d5f1cf5d,a481783299c0
"[""typeTokenRatio_baixo""]","[""sem_autor""]",0.25393518518518521,0.50069444444444444,0.1648148148148148,0.64904284412032809,1.2962852920017649,1,0.037670878343621372,1.4226966089466087,0.30636062081876381,0.27943485086342229,0.29710945136755557,0.48910764489881409,True,"[""sem_autor"", ""typeTokenRatio_baixo""]",2,2,9dee6bb96f14,ecdcecd4dbe4
"[""sem_autor""]","[""typeTokenRatio_baixo""]",0.50069444444444444,0.25393518518518521,0.1648148148148148,0.32917244567730003,1.2962852920017649,1,0.037670878343621372,1.112155888659162,0.45776554515478712,0.27943485086342229,0.10084547481412846,0.48910764489881409,False,"[""sem_autor"", ""typeTokenRatio_baixo""]",2,2,9dee6bb96f14,48b56ba2c108
"[""diversidade_baixo"", ""typeTokenRatio_baixo""]","[""sem_autor""]",0.17199074074074075,0.50069444444444444,0.10787037037037037,0.62718707940780616,1.2526343888311247,1,0.021755561985596694,1.3392925190533493,0.24357513009319182,0.19098360655737706,0.2533371270476229,0.42131429791009817,True,"[""diversidade_baixo"", ""sem_autor"", ""typeTokenRatio_baixo""]",3,3,de1589a78e87,e08636486d21
"[""sem_autor""]","[""diversidade_baixo"", ""typeTokenRatio_baixo""]",0.50069444444444444,0.17199074074074075,0.10787037037037037,0.2154415164123902,1.2526343888311247,1,0.021755561985596694,1.0553824559680482,0.40392593432700374,0.19098360655737706,0.052476195387622486,0.42131429791009817,False,"[""diversidade_baixo"", ""sem_autor"", ""typeTokenRatio_baixo""]",3,3,de1589a78e87,d82445cbafbb
"[""punctuationDensity_baixo""]","[""com_autor""]",0.25324074074074077,0.49930555555555556,0.15625,0.61700182815356486,1.2357199339932314,1,0.029805491255144007,1.3073024396711745,0.25544396225115362,0.2620341614906832,0.23506606455080914,0.46496822979305502,True,"[""com_autor"", ""punctuationDensity_baixo""]",2,2,0b59acfe6380,ddf35ccfbf01
"[""com_autor""]","[""punctuationDensity_baixo""]",0.49930555555555556,0.25324074074074077,0.15625,0.31293463143254518,1.2357199339932312,1,0.029805491255144007,1.0868824036587195,0.38098114758308899,0.2620341614906832,0.079937262178733759,0.46496822979305502,False,"[""com_autor"", ""punctuationDensity_baixo""]",2,2,0b59acfe6380,9c9695bfed42
"[""diversidade_baixo""]","[""sem_autor""]",0.25162037037037038,0.50069444444444444,0.15254629629629629,0.60625574977000918,1.2108297914962736,1,0.026561374742798349,1.268096118899273,0.23266278566020834,0.2543419529139328,0.21141624432380141,0.45546259518088994,True,"[""diversidade_baixo"", ""sem_autor""]",2,2,7d9f8f5ed448,7280ea07da4b
"[""sem_autor""]","[""diversidade_baixo""]",0.50069444444444444,0.25162037037037038,0.15254629629629629,0.3046694405917707,1.2108297914962736,1,0.026561374742798349,1.0762933104314421,0.34872451833076201,0.2543419529139328,0.070885240753618739,0.45546259518088994,False,"[""diversidade_baixo"", ""sem_autor""]",2,2,7d9f8f5ed448,9e5dfec5d286
"[""com_autor""]","[""diversidade_alto""]",0.49930555555555556,0.25694444444444442,0.14976851851851852,0.29995363931386188,1.1673871367890842,1,0.021474729938271625,1.0614376379690951,0.28637453991215217,0.24694656488549621,0.057881533282206667,0.4414182610983724,False,"[""com_autor"", ""diversidade_alto""]",2,2,fe5936057217,c7f7b0a15f2c
"[""diversidade_alto""]","[""com_autor""]",0.25694444444444442,0.49930555555555556,0.14976851851851852,0.58288288288288292,1.167387136789084,1,0.021474729938271625,1.2003689704823615,0.19296826474454365,0.24694656488549621,0.16692281740825438,0.4414182610983724,True,"[""com_autor"", ""diversidade_alto""]",2,2,fe5936057217,9575280b6889
"[""com_autor"", ""typeTokenRatio_alto""]","[""uppercaseRatio_baixo""]",0.17222222222222222,0.43564814814814817,0.081944444444444445,0.47580645161290325,1.0921805903122965,1,0.0069161522633744837,1.0766096866096866,0.10196033822469948,0.15580985915492959,0.071158273571674299,0.33195210997223268,False,"[""com_autor"", ""typeTokenRatio_alto"", ""uppercaseRatio_baixo""]",3,3,47040babbc40,06e5091e49d1
"[""uppercaseRatio_baixo""]","[""com_autor"", ""typeTokenRatio_alto""]",0.43564814814814817,0.17222222222222222,0.081944444444444445,0.18809776833156217,1.0921805903122965,1,0.0069161522633744837,1.0195535194880743,0.14955298174385784,0.15580985915492959,0.019178512078397249,0.33195210997223268,False,"[""com_autor"", ""typeTokenRatio_alto"", ""uppercaseRatio_baixo""]",3,3,47040babbc40,3e5d8f26edb3
"[""uppercaseRatio_alto""]","[""sem_autor""]",0.25462962962962965,0.50069444444444444,0.13796296296296295,0.54181818181818175,1.0821334005800023,1,0.010471322016460893,1.0897541887125219,0.10182792113051804,0.22347206599175101,0.082361866228347333,0.40868070440885973,True,"[""sem_autor"", ""uppercaseRatio_alto""]",2,2,a8c7b35b30a3,5f17b290addb
"[""sem_autor""]","[""uppercaseRatio_alto""]",0.50069444444444444,0.25462962962962965,0.13796296296296295,0.27554322699953765,1.0821334005800023,1,0.010471322016460893,1.0288679713536126,0.152010155790574,0.22347206599175101,0.028057993986957318,0.40868070440885973,False,"[""sem_autor"", ""uppercaseRatio_alto""]",2,2,a8c7b35b30a3,444e3ceab4e3
"[""typeTokenRatio_alto""]","[""uppercaseRatio_baixo""]",0.25231481481481483,0.43564814814814817,0.11874999999999999,0.47064220183486233,1.0803264144137115,1,0.0088295181755829732,1.0661066178830476,0.099445379875557308,0.20862139080927206,0.062007511044546833,0.3716122805136054,False,"[""typeTokenRatio_alto"", ""uppercaseRatio_baixo""]",2,2,f88e2cbda465,3b6e9bc88b4b
"[""uppercaseRatio_baixo""]","[""typeTokenRatio_alto""]",0.43564814814814817,0.25231481481481483,0.11874999999999999,0.27258235919234852,1.0803264144137115,1,0.0088295181755829732,1.0278623217812406,0.13175085192700989,0.20862139080927206,0.027107056257258694,0.3716122805136054,False,"[""typeTokenRatio_alto"", ""uppercaseRatio_baixo""]",2,2,f88e2cbda465,b5aedd98060a
"[""punctuationDensity_baixo""]","[""uppercaseRatio_baixo""]",0.25324074074074077,0.43564814814814817,0.1162037037037037,0.4588665447897623,1.0532962133325043,1,0.0058798439643346773,1.0429069694694693,0.067758723321221931,0.20291026677445431,0.041141703647158752,0.36280202903675152,False,"[""punctuationDensity_baixo"", ""uppercaseRatio_baixo""]",2,2,afa9d3a0b198,e754061e7c3d
"[""uppercaseRatio_baixo""]","[""punctuationDensity_baixo""]",0.43564814814814817,0.25324074074074077,0.1162037037037037,0.26673751328374068,1.0532962133325041,1,0.0058798439643346773,1.0184064680622651,0.089659409940222284,0.20291026677445431,0.018073793361983764,0.36280202903675152,False,"[""punctuationDensity_baixo"", ""uppercaseRatio_baixo""]",2,2,afa9d3a0b198,e14496760df2
"[""diversidade_alto""]","[""uppercaseRatio_baixo""]",0.25694444444444442,0.43564814814814817,0.11527777777777778,0.44864864864864873,1.0298417439756442,1,0.0033404063786008353,1.0235793391430645,0.038997109935067512,0.19967923015236569,0.023036161674389832,0.35663038171008421,False,"[""diversidade_alto"", ""uppercaseRatio_baixo""]",2,2,a06d35073061,8c277fb9fdfa
"[""uppercaseRatio_baixo""]","[""diversidade_alto""]",0.43564814814814817,0.25694444444444442,0.11527777777777778,0.26461211477151964,1.029841743975644,1,0.0033404063786008353,1.0104267019910085,0.051345661563398995,0.19967923015236569,0.010319107729895617,0.35663038171008421,False,"[""diversidade_alto"", ""uppercaseRatio_baixo""]",2,2,a06d35073061,dfc378f9e846
"[""uppercaseRatio_baixo""]","[""com_autor""]",0.43564814814814817,0.49930555555555556,0.22060185185185185,0.50637619553666313,1.0141609479454727,1,0.003080311213991771,1.014323944504246,0.024742039085587,0.30881399870382376,0.01412166653647005,0.4740967672166394,False,"[""com_autor"", ""uppercaseRatio_baixo""]",2,2,c300023d13bf,d3031e0efaa2
"[""com_autor""]","[""uppercaseRatio_baixo""]",0.49930555555555556,0.43564814814814817,0.22060185185185185,0.44181733889661567,1.0141609479454727,1,0.003080311213991771,1.0110522794389072,0.027887698238863196,0.30881399870382376,0.010931461867670061,0.4740967672166394,False,"[""com_autor"", ""uppercaseRatio_baixo""]",2,2,c300023d13bf,eb9dd1d6bcc8
"[""sem_autor""]","[""uppercaseRatio_baixo""]",0.50069444444444444,0.43564814814814817,0.21504629629629629,0.42949607027276931,0.98587833346352993,1,-0.0030803112139917987,0.98921641455069309,-0.027887698238863445,0.29813863928112966,-0.010901138811171728,0.46155993736805306,False,"[""sem_autor"", ""uppercaseRatio_baixo""]",2,2,1800c0b9672c,a5b311c6656b
"[""uppercaseRatio_baixo""]","[""sem_autor""]",0.43564814814814817,0.50069444444444444,0.21504629629629629,0.49362380446333681,0.98587833346352982,1,-0.0030803112139917987,0.98603678442345788,-0.024752969787994315,0.29813863928112966,-0.01416094794547286,0.46155993736805306,False,"[""sem_autor"", ""uppercaseRatio_baixo""]",2,2,1800c0b9672c,e9ec44db690d
"[""diversidade_baixo""]","[""uppercaseRatio_baixo""]",0.25162037037037038,0.43564814814814817,0.10532407407407407,0.41858325666973317,0.96082872944380826,1,-0.004293874314128962,0.97064946671354879,-0.051661058995622171,0.18098647573587906,-0.030238035761588521,0.33017366871743831,False,"[""diversidade_baixo"", ""uppercaseRatio_baixo""]",2,2,d6124cde1930,e28cd0e5e7a7
"[""uppercaseRatio_baixo""]","[""diversidade_baixo""]",0.43564814814814817,0.25162037037037038,0.10532407407407407,0.24176408076514344,0.96082872944380826,1,-0.004293874314128962,0.98700102520179611,-0.067372106162310763,0.18098647573587906,-0.013170173552298294,0.33017366871743831,False,"[""diversidade_baixo"", ""uppercaseRatio_baixo""]",2,2,d6124cde1930,d3e327d86883
"[""typeTokenRatio_baixo""]","[""uppercaseRatio_baixo""]",0.25393518518518521,0.43564814814814817,0.10625,0.41841385597082947,0.96043988193091567,1,-0.0043763931755830127,0.97036674213398322,-0.052320549687994926,0.18214285714285708,-0.030538204350294008,0.33115166762409698,False,"[""typeTokenRatio_baixo"", ""uppercaseRatio_baixo""]",2,2,15553bd8f401,6146257f5104
"[""uppercaseRatio_baixo""]","[""typeTokenRatio_baixo""]",0.43564814814814817,0.25393518518518521,0.10625,0.24388947927736448,0.96043988193091567,1,-0.0043763931755830127,0.98671397152598839,-0.06802108075514976,0.18214285714285708,-0.013464923835490391,0.33115166762409698,False,"[""typeTokenRatio_baixo"", ""uppercaseRatio_baixo""]",2,2,15553bd8f401,f97861e2b81e
"[""punctuationDensity_alto""]","[""uppercaseRatio_baixo""]",0.25509259259259259,0.43564814814814817,0.1050925925925926,0.41197822141560803,0.94566733077334042,1,-0.0060380229766803795,0.95974651348879736,-0.071606501039617243,0.17944664031620555,-0.041941789780382877,0.32660547627634812,False,"[""punctuationDensity_alto"", ""uppercaseRatio_baixo""]",2,2,45319f3f5de0,fae25249794f
"[""uppercaseRatio_baixo""]","[""punctuationDensity_alto""]",0.43564814814814817,0.25509259259259259,0.1050925925925926,0.24123273113708821,0.94566733077334031,1,-0.0060380229766803795,0.98173371200331983,-0.092399076370029185,0.17944664031620555,-0.018606153352324097,0.32660547627634812,False,"[""punctuationDensity_alto"", ""uppercaseRatio_baixo""]",2,2,45319f3f5de0,0610599619a5
"[""uppercaseRatio_alto""]","[""com_autor""]",0.25462962962962965,0.49930555555555556,0.11666666666666667,0.45818181818181813,0.91763813377165249,1,-0.010471322016460921,0.92410048471290074,-0.10747401418907787,0.18307301126044315,-0.082133400580002625,0.34591983815905925,False,"[""com_autor"", ""uppercaseRatio_alto""]",2,2,4db0dac1316f,414ceb04521f
"[""com_autor""]","[""uppercaseRatio_alto""]",0.49930555555555556,0.25462962962962965,0.11666666666666667,0.23365785813630041,0.91763813377165249,1,-0.010471322016460921,0.97263393157222566,-0.15201015579057436,0.18307301126044315,-0.028136041258131152,0.34591983815905925,False,"[""com_autor"", ""uppercaseRatio_alto""]",2,2,4db0dac1316f,4efc21b8f858
"[""sem_autor""]","[""diversidade_alto""]",0.50069444444444444,0.25694444444444442,0.10717592592592592,0.21405455386037911,0.83307718259174579,1,-0.021474729938271597,0.94542892156862746,-0.28637453991215184,0.16476868327402136,-0.057720974243975744,0.31558583548874813,False,"[""diversidade_alto"", ""sem_autor""]",2,2,8089c9553752,82fbc5a63f60
"[""diversidade_alto""]","[""sem_autor""]",0.25694444444444442,0.50069444444444444,0.10717592592592592,0.41711711711711713,0.83307718259174568,1,-0.021474729938271597,0.85661385883565166,-0.2123847376788553,0.16476868327402136,-0.1673871367890839,0.31558583548874813,False,"[""diversidade_alto"", ""sem_autor""]",2,2,8089c9553752,15b89b3a1a2e
"[""diversidade_baixo""]","[""com_autor""]",0.25162037037037038,0.49930555555555556,0.099074074074074078,0.39374425022999082,0.78858375567619854,1,-0.026561374742798363,0.82587991063901534,-0.26375062984756498,0.15198863636363635,-0.21082979149627354,0.29608399345064679,False,"[""com_autor"", ""diversidade_baixo""]",2,2,8335b3c73a69,4bfec2c999f4
"[""com_autor""]","[""diversidade_baixo""]",0.49930555555555556,0.25162037037037038,0.099074074074074078,0.19842373667130275,0.78858375567619854,1,-0.026561374742798363,0.93363496883233732,-0.34872451833076218,0.15198863636363635,-0.071082418057523092,0.29608399345064679,False,"[""com_autor"", ""diversidade_baixo""]",2,2,8335b3c73a69,fa1a4f74bdaf
"[""sem_autor""]","[""punctuationDensity_baixo""]",0.50069444444444444,0.25324074074074077,0.096990740740740738,0.19371243643088304,0.76493393544919075,1,-0.029805491255144034,0.92616988404689093,-0.38098114758308926,0.14763918252290345,-0.079715522200429448,0.28835530413865906,False,"[""punctuationDensity_baixo"", ""sem_autor""]",2,2,437216423fd9,083b971f2aa1
"[""punctuationDensity_baixo""]","[""sem_autor""]",0.25324074074074077,0.50069444444444444,0.096990740740740738,0.38299817184643503,0.76493393544919064,1,-0.029805491255144034,0.80924485596707807,-0.29154122570149105,0.14763918252290345,-0.23571993399323163,0.28835530413865906,False,"[""punctuationDensity_baixo"", ""sem_autor""]",2,2,437216423fd9,e954b8785696
"[""typeTokenRatio_baixo""]","[""com_autor""]",0.25393518518518521,0.49930555555555556,0.089120370370370364,0.3509571558796718,0.70289054863244427,1,-0.037670878343621414,0.77143512016229709,-0.36166201275384757,0.13419309864064133,-0.29628529200176507,0.26472289875578398,False,"[""com_autor"", ""typeTokenRatio_baixo""]",2,2,2967678a0d61,7ea4bb4cf8ca
"[""com_autor""]","[""typeTokenRatio_baixo""]",0.49930555555555556,0.25393518518518521,0.089120370370370364,0.17848864163189615,0.70289054863244416,1,-0.037670878343621414,0.90816128981690492,-0.45776554515478746,0.13419309864064133,-0.10112599073850721,0.26472289875578398,False,"[""com_autor"", ""typeTokenRatio_baixo""]",2,2,2967678a0d61,47c2c5d2183f
"[""punctuationDensity_alto""]","[""com_autor""]",0.25509259259259259,0.49930555555555556,0.085416666666666669,0.33484573502722326,0.67062289073602432,1,-0.041952481995884777,0.75274935576777324,-0.39735258651140704,0.12768166089965399,-0.32846344183189807,0.25295833343850732,False,"[""com_autor"", ""punctuationDensity_alto""]",2,2,409033ccbbf7,7fabc9c7028a
"[""com_autor""]","[""punctuationDensity_alto""]",0.49930555555555556,0.25509259259259259,0.085416666666666669,0.17107093184979139,0.67062289073602432,1,-0.041952481995884777,0.89863829853343269,-0.49518905103533595,0.12768166089965399,-0.11279477141358026,0.25295833343850732,False,"[""com_autor"", ""punctuationDensity_alto""]",2,2,409033ccbbf7,3a9425f5e871
"[""sem_autor""]","[""typeTokenRatio_alto""]",0.50069444444444444,0.25231481481481483,0.08009259259259259,0.15996301433194637,0.63398185496698012,1,-0.046240033436214009,0.89006222099920496,-0.53623626086826859,0.11902304781561748,-0.12351695915974976,0.2386971034962484,False,"[""sem_autor"", ""typeTokenRatio_alto""]",2,2,2cc79e8e48c3,048b6a908607
"[""typeTokenRatio_alto""]","[""sem_autor""]",0.25231481481481483,0.50069444444444444,0.08009259259259259,0.31743119266055042,0.63398185496698001,1,-0.046240033436214009,0.73150948327359611,-0.43571670209489394,0.11902304781561748,-0.3670362761735847,0.2386971034962484,False,"[""sem_autor"", ""typeTokenRatio_alto""]",2,2,2cc79e8e48c3,360c001aa9e6
