variant,rule_id,pattern_id,antecedents,consequents,features,train_occurrences,train_antecedent_occurrences,train_consequent_occurrences,train_support,train_antecedent_support,train_consequent_support,train_confidence,train_lift,train_jaccard,train_passes_filters,test_occurrences,test_antecedent_occurrences,test_consequent_occurrences,test_support,test_antecedent_support,test_consequent_support,test_confidence,test_lift,test_jaccard,test_passes_filters,validation_occurrences,validation_antecedent_occurrences,validation_consequent_occurrences,validation_support,validation_antecedent_support,validation_consequent_support,validation_confidence,validation_lift,validation_jaccard,validation_passes_filters,validation_confidence_ci_low,validation_confidence_ci_high,validation_confidence_bootstrap_valid_repetitions,validation_lift_ci_low,validation_lift_ci_high,validation_lift_bootstrap_valid_repetitions,validation_bootstrap_pass_fraction
legacy_author,271127b8c4d9,b39ecda11b8f,"[""com_autor"", ""diversidade_alto""]","[""typeTokenRatio_alto""]","[""com_autor"", ""diversidade_alto"", ""typeTokenRatio_alto""]",488,647,1090,0.11296296296296296,0.14976851851851852,0.25231481481481483,0.75425038639876352,2.9893226323327142,0.39071257005604482,True,165,222,357,0.11458333333333333,0.15416666666666667,0.24791666666666667,0.7432432432432432,2.9979559391324098,0.39855072463768115,True,170,219,360,0.11805555555555555,0.15208333333333332,0.25,0.77625570776255703,3.1050228310502281,0.41564792176039123,True,0.7288389072067829,0.8189345794392523,100,2.8257273242496517,3.3300728655156027,100,1
legacy_author,80e4bcc39fb5,de1589a78e87,"[""diversidade_baixo"", ""sem_autor""]","[""typeTokenRatio_baixo""]","[""diversidade_baixo"", ""sem_autor"", ""typeTokenRatio_baixo""]",466,659,1097,0.10787037037037037,0.15254629629629629,0.25393518518518521,0.70713201820940819,2.7846949121829021,0.36124031007751939,True,155,206,371,0.1076388888888889,0.14305555555555555,0.25763888888888886,0.75242718446601942,2.920472090649779,0.36729857819905215,True,148,208,373,0.10277777777777777,0.14444444444444443,0.2590277777777778,0.71153846153846156,2.7469581356980819,0.34180138568129331,True,0.65211387434554968,0.77025122549019609,100,2.4985525242790421,2.9830666784590325,100,1
legacy_author,bc00c336bc9e,60f27e4b6463,"[""diversidade_baixo""]","[""typeTokenRatio_baixo""]","[""diversidade_baixo"", ""typeTokenRatio_baixo""]",743,1087,1097,0.17199074074074075,0.25162037037037038,0.25393518518518521,0.68353265869365221,2.6917603332329789,0.51561415683553091,True,248,346,371,0.17222222222222222,0.24027777777777778,0.25763888888888886,0.7167630057803468,2.7820450898212923,0.52878464818763327,True,251,354,373,0.17430555555555555,0.24583333333333332,0.2590277777777778,0.70903954802259883,2.7373108556368426,0.52731092436974791,True,0.6600607638888889,0.74902582597521039,100,2.5141084775102267,2.9157689802598616,100,1
legacy_author,2dc09b45b87d,60f27e4b6463,"[""typeTokenRatio_baixo""]","[""diversidade_baixo""]","[""diversidade_baixo"", ""typeTokenRatio_baixo""]",743,1097,1087,0.17199074074074075,0.25393518518518521,0.25162037037037038,0.67730173199635368,2.6917603332329789,0.51561415683553091,True,248,371,346,0.17222222222222222,0.25763888888888886,0.24027777777777778,0.66846361185983827,2.7820450898212923,0.52878464818763327,True,251,373,354,0.17430555555555555,0.2590277777777778,0.24583333333333332,0.67292225201072386,2.7373108556368426,0.52731092436974791,True,0.61862593867068971,0.70671282207344288,100,2.5141084775102267,2.9157689802598616,100,1
legacy_author,754675d9fdff,de1589a78e87,"[""sem_autor"", ""typeTokenRatio_baixo""]","[""diversidade_baixo""]","[""diversidade_baixo"", ""sem_autor"", ""typeTokenRatio_baixo""]",466,712,1087,0.10787037037037037,0.1648148148148148,0.25162037037037038,0.6544943820224719,2.6011184271730254,0.34958739684921231,True,155,243,346,0.1076388888888889,0.16875000000000001,0.24027777777777778,0.63786008230452673,2.6546777991864698,0.35714285714285715,True,148,233,354,0.10277777777777777,0.16180555555555556,0.24583333333333332,0.63519313304721026,2.5838364734123811,0.33712984054669703,True,0.57596691540052147,0.67959632094194555,100,2.3217374591581779,2.7837049323590568,100,1
legacy_author,5dd94bd9c2dc,e4ace79c89fb,"[""typeTokenRatio_alto""]","[""diversidade_alto""]","[""diversidade_alto"", ""typeTokenRatio_alto""]",716,1090,1110,0.16574074074074074,0.25231481481481483,0.25694444444444442,0.65688073394495416,2.5565088023803622,0.48247978436657685,True,234,357,386,0.16250000000000001,0.24791666666666667,0.26805555555555555,0.65546218487394958,2.445247529063439,0.45972495088408644,True,249,360,382,0.17291666666666666,0.25,0.26527777777777778,0.69166666666666665,2.6073298429319371,0.50507099391480725,True,0.62822831978319782,0.73241798319049112,100,2.4126913392216309,2.8348873754821939,100,1
legacy_author,cd67313f811e,e4ace79c89fb,"[""diversidade_alto""]","[""typeTokenRatio_alto""]","[""diversidade_alto"", ""typeTokenRatio_alto""]",716,1110,1090,0.16574074074074074,0.25694444444444442,0.25231481481481483,0.64504504504504501,2.5565088023803622,0.48247978436657685,True,234,386,357,0.16250000000000001,0.26805555555555555,0.24791666666666667,0.60621761658031093,2.445247529063439,0.45972495088408644,True,249,382,360,0.17291666666666666,0.26527777777777778,0.25,0.65183246073298429,2.6073298429319371,0.50507099391480725,True,0.60540273972602732,0.69193127780334407,100,2.4126913392216309,2.8348873754821939,100,1
legacy_author,78065887dfd7,b39ecda11b8f,"[""com_autor"", ""typeTokenRatio_alto""]","[""diversidade_alto""]","[""com_autor"", ""diversidade_alto"", ""typeTokenRatio_alto""]",488,744,1110,0.11296296296296296,0.17222222222222222,0.25694444444444442,0.65591397849462363,2.5527462946817785,0.35724743777452417,True,165,242,386,0.11458333333333333,0.16805555555555557,0.26805555555555555,0.68181818181818177,2.5435704192180877,0.35637149028077753,True,170,248,382,0.11805555555555555,0.17222222222222222,0.26527777777777778,0.68548387096774188,2.5840229690930587,0.36956521739130432,True,0.60921052631578942,0.72912724103585658,100,2.3585516318441928,2.8875467511008286,100,1
legacy_author,63269984800b,4eb4b330463b,"[""com_autor"", ""punctuationDensity_baixo""]","[""typeTokenRatio_alto""]","[""com_autor"", ""punctuationDensity_baixo"", ""typeTokenRatio_alto""]",418,675,1090,0.096759259259259253,0.15625,0.25231481481481483,0.61925925925925929,2.4543119266055045,0.31031922791388272,True,131,231,357,0.090972222222222218,0.16041666666666668,0.24791666666666667,0.5670995670995671,2.287460438720943,0.28665207877461707,True,136,233,360,0.094444444444444442,0.16180555555555556,0.25,0.58369098712446355,2.3347639484978542,0.2975929978118162,True,0.52233786192346865,0.63557076813655755,100,2.131909288421665,2.5479587577224914,100,0.98999999999999999
legacy_author,e822fb5b7b83,3c0f9975805b,"[""sem_autor"", ""typeTokenRatio_baixo""]","[""punctuationDensity_alto""]","[""punctuationDensity_alto"", ""sem_autor"", ""typeTokenRatio_baixo""]",425,712,1102,0.098379629629629636,0.1648148148148148,0.25509259259259259,0.5969101123595506,2.3399743061644815,0.30597552195824335,True,148,243,396,0.10277777777777777,0.16875000000000001,0.27500000000000002,0.60905349794238683,2.2147399925177704,0.3014256619144603,True,141,233,347,0.097916666666666666,0.16180555555555556,0.24097222222222223,0.60515021459227469,2.5112861931206787,0.32118451025056949,True,0.5605828131096372,0.6668918918918918,100,2.2504263214457239,2.7784149193532732,100,1
legacy_author,f1ac2df387b4,3c0f9975805b,"[""punctuationDensity_alto"", ""sem_autor""]","[""typeTokenRatio_baixo""]","[""punctuationDensity_alto"", ""sem_autor"", ""typeTokenRatio_baixo""]",425,733,1097,0.098379629629629636,0.16967592592592592,0.25393518518518521,0.57980900409276948,2.2832952576852907,0.302491103202847,True,148,260,371,0.10277777777777777,0.18055555555555555,0.25763888888888886,0.56923076923076921,2.2094132282811527,0.30641821946169773,True,141,230,373,0.097916666666666666,0.15972222222222221,0.2590277777777778,0.61304347826086958,2.3667094066907564,0.30519480519480519,True,0.55185571912993137,0.68145972651961262,100,2.1692630553252683,2.6428615583989985,100,1
legacy_author,378c5cc8282c,4eb4b330463b,"[""com_autor"", ""typeTokenRatio_alto""]","[""punctuationDensity_baixo""]","[""com_autor"", ""punctuationDensity_baixo"", ""typeTokenRatio_alto""]",418,744,1094,0.096759259259259253,0.17222222222222222,0.25324074074074077,0.56182795698924726,2.2185528100489473,0.29436619718309859,True,131,242,369,0.090972222222222218,0.16805555555555557,0.25624999999999998,0.54132231404958675,2.1124773231203386,0.27291666666666664,True,136,248,382,0.094444444444444442,0.17222222222222222,0.26527777777777778,0.54838709677419351,2.0672183752744471,0.27530364372469635,True,0.5,0.60187289562289559,100,1.8635550134022902,2.2361740113827731,100,0.96999999999999997
legacy_author,08f98c8e9de2,c527c8dcf64c,"[""typeTokenRatio_alto""]","[""punctuationDensity_baixo""]","[""punctuationDensity_baixo"", ""typeTokenRatio_alto""]",597,1090,1094,0.13819444444444445,0.25231481481481483,0.25324074074074077,0.54770642201834863,2.1627895275313218,0.37618147448015121,True,188,357,369,0.13055555555555556,0.24791666666666667,0.25624999999999998,0.5266106442577031,2.0550659288105484,0.34944237918215615,True,193,360,382,0.13402777777777777,0.25,0.26527777777777778,0.53611111111111109,2.0209424083769632,0.35154826958105645,True,0.49216633848813751,0.60252774551555033,100,1.8852608121270791,2.2072454856647274,100,0.94999999999999996
legacy_author,4b0b4c360a74,c527c8dcf64c,"[""punctuationDensity_baixo""]","[""typeTokenRatio_alto""]","[""punctuationDensity_baixo"", ""typeTokenRatio_alto""]",597,1094,1090,0.13819444444444445,0.25324074074074077,0.25231481481481483,0.54570383912248632,2.1627895275313218,0.37618147448015121,True,188,369,357,0.13055555555555556,0.25624999999999998,0.24791666666666667,0.50948509485094851,2.0550659288105484,0.34944237918215615,True,193,382,360,0.13402777777777777,0.26527777777777778,0.25,0.50523560209424079,2.0209424083769632,0.35154826958105645,True,0.45902501860470984,0.56409587349664703,100,1.8852608121270791,2.2072454856647274,100,0.5
legacy_author,7c6fb63e9509,492d1cc6df52,"[""typeTokenRatio_baixo""]","[""punctuationDensity_alto""]","[""punctuationDensity_alto"", ""typeTokenRatio_baixo""]",598,1097,1102,0.13842592592592592,0.25393518518518521,0.25509259259259259,0.54512306289881496,2.1369615532875503,0.3735165521549032,True,210,371,396,0.14583333333333334,0.25763888888888886,0.27500000000000002,0.56603773584905659,2.0583190394511148,0.37701974865350091,True,199,373,347,0.13819444444444445,0.2590277777777778,0.24097222222222223,0.53351206434316356,2.2139981920869034,0.38195777351247601,True,0.49404460930592398,0.58719088767339944,100,2.0242394837919013,2.461937239459977,100,0.93999999999999995
legacy_author,82a4d9db7fe4,492d1cc6df52,"[""punctuationDensity_alto""]","[""typeTokenRatio_baixo""]","[""punctuationDensity_alto"", ""typeTokenRatio_baixo""]",598,1102,1097,0.13842592592592592,0.25509259259259259,0.25393518518518521,0.54264972776769504,2.1369615532875503,0.3735165521549032,True,210,396,371,0.14583333333333334,0.27500000000000002,0.25763888888888886,0.53030303030303028,2.0583190394511148,0.37701974865350091,True,199,347,373,0.13819444444444445,0.24097222222222223,0.2590277777777778,0.57348703170028814,2.2139981920869034,0.38195777351247601,True,0.51610484163109738,0.63635146049266389,100,2.0242394837919013,2.461937239459977,100,1
legacy_author,c565d716779f,3c0f9975805b,"[""punctuationDensity_alto"", ""typeTokenRatio_baixo""]","[""sem_autor""]","[""punctuationDensity_alto"", ""sem_autor"", ""typeTokenRatio_baixo""]",425,598,2163,0.098379629629629636,0.13842592592592592,0.50069444444444444,0.71070234113712372,1.4194332472086799,0.18193493150684931,True,148,210,721,0.10277777777777777,0.14583333333333334,0.50069444444444444,0.70476190476190481,1.4075688527838319,0.18901660280970625,True,141,199,717,0.097916666666666666,0.13819444444444445,0.49791666666666667,0.70854271356783916,1.4230146548642795,0.18193548387096775,True,0.65517669392523359,0.77120136738510581,100,1.3242152977362718,1.5461949496276597,100,1
legacy_author,b42a1e679924,4eb4b330463b,"[""punctuationDensity_baixo"", ""typeTokenRatio_alto""]","[""com_autor""]","[""com_autor"", ""punctuationDensity_baixo"", ""typeTokenRatio_alto""]",418,597,2157,0.096759259259259253,0.13819444444444445,0.49930555555555556,0.70016750418760465,1.402282623129556,0.17893835616438356,True,131,188,719,0.090972222222222218,0.13055555555555556,0.49930555555555556,0.69680851063829785,1.3955552925162016,0.16881443298969073,True,136,193,723,0.094444444444444442,0.13402777777777777,0.50208333333333333,0.70466321243523311,1.4034785973813773,0.17435897435897435,True,0.63774647887323943,0.76840589613432242,100,1.2783647483425258,1.5302496786720265,100,0.98999999999999999
legacy_author,9a107a05b527,47040babbc40,"[""typeTokenRatio_alto"", ""uppercaseRatio_baixo""]","[""com_autor""]","[""com_autor"", ""typeTokenRatio_alto"", ""uppercaseRatio_baixo""]",354,513,2157,0.081944444444444445,0.11874999999999999,0.49930555555555556,0.6900584795321637,1.3820364541395214,0.15284974093264247,True,117,183,719,0.081250000000000003,0.12708333333333333,0.49930555555555556,0.63934426229508201,1.2804669509108735,0.14904458598726114,True,120,172,723,0.083333333333333329,0.11944444444444445,0.50208333333333333,0.69767441860465118,1.3895590080092637,0.15483870967741936,True,0.63304034257381114,0.76940361445783123,100,1.2676710794647827,1.5220158682516503,100,0.66000000000000003
legacy_author,bedf49d12a34,8ed1b3cd1e3d,"[""typeTokenRatio_alto""]","[""com_autor""]","[""com_autor"", ""typeTokenRatio_alto""]",744,1090,2157,0.17222222222222222,0.25231481481481483,0.49930555555555556,0.68256880733944958,1.3670362761735846,0.29724330803036358,True,242,357,719,0.16805555555555557,0.24791666666666667,0.49930555555555556,0.67787114845938379,1.3576278912121176,0.29016786570743403,True,248,360,723,0.17222222222222222,0.25,0.50208333333333333,0.68888888888888888,1.372060857538036,0.29700598802395212,True,0.64754693070409985,0.72720804349955914,100,1.2969642563742001,1.4517050187053029,100,1
legacy_author,9bb8342c6df2,b39ecda11b8f,"[""diversidade_alto"", ""typeTokenRatio_alto""]","[""com_autor""]","[""com_autor"", ""diversidade_alto"", ""typeTokenRatio_alto""]",488,716,2157,0.11296296296296296,0.16574074074074074,0.49930555555555556,0.68156424581005581,1.365024358785091,0.20461215932914045,True,165,234,719,0.11458333333333333,0.16250000000000001,0.49930555555555556,0.70512820512820518,1.4122178239007168,0.20939086294416243,True,170,249,723,0.11805555555555555,0.17291666666666666,0.50208333333333333,0.68273092369477917,1.3597960305954107,0.21197007481296759,True,0.63183026648270724,0.72399140271493212,100,1.2590959281083101,1.4429957343813231,100,1
legacy_author,b7f98ec27998,ce15d5f1cf5d,"[""punctuationDensity_alto""]","[""sem_autor""]","[""punctuationDensity_alto"", ""sem_autor""]",733,1102,2163,0.16967592592592592,0.25509259259259259,0.50069444444444444,0.66515426497277674,1.3284634418318981,0.28949447077409163,True,260,396,721,0.18055555555555555,0.27500000000000002,0.50069444444444444,0.65656565656565657,1.3113100491741267,0.3033838973162194,True,230,347,717,0.15972222222222221,0.24097222222222223,0.49791666666666667,0.66282420749279536,1.3311950610733967,0.27577937649880097,True,0.62845110771581358,0.70306469833903273,100,1.2608120471495439,1.4192107684947195,100,1
legacy_author,ecdcecd4dbe4,9dee6bb96f14,"[""typeTokenRatio_baixo""]","[""sem_autor""]","[""sem_autor"", ""typeTokenRatio_baixo""]",712,1097,2163,0.1648148148148148,0.25393518518518521,0.50069444444444444,0.6490428441203282,1.2962852920017649,0.27943485086342229,True,243,371,721,0.16875000000000001,0.25763888888888886,0.50069444444444444,0.65498652291105119,1.3081561622634033,0.28621908127208479,True,233,373,717,0.16180555555555556,0.2590277777777778,0.49791666666666667,0.62466487935656834,1.2545570798793004,0.27187864644107351,True,0.57967041283535781,0.66047398604297658,100,1.1681477498564368,1.3290641412599804,100,1
legacy_author,e08636486d21,de1589a78e87,"[""diversidade_baixo"", ""typeTokenRatio_baixo""]","[""sem_autor""]","[""diversidade_baixo"", ""sem_autor"", ""typeTokenRatio_baixo""]",466,743,2163,0.10787037037037037,0.17199074074074075,0.50069444444444444,0.62718707940780616,1.2526343888311247,0.19098360655737706,True,155,248,721,0.1076388888888889,0.17222222222222222,0.50069444444444444,0.625,1.248266296809986,0.19041769041769041,True,148,251,717,0.10277777777777777,0.17430555555555555,0.49791666666666667,0.58964143426294824,1.1842171064695195,0.18048780487804877,True,0.53190939495287326,0.64327160493827162,100,1.0688925481559191,1.2860530663794469,100,0.98999999999999999
legacy_author,ddf35ccfbf01,0b59acfe6380,"[""punctuationDensity_baixo""]","[""com_autor""]","[""com_autor"", ""punctuationDensity_baixo""]",675,1094,2157,0.15625,0.25324074074074077,0.49930555555555556,0.61700182815356486,1.2357199339932314,0.2620341614906832,True,231,369,719,0.16041666666666668,0.25624999999999998,0.49930555555555556,0.62601626016260159,1.25377387292649,0.26954492415402564,True,233,382,723,0.16180555555555556,0.26527777777777778,0.50208333333333333,0.60994764397905754,1.2148334817840152,0.2672018348623853,True,0.56979959601249364,0.64888519924098664,100,1.1389459141290865,1.2939082042523338,100,1
legacy_author,7280ea07da4b,7d9f8f5ed448,"[""diversidade_baixo""]","[""sem_autor""]","[""diversidade_baixo"", ""sem_autor""]",659,1087,2163,0.15254629629629629,0.25162037037037038,0.50069444444444444,0.60625574977000918,1.2108297914962736,0.25434195291393286,True,206,346,721,0.14305555555555555,0.24027777777777778,0.50069444444444444,0.59537572254335258,1.1890999174236168,0.23925667828106853,True,208,354,717,0.14444444444444443,0.24583333333333332,0.49791666666666667,0.58757062146892658,1.1800581519041202,0.2410196987253766,True,0.54840969814109486,0.63881118881118881,100,1.1001284463029097,1.2758424721062223,100,1
legacy_author,9575280b6889,fe5936057217,"[""diversidade_alto""]","[""com_autor""]","[""com_autor"", ""diversidade_alto""]",647,1110,2157,0.14976851851851852,0.25694444444444442,0.49930555555555556,0.58288288288288292,1.167387136789084,0.24694656488549618,True,222,386,719,0.15416666666666667,0.26805555555555555,0.49930555555555556,0.57512953367875652,1.1518588713454927,0.25141562853907135,True,219,382,723,0.15208333333333332,0.26527777777777778,0.50208333333333333,0.57329842931937169,1.1418391953248896,0.24717832957110608,True,0.53179180587304375,0.62070191220723803,100,1.0612238613925635,1.2359862635725054,100,0.98999999999999999
legacy_author,5f17b290addb,a8c7b35b30a3,"[""uppercaseRatio_alto""]","[""sem_autor""]","[""sem_autor"", ""uppercaseRatio_alto""]",596,1100,2163,0.13796296296296295,0.25462962962962965,0.50069444444444444,0.54181818181818187,1.0821334005800025,0.22347206599175104,True,178,335,721,0.12361111111111112,0.2326388888888889,0.50069444444444444,0.5313432835820896,1.0612126606909971,0.20273348519362186,True,189,378,717,0.13125000000000001,0.26250000000000001,0.49791666666666667,0.5,1.00418410041841,0.20860927152317882,False,0.45925781250000003,0.54103356075972708,100,0.92003616197080929,1.0841069652609689,100,0.13
