display_id,pattern_id,representative_id,is_primary,features,itemset_size,support,max_rule_lift,max_rule_confidence,max_rule_jaccard,families,cross_family,closed,redundancy,redundancy_reasons,similar_patterns,related_details,rule_count,main_associations
P01,60f27e4b6463,P01,True,"[""diversidade_baixo"", ""typeTokenRatio_baixo""]",2,0.17199074074074075,2.6917603332329785,0.68353265869365221,0.51561415683553091,"[""lexical""]",False,True,media,"[""mesma_familia"", ""regras_inversas_agrupadas""]",[],[],2,"[{""antecedents"": [""diversidade_baixo""], ""consequents"": [""typeTokenRatio_baixo""], ""support"": 0.17199074074074075, ""confidence"": 0.6835326586936522, ""lift"": 2.6917603332329785, ""jaccard"": 0.5156141568355309}, {""antecedents"": [""typeTokenRatio_baixo""], ""consequents"": [""diversidade_baixo""], ""support"": 0.17199074074074075, ""confidence"": 0.6773017319963537, ""lift"": 2.6917603332329785, ""jaccard"": 0.5156141568355309}]"
P02,e4ace79c89fb,P02,True,"[""diversidade_alto"", ""typeTokenRatio_alto""]",2,0.16574074074074074,2.5565088023803626,0.65688073394495416,0.48247978436657679,"[""lexical""]",False,True,media,"[""mesma_familia"", ""regras_inversas_agrupadas""]",[],[],2,"[{""antecedents"": [""typeTokenRatio_alto""], ""consequents"": [""diversidade_alto""], ""support"": 0.16574074074074074, ""confidence"": 0.6568807339449542, ""lift"": 2.5565088023803626, ""jaccard"": 0.4824797843665768}, {""antecedents"": [""diversidade_alto""], ""consequents"": [""typeTokenRatio_alto""], ""support"": 0.16574074074074074, ""confidence"": 0.6450450450450451, ""lift"": 2.556508802380362, ""jaccard"": 0.4824797843665768}]"
P03,955c07a3d79c,P03,True,"[""POS_PROPN_rate_baixo"", ""uppercaseRatio_baixo""]",2,0.1650462962962963,1.5042664249546791,0.65533088235294124,0.31590607000443066,"[""POS"", ""estilo""]",True,True,baixa,[],[],[],1,"[{""antecedents"": [""POS_PROPN_rate_baixo""], ""consequents"": [""uppercaseRatio_baixo""], ""support"": 0.1650462962962963, ""confidence"": 0.6553308823529412, ""lift"": 1.504266424954679, ""jaccard"": 0.31590607000443066}]"
P04,aaea6e78e590,P04,True,"[""POS_PRON_rate_alto"", ""uppercaseRatio_baixo""]",2,0.14606481481481481,1.2454140826383449,0.54256233877901971,0.26139188069594033,"[""POS"", ""estilo""]",True,True,baixa,[],[],[],1,"[{""antecedents"": [""POS_PRON_rate_alto""], ""consequents"": [""uppercaseRatio_baixo""], ""support"": 0.14606481481481481, ""confidence"": 0.5425623387790197, ""lift"": 1.2454140826383449, ""jaccard"": 0.2613918806959403}]"
P05,492d1cc6df52,P05,True,"[""punctuationDensity_alto"", ""typeTokenRatio_baixo""]",2,0.13842592592592592,2.1369615532875499,0.54512306289881485,0.37351655215490315,"[""estilo"", ""lexical""]",True,True,media,"[""regras_inversas_agrupadas""]",[],[],2,"[{""antecedents"": [""typeTokenRatio_baixo""], ""consequents"": [""punctuationDensity_alto""], ""support"": 0.13842592592592592, ""confidence"": 0.5451230628988148, ""lift"": 2.13696155328755, ""jaccard"": 0.37351655215490315}, {""antecedents"": [""punctuationDensity_alto""], ""consequents"": [""typeTokenRatio_baixo""], ""support"": 0.13842592592592592, ""confidence"": 0.542649727767695, ""lift"": 2.13696155328755, ""jaccard"": 0.37351655215490315}]"
P06,c527c8dcf64c,P06,True,"[""punctuationDensity_baixo"", ""typeTokenRatio_alto""]",2,0.13819444444444445,2.1627895275313218,0.54770642201834863,0.37618147448015127,"[""estilo"", ""lexical""]",True,True,media,"[""regras_inversas_agrupadas""]",[],[],2,"[{""antecedents"": [""typeTokenRatio_alto""], ""consequents"": [""punctuationDensity_baixo""], ""support"": 0.13819444444444445, ""confidence"": 0.5477064220183486, ""lift"": 2.162789527531322, ""jaccard"": 0.37618147448015127}, {""antecedents"": [""punctuationDensity_baixo""], ""consequents"": [""typeTokenRatio_alto""], ""support"": 0.13819444444444445, ""confidence"": 0.5457038391224863, ""lift"": 2.162789527531322, ""jaccard"": 0.37618147448015127}]"
P07,728cda3555ce,P07,True,"[""POS_ADV_rate_alto"", ""uppercaseRatio_baixo""]",2,0.13726851851851851,1.1525742787187501,0.50211685012701102,0.24008097165991901,"[""POS"", ""estilo""]",True,True,baixa,[],[],[],1,"[{""antecedents"": [""POS_ADV_rate_alto""], ""consequents"": [""uppercaseRatio_baixo""], ""support"": 0.1372685185185185, ""confidence"": 0.502116850127011, ""lift"": 1.15257427871875, ""jaccard"": 0.240080971659919}]"
P08,db6f966588f8,P08,True,"[""POS_NOUN_rate_alto"", ""uppercaseRatio_baixo""]",2,0.13333333333333333,1.2107764711377889,0.52747252747252749,0.24020016680567136,"[""POS"", ""estilo""]",True,True,baixa,[],[],[],1,"[{""antecedents"": [""POS_NOUN_rate_alto""], ""consequents"": [""uppercaseRatio_baixo""], ""support"": 0.13333333333333333, ""confidence"": 0.5274725274725275, ""lift"": 1.2107764711377889, ""jaccard"": 0.24020016680567136}]"
P09,64748c9e68b0,P09,True,"[""POS_ADJ_rate_alto"", ""uppercaseRatio_baixo""]",2,0.13148148148148148,1.1972492776279848,0.52157943067033974,0.23637120266333753,"[""POS"", ""estilo""]",True,True,baixa,[],[],[],1,"[{""antecedents"": [""POS_ADJ_rate_alto""], ""consequents"": [""uppercaseRatio_baixo""], ""support"": 0.13148148148148148, ""confidence"": 0.5215794306703397, ""lift"": 1.1972492776279848, ""jaccard"": 0.23637120266333753}]"
P10,3827d0dd8fe9,P10,True,"[""POS_NOUN_rate_alto"", ""POS_PROPN_rate_baixo""]",2,0.12870370370370371,2.0216548157724632,0.51102941176470595,0.34236453201970451,"[""POS""]",False,True,media,"[""mesma_familia"", ""regras_inversas_agrupadas""]",[],[],2,"[{""antecedents"": [""POS_PROPN_rate_baixo""], ""consequents"": [""POS_NOUN_rate_alto""], ""support"": 0.1287037037037037, ""confidence"": 0.511029411764706, ""lift"": 2.021654815772463, ""jaccard"": 0.3423645320197045}, {""antecedents"": [""POS_NOUN_rate_alto""], ""consequents"": [""POS_PROPN_rate_baixo""], ""support"": 0.1287037037037037, ""confidence"": 0.5091575091575092, ""lift"": 2.021654815772463, ""jaccard"": 0.3423645320197045}]"
P11,e2f5d638b28a,P11,True,"[""POS_PRON_rate_baixo"", ""uppercaseRatio_baixo""]",2,0.12662037037037038,,,,"[""POS"", ""estilo""]",True,True,baixa,[],[],[],0,[]
P12,4e0594703585,P12,True,"[""POS_VERB_rate_alto"", ""uppercaseRatio_baixo""]",2,0.1224537037037037,,,,"[""POS"", ""estilo""]",True,True,baixa,[],[],[],0,[]
P13,17ca1c6ab1bc,P13,True,"[""POS_NOUN_rate_baixo"", ""POS_PROPN_rate_alto""]",2,0.12152777777777778,,,,"[""POS""]",False,True,media,"[""mesma_familia""]",[],[],0,[]
P14,2f6f49322911,P14,True,"[""POS_PRON_rate_baixo"", ""POS_VERB_rate_baixo""]",2,0.11898148148148148,,,,"[""POS""]",False,True,media,"[""mesma_familia""]",[],[],0,[]
P15,3ab612e2ae8d,P15,True,"[""POS_PRON_rate_baixo"", ""POS_PROPN_rate_alto""]",2,0.11874999999999999,,,,"[""POS""]",False,True,media,"[""mesma_familia""]",[],[],0,[]
P16,f88e2cbda465,P16,True,"[""typeTokenRatio_alto"", ""uppercaseRatio_baixo""]",2,0.11874999999999999,,,,"[""estilo"", ""lexical""]",True,True,baixa,[],[],[],0,[]
P17,0c201f82791a,P17,True,"[""POS_ADV_rate_baixo"", ""POS_PRON_rate_baixo""]",2,0.11828703703703704,,,,"[""POS""]",False,True,media,"[""mesma_familia""]",[],[],0,[]
P18,afa9d3a0b198,P18,True,"[""punctuationDensity_baixo"", ""uppercaseRatio_baixo""]",2,0.1162037037037037,,,,"[""estilo""]",False,True,media,"[""mesma_familia""]",[],[],0,[]
P19,a06d35073061,P19,True,"[""diversidade_alto"", ""uppercaseRatio_baixo""]",2,0.11527777777777778,,,,"[""estilo"", ""lexical""]",True,True,baixa,[],[],[],0,[]
P20,60657c67152a,P20,True,"[""POS_ADV_rate_baixo"", ""uppercaseRatio_baixo""]",2,0.11203703703703703,,,,"[""POS"", ""estilo""]",True,True,baixa,[],[],[],0,[]
P21,4394f450e00d,P21,True,"[""POS_ADV_rate_baixo"", ""POS_PROPN_rate_alto""]",2,0.10833333333333334,,,,"[""POS""]",False,True,media,"[""mesma_familia""]",[],[],0,[]
P22,5175b7a878be,P22,True,"[""POS_VERB_rate_baixo"", ""uppercaseRatio_baixo""]",2,0.10694444444444444,,,,"[""POS"", ""estilo""]",True,True,baixa,[],[],[],0,[]
P23,15553bd8f401,P23,True,"[""typeTokenRatio_baixo"", ""uppercaseRatio_baixo""]",2,0.10625,,,,"[""estilo"", ""lexical""]",True,True,baixa,[],[],[],0,[]
P24,d6124cde1930,P24,True,"[""diversidade_baixo"", ""uppercaseRatio_baixo""]",2,0.10532407407407407,,,,"[""estilo"", ""lexical""]",True,True,baixa,[],[],[],0,[]
P25,45319f3f5de0,P25,True,"[""punctuationDensity_alto"", ""uppercaseRatio_baixo""]",2,0.1050925925925926,,,,"[""estilo""]",False,True,media,"[""mesma_familia""]",[],[],0,[]
P26,c4ecf4cd5aa5,P26,True,"[""POS_PROPN_rate_alto"", ""POS_VERB_rate_baixo""]",2,0.10324074074074074,,,,"[""POS""]",False,True,media,"[""mesma_familia""]",[],[],0,[]
P27,60590782e372,P27,True,"[""POS_PRON_rate_baixo"", ""uppercaseRatio_alto""]",2,0.10300925925925926,,,,"[""POS"", ""estilo""]",True,True,baixa,[],[],[],0,[]
P28,2af755c742c7,P28,True,"[""POS_PROPN_rate_alto"", ""uppercaseRatio_alto""]",2,0.10231481481481482,,,,"[""POS"", ""estilo""]",True,True,baixa,[],[],[],0,[]
P29,ab914fd2a3bf,P29,True,"[""POS_NOUN_rate_alto"", ""POS_PRON_rate_baixo""]",2,0.10092592592592593,,,,"[""POS""]",False,True,media,"[""mesma_familia""]",[],[],0,[]
P30,3fe53cba3f08,P30,True,"[""POS_ADV_rate_alto"", ""POS_PROPN_rate_baixo""]",2,0.099074074074074078,,,,"[""POS""]",False,True,media,"[""mesma_familia""]",[],[],0,[]
P31,772774945d20,P31,True,"[""POS_ADV_rate_alto"", ""POS_PRON_rate_alto""]",2,0.097916666666666666,,,,"[""POS""]",False,True,media,"[""mesma_familia""]",[],[],0,[]
P32,b5b6bc3bd146,P32,True,"[""POS_PRON_rate_alto"", ""POS_PROPN_rate_baixo""]",2,0.097222222222222224,,,,"[""POS""]",False,True,media,"[""mesma_familia""]",[],[],0,[]
P33,c7e8628ad1a8,P33,True,"[""POS_PRON_rate_alto"", ""POS_VERB_rate_alto""]",2,0.096990740740740738,,,,"[""POS""]",False,True,media,"[""mesma_familia""]",[],[],0,[]
P34,96368f4b2562,P34,True,"[""POS_ADJ_rate_alto"", ""POS_PROPN_rate_baixo""]",2,0.096759259259259253,,,,"[""POS""]",False,True,media,"[""mesma_familia""]",[],[],0,[]
P35,df39eaa84b12,P35,True,"[""POS_ADJ_rate_baixo"", ""POS_PROPN_rate_alto""]",2,0.095370370370370369,,,,"[""POS""]",False,True,media,"[""mesma_familia""]",[],[],0,[]
P36,b0eda8aa0dd4,P36,True,"[""POS_ADV_rate_baixo"", ""POS_NOUN_rate_alto""]",2,0.094675925925925927,,,,"[""POS""]",False,True,media,"[""mesma_familia""]",[],[],0,[]
P37,d739ad61849f,P37,True,"[""POS_ADV_rate_alto"", ""POS_NOUN_rate_baixo""]",2,0.09375,,,,"[""POS""]",False,True,media,"[""mesma_familia""]",[],[],0,[]
P38,644e02e64f5c,P38,True,"[""POS_NOUN_rate_baixo"", ""uppercaseRatio_baixo""]",2,0.092592592592592587,,,,"[""POS"", ""estilo""]",True,True,baixa,[],[],[],0,[]
P39,74039d5226b2,P39,True,"[""POS_PRON_rate_baixo"", ""diversidade_baixo""]",2,0.092592592592592587,,,,"[""POS"", ""lexical""]",True,True,baixa,[],[],[],0,[]
P40,cdfce2147279,P40,True,"[""POS_ADV_rate_baixo"", ""POS_VERB_rate_baixo""]",2,0.091898148148148145,,,,"[""POS""]",False,True,media,"[""mesma_familia""]",[],[],0,[]
P41,2361d8bf2189,P41,True,"[""POS_ADJ_rate_baixo"", ""uppercaseRatio_baixo""]",2,0.091203703703703703,,,,"[""POS"", ""estilo""]",True,True,baixa,[],[],[],0,[]
P42,9f78fc19bcf4,P42,True,"[""POS_PRON_rate_baixo"", ""punctuationDensity_baixo""]",2,0.090046296296296291,,,,"[""POS"", ""estilo""]",True,True,baixa,[],[],[],0,[]
P43,c933ebbdcc3f,P43,True,"[""POS_VERB_rate_baixo"", ""typeTokenRatio_baixo""]",2,0.089120370370370364,,,,"[""POS"", ""lexical""]",True,True,baixa,[],[],[],0,[]
P44,aebc692626b9,P44,True,"[""POS_ADJ_rate_baixo"", ""diversidade_baixo""]",2,0.08773148148148148,,,,"[""POS"", ""lexical""]",True,True,baixa,[],[],[],0,[]
P45,10d3db406965,P45,True,"[""POS_ADV_rate_baixo"", ""diversidade_baixo""]",2,0.087499999999999994,,,,"[""POS"", ""lexical""]",True,True,baixa,[],[],[],0,[]
P46,641c5eccd319,P46,True,"[""POS_ADJ_rate_alto"", ""diversidade_alto""]",2,0.087499999999999994,,,,"[""POS"", ""lexical""]",True,True,baixa,[],[],[],0,[]
P47,4a060782afa6,P47,True,"[""POS_ADV_rate_baixo"", ""uppercaseRatio_alto""]",2,0.087037037037037038,,,,"[""POS"", ""estilo""]",True,True,baixa,[],[],[],0,[]
P48,ff9ad6760d78,P48,True,"[""POS_ADV_rate_alto"", ""punctuationDensity_alto""]",2,0.087037037037037038,,,,"[""POS"", ""estilo""]",True,True,baixa,[],[],[],0,[]
P49,42523e125004,P49,True,"[""POS_PRON_rate_baixo"", ""typeTokenRatio_baixo""]",2,0.086805555555555552,,,,"[""POS"", ""lexical""]",True,True,baixa,[],[],[],0,[]
P50,ae41397de7f6,P50,True,"[""POS_NOUN_rate_baixo"", ""POS_PRON_rate_alto""]",2,0.086805555555555552,,,,"[""POS""]",False,True,media,"[""mesma_familia""]",[],[],0,[]
P51,8ac419fa5e22,P51,True,"[""POS_ADJ_rate_baixo"", ""typeTokenRatio_baixo""]",2,0.086574074074074067,,,,"[""POS"", ""lexical""]",True,True,baixa,[],[],[],0,[]
P52,20b6a590e518,P52,True,"[""POS_PROPN_rate_baixo"", ""POS_VERB_rate_alto""]",2,0.085648148148148154,,,,"[""POS""]",False,True,media,"[""mesma_familia""]",[],[],0,[]
P53,e62080daa1b2,P53,True,"[""POS_VERB_rate_baixo"", ""diversidade_baixo""]",2,0.085648148148148154,,,,"[""POS"", ""lexical""]",True,True,baixa,[],[],[],0,[]
P54,ddd715654e17,P54,True,"[""POS_ADJ_rate_alto"", ""POS_PRON_rate_baixo""]",2,0.085416666666666669,,,,"[""POS""]",False,True,media,"[""mesma_familia""]",[],[],0,[]
P55,bcc283e92c52,P55,True,"[""POS_ADV_rate_alto"", ""POS_VERB_rate_alto""]",2,0.085185185185185183,,,,"[""POS""]",False,True,media,"[""mesma_familia""]",[],[],0,[]
P56,987f8704676d,P56,True,"[""POS_NOUN_rate_baixo"", ""POS_VERB_rate_alto""]",2,0.084953703703703698,,,,"[""POS""]",False,True,media,"[""mesma_familia""]",[],[],0,[]
P57,b42c13659cbb,P57,True,"[""POS_ADV_rate_baixo"", ""punctuationDensity_baixo""]",2,0.084490740740740741,,,,"[""POS"", ""estilo""]",True,True,baixa,[],[],[],0,[]
P58,024402489e88,P58,True,"[""POS_ADJ_rate_baixo"", ""POS_PRON_rate_baixo""]",2,0.084259259259259256,,,,"[""POS""]",False,True,media,"[""mesma_familia""]",[],[],0,[]
P59,23e40fe6924d,P59,True,"[""POS_NOUN_rate_alto"", ""POS_PROPN_rate_baixo"", ""uppercaseRatio_baixo""]",3,0.084027777777777785,2.5022977941176476,0.65287769784172667,0.27901614142966952,"[""POS"", ""estilo""]",True,True,baixa,[],[],[],3,"[{""antecedents"": [""POS_NOUN_rate_alto"", ""uppercaseRatio_baixo""], ""consequents"": [""POS_PROPN_rate_baixo""], ""support"": 0.08402777777777778, ""confidence"": 0.6302083333333334, ""lift"": 2.5022977941176476, ""jaccard"": 0.2790161414296695}, {""antecedents"": [""POS_PROPN_rate_baixo"", ""uppercaseRatio_baixo""], ""consequents"": [""POS_NOUN_rate_alto""], ""support"": 0.08402777777777778, ""confidence"": 0.509116409537167, ""lift"": 2.014086894872309, ""jaccard"": 0.2517337031900139}]"
P60,ef58c483518d,P60,True,"[""POS_ADV_rate_alto"", ""diversidade_alto""]",2,0.084027777777777785,,,,"[""POS"", ""lexical""]",True,True,baixa,[],[],[],0,[]
P61,f563fca3c8b3,P61,True,"[""POS_ADJ_rate_baixo"", ""uppercaseRatio_alto""]",2,0.083333333333333329,,,,"[""POS"", ""estilo""]",True,True,baixa,[],[],[],0,[]
P62,26ff6162c3c9,P62,True,"[""POS_PRON_rate_baixo"", ""punctuationDensity_alto""]",2,0.082870370370370372,,,,"[""POS"", ""estilo""]",True,True,baixa,[],[],[],0,[]
P63,eea255f5fe89,P63,True,"[""POS_PRON_rate_baixo"", ""typeTokenRatio_alto""]",2,0.081712962962962959,,,,"[""POS"", ""lexical""]",True,True,baixa,[],[],[],0,[]
P64,0da3dfb1878f,P64,True,"[""POS_NOUN_rate_baixo"", ""punctuationDensity_alto""]",2,0.080787037037037032,,,,"[""POS"", ""estilo""]",True,True,baixa,[],[],[],0,[]
P65,77e04848c1d9,P65,True,"[""POS_ADJ_rate_alto"", ""POS_VERB_rate_baixo""]",2,0.080555555555555561,,,,"[""POS""]",False,True,media,"[""mesma_familia""]",[],[],0,[]
