feature,item,direction,threshold,low_threshold,high_threshold,low_quantile,high_quantile,missing,omitted,omission_reason,criterion,train_occurrences,train_actual_support,validation_missing,validation_actual_support,test_missing,test_actual_support
typeTokenRatio,typeTokenRatio_baixo,baixo,0.63636363636363635,0.63636363636363635,0.73076923076923073,0.25,0.75,0,False,,value <= threshold,1097,0.25393518518518521,0,0.2590277777777778,0,0.25763888888888886
typeTokenRatio,typeTokenRatio_alto,alto,0.73076923076923073,0.63636363636363635,0.73076923076923073,0.25,0.75,0,False,,value >= threshold,1090,0.25231481481481483,0,0.25,0,0.24791666666666667
linkDensity,linkDensity_baixo,baixo,0,0,0,0.25,0.75,0,True,equal_quantiles,value <= threshold,0,0,0,,0,
linkDensity,linkDensity_alto,alto,0,0,0,0.25,0.75,0,True,equal_quantiles,value >= threshold,0,0,0,,0,
punctuationDensity,punctuationDensity_baixo,baixo,0.12,0.12,0.18965517241379309,0.25,0.75,0,False,,value <= threshold,1094,0.25324074074074077,0,0.26527777777777778,0,0.25624999999999998
punctuationDensity,punctuationDensity_alto,alto,0.18965517241379309,0.12,0.18965517241379309,0.25,0.75,0,False,,value >= threshold,1102,0.25509259259259259,0,0.24097222222222223,0,0.27500000000000002
uppercaseRatio,uppercaseRatio_baixo,baixo,0,0,0.038461538461538464,0.25,0.75,0,False,,value <= threshold,1882,0.43564814814814817,0,0.43680555555555556,0,0.44791666666666669
uppercaseRatio,uppercaseRatio_alto,alto,0.038461538461538464,0,0.038461538461538464,0.25,0.75,0,False,,value >= threshold,1100,0.25462962962962965,0,0.26250000000000001,0,0.2326388888888889
diversidade,diversidade_baixo,baixo,0.76470588235294112,0.76470588235294112,0.85416666666666663,0.25,0.75,0,False,,value <= threshold,1087,0.25162037037037038,0,0.24583333333333332,0,0.24027777777777778
diversidade,diversidade_alto,alto,0.85416666666666663,0.76470588235294112,0.85416666666666663,0.25,0.75,0,False,,value >= threshold,1110,0.25694444444444442,0,0.26527777777777778,0,0.26805555555555555
POS_ADJ_rate,POS_ADJ_rate_baixo,baixo,0.020833333333333332,0.020833333333333332,0.068181818181818177,0.25,0.75,0,False,,value <= threshold,1128,0.26111111111111113,0,0.28333333333333333,0,0.26319444444444445
POS_ADJ_rate,POS_ADJ_rate_alto,alto,0.068181818181818177,0.020833333333333332,0.068181818181818177,0.25,0.75,0,False,,value >= threshold,1089,0.25208333333333333,0,0.24305555555555555,0,0.25138888888888888
POS_ADV_rate,POS_ADV_rate_baixo,baixo,0,0,0.041666666666666664,0.25,0.75,0,False,,value <= threshold,1278,0.29583333333333334,0,0.30138888888888887,0,0.30763888888888891
POS_ADV_rate,POS_ADV_rate_alto,alto,0.041666666666666664,0,0.041666666666666664,0.25,0.75,0,False,,value >= threshold,1181,0.27337962962962964,0,0.25833333333333336,0,0.26597222222222222
POS_NOUN_rate,POS_NOUN_rate_baixo,baixo,0.19148936170212766,0.19148936170212766,0.26530612244897961,0.25,0.75,0,False,,value <= threshold,1106,0.25601851851851853,0,0.26527777777777778,0,0.26805555555555555
POS_NOUN_rate,POS_NOUN_rate_alto,alto,0.26530612244897961,0.19148936170212766,0.26530612244897961,0.25,0.75,0,False,,value >= threshold,1092,0.25277777777777777,0,0.24791666666666667,0,0.23125000000000001
POS_PROPN_rate,POS_PROPN_rate_baixo,baixo,0.10416666666666667,0.10416666666666667,0.21568627450980393,0.25,0.75,0,False,,value <= threshold,1088,0.25185185185185183,0,0.2388888888888889,0,0.24930555555555556
POS_PROPN_rate,POS_PROPN_rate_alto,alto,0.21568627450980393,0.10416666666666667,0.21568627450980393,0.25,0.75,0,False,,value >= threshold,1082,0.25046296296296294,0,0.25138888888888888,0,0.25138888888888888
POS_VERB_rate,POS_VERB_rate_baixo,baixo,0.096153846153846159,0.096153846153846159,0.15217391304347827,0.25,0.75,0,False,,value <= threshold,1132,0.26203703703703701,0,0.24305555555555555,0,0.24444444444444444
POS_VERB_rate,POS_VERB_rate_alto,alto,0.15217391304347827,0.096153846153846159,0.15217391304347827,0.25,0.75,0,False,,value >= threshold,1124,0.26018518518518519,0,0.28333333333333333,0,0.27708333333333335
POS_PRON_rate,POS_PRON_rate_baixo,baixo,0,0,0.040816326530612242,0.25,0.75,0,False,,value <= threshold,1448,0.3351851851851852,0,0.31736111111111109,0,0.30138888888888887
POS_PRON_rate,POS_PRON_rate_alto,alto,0.040816326530612242,0,0.040816326530612242,0.25,0.75,0,False,,value >= threshold,1163,0.26921296296296299,0,0.25833333333333336,0,0.28194444444444444
