,media,mediana,moda,n_modas,desvio_padrao,coef_variacao,min,q1,q3,max,iqr,assimetria,curtose_excesso,n_outliers_tukey,pct_zeros
POS_SPACE,0.0169,0.0064,0.001,1,0.0213,1.2609,0.0,0.0012,0.0273,0.1243,0.0261,1.3781,0.9525,278,0.4444
DEP_ROOT,0.056,0.0519,0.048,1,0.0187,0.334,0.0157,0.0438,0.0636,0.2353,0.0197,2.1262,9.5075,296,0.0
POS_ADP,0.1482,0.1504,0.161,1,0.0307,0.2071,0.0,0.1276,0.1695,0.2632,0.0418,-0.2594,0.1349,55,0.0139
POS_NOUN,0.1901,0.1913,0.19,1,0.0276,0.1453,0.0,0.1738,0.2078,0.3333,0.034,-0.3557,1.5239,158,0.0139
DEP_obl,0.0472,0.0475,0.048,1,0.0137,0.2898,0.0,0.0395,0.0555,0.1579,0.016,-0.0004,1.8613,202,0.5694
DEP_iobj,0.001,0.0,0.0,1,0.002,1.9952,0.0,0.0,0.0013,0.0435,0.0013,5.0754,57.19,661,59.9861
POS_SYM,0.0023,0.0,0.0,1,0.0056,2.4478,0.0,0.0,0.0023,0.1017,0.0023,5.7656,55.1349,910,61.9444
DEP_csubj,0.0011,0.0,0.0,1,0.0024,2.1034,0.0,0.0,0.0014,0.0494,0.0014,5.5511,62.5244,701,61.0278
DEP_parataxis,0.0042,0.0033,0.0,1,0.0051,1.2182,0.0,0.0,0.006,0.1132,0.006,4.8019,61.2947,198,29.7083
DEP_fixed,0.0045,0.004,0.0,1,0.0045,1.0043,0.0,0.0,0.0067,0.05,0.0067,1.9268,8.6352,136,28.4722
DEP_flat,0.0021,0.0,0.0,1,0.0047,2.2176,0.0,0.0,0.0024,0.0841,0.0024,4.9892,43.4195,766,58.6944
DEP_obl:agent,0.0042,0.0037,0.0,1,0.0043,1.0148,0.0,0.0,0.0063,0.0714,0.0063,2.051,12.7698,139,27.6806
DEP_cc,0.0239,0.0238,0.022,1,0.0097,0.4049,0.0,0.0179,0.0297,0.0882,0.0119,0.3033,1.3497,230,1.875
DEP_acl:relcl,0.0108,0.0106,0.0,1,0.0067,0.6181,0.0,0.0067,0.0146,0.0667,0.0078,0.982,4.186,140,10.375
DEP_nsubj,0.059,0.0579,0.056,1,0.0148,0.2503,0.0,0.0493,0.0677,0.15,0.0184,0.5224,1.2547,161,0.0278
DEP_acl,0.0115,0.0111,0.0,1,0.0072,0.623,0.0,0.007,0.0153,0.0909,0.0083,1.0251,4.5685,171,9.8472
POS_VERB,0.1082,0.1073,0.112,1,0.0224,0.2071,0.0,0.094,0.1213,0.2857,0.0273,0.3318,1.4819,167,0.0139
DEP_obj,0.0526,0.0516,0.053,1,0.0152,0.2888,0.0,0.0433,0.0602,0.2174,0.0169,0.8929,4.4496,247,0.125
DEP_advcl,0.0128,0.0125,0.0,1,0.0072,0.5667,0.0,0.0083,0.0169,0.0714,0.0086,0.7065,2.5029,135,8.0694
POS_PROPN,0.1091,0.1069,0.116,1,0.0436,0.3994,0.0,0.0784,0.1342,0.5333,0.0558,0.9425,3.8615,104,0.0694
DEP_compound,0.0004,0.0,0.0,1,0.0019,5.5213,0.0,0.0,0.0,0.1,0.0,23.3823,1014.9884,857,88.0972
DEP_appos,0.0184,0.0169,0.016,1,0.0108,0.5883,0.0,0.0112,0.0238,0.1592,0.0126,1.6988,9.0881,199,3.0
DEP_amod,0.0345,0.0332,0.029,1,0.016,0.4621,0.0,0.0236,0.0436,0.1073,0.02,0.6245,0.8681,153,1.4306
DEP_expl,0.0032,0.0023,0.0,1,0.004,1.2378,0.0,0.0,0.0047,0.0476,0.0047,2.5487,11.9382,265,33.4444
DEP_nummod,0.0119,0.0099,0.0,1,0.0106,0.8886,0.0,0.0054,0.0159,0.125,0.0104,2.5915,13.9547,320,12.0417
DEP_nsubj:pass,0.0068,0.0058,0.0,1,0.0062,0.9053,0.0,0.0026,0.0096,0.0714,0.007,1.7881,7.0065,266,18.75
POS_PRON,0.0318,0.0291,0.023,1,0.0177,0.5565,0.0,0.02,0.0409,0.1698,0.0209,1.1052,2.5404,214,2.2639
DEP_mark,0.0273,0.0269,0.026,1,0.0127,0.4651,0.0,0.019,0.035,0.1067,0.016,0.4132,1.103,97,2.8194
POS_AUX,0.0287,0.0275,0.023,1,0.0121,0.4221,0.0,0.0209,0.0352,0.1429,0.0143,0.847,3.1203,164,1.4722
POS_NUM,0.0247,0.0219,0.0,1,0.0172,0.696,0.0,0.014,0.0312,0.2983,0.0172,2.6898,19.5531,305,3.5972
DEP_discourse,0.0001,0.0,0.0,1,0.0007,6.5435,0.0,0.0,0.0,0.0192,0.0,11.9391,198.7214,457,93.6528
