classe,feature,media,mediana,moda,n_modas,desvio_padrao,coef_variacao,min,q1,q3,max,iqr,assimetria,curtose_excesso,n_outliers_tukey,pct_zeros
verdadeira,POS_SPACE,0.0039,0.0012,0.001,1,0.0076,1.9347,0.0001,0.0007,0.0024,0.1061,0.0017,3.9632,24.1551,576,0.0
verdadeira,DEP_ROOT,0.0484,0.047,0.042,1,0.0109,0.2257,0.0182,0.0411,0.054,0.1667,0.0129,1.2646,5.3879,107,0.0
verdadeira,POS_ADP,0.1599,0.161,0.164,1,0.0247,0.1543,0.0296,0.1441,0.1766,0.2417,0.0324,-0.1739,0.2634,35,0.0
verdadeira,POS_NOUN,0.1983,0.1982,0.206,1,0.0209,0.1055,0.0296,0.1855,0.2115,0.2834,0.026,-0.2471,2.3363,62,0.0
verdadeira,DEP_obl,0.0509,0.0502,0.048,1,0.0099,0.1938,0.0066,0.0443,0.0566,0.1006,0.0122,0.4985,1.3774,70,0.0
verdadeira,DEP_iobj,0.001,0.0008,0.0,1,0.0012,1.1686,0.0,0.0,0.0016,0.01,0.0016,1.7546,5.0424,87,38.8611
verdadeira,POS_SYM,0.0024,0.0009,0.0,1,0.0048,1.9464,0.0,0.0,0.003,0.1017,0.003,6.8741,95.9757,283,43.0
verdadeira,DEP_csubj,0.0011,0.0008,0.0,1,0.0014,1.2505,0.0,0.0,0.0018,0.017,0.0018,2.2157,10.376,105,40.7778
verdadeira,DEP_parataxis,0.0047,0.004,0.004,1,0.004,0.8449,0.0,0.0023,0.0061,0.0993,0.0038,5.8997,103.5844,141,5.5556
verdadeira,DEP_fixed,0.0049,0.0047,0.004,1,0.003,0.6054,0.0,0.0029,0.0066,0.0306,0.0038,0.9044,2.5341,70,5.9444
verdadeira,DEP_flat,0.002,0.0009,0.0,1,0.0032,1.6114,0.0,0.0,0.0028,0.041,0.0028,3.8322,24.9444,214,40.2222
verdadeira,DEP_obl:agent,0.0045,0.0041,0.004,1,0.003,0.6618,0.0,0.0023,0.0062,0.0246,0.0039,0.9972,1.9751,69,6.0278
verdadeira,DEP_cc,0.0256,0.0253,0.025,1,0.0074,0.29,0.0,0.0207,0.03,0.0714,0.0093,0.4954,1.3429,63,0.0556
verdadeira,DEP_acl:relcl,0.0118,0.0115,0.011,1,0.0045,0.386,0.0,0.0087,0.0147,0.0306,0.006,0.3646,0.4233,38,0.6944
verdadeira,DEP_nsubj,0.0562,0.0558,0.054,1,0.0112,0.1995,0.01,0.0487,0.0634,0.1072,0.0147,0.1127,0.3845,40,0.0
verdadeira,DEP_acl,0.0123,0.012,0.013,1,0.0049,0.4017,0.0,0.009,0.0152,0.0386,0.0062,0.5677,1.1369,61,0.5556
verdadeira,POS_VERB,0.1048,0.1047,0.112,1,0.0176,0.1682,0.0109,0.0937,0.1152,0.1768,0.0215,0.0953,0.8365,67,0.0
verdadeira,DEP_obj,0.05,0.0502,0.053,1,0.0101,0.2018,0.0054,0.0435,0.0564,0.0988,0.0129,0.0213,0.6244,61,0.0
verdadeira,DEP_advcl,0.0134,0.0133,0.014,1,0.005,0.3718,0.0,0.01,0.0166,0.041,0.0066,0.3106,0.5287,58,0.4722
verdadeira,POS_PROPN,0.103,0.1029,0.105,2,0.0387,0.3753,0.0076,0.0747,0.1271,0.4912,0.0524,0.6855,3.2406,28,0.0
verdadeira,DEP_compound,0.0003,0.0,0.0,1,0.001,2.9422,0.0,0.0,0.0,0.0167,0.0,5.2333,41.1523,703,80.4722
verdadeira,DEP_appos,0.0169,0.0159,0.013,1,0.0083,0.4918,0.0,0.0115,0.0212,0.1592,0.0098,2.6125,28.7727,72,0.0556
verdadeira,DEP_amod,0.0357,0.0344,0.032,1,0.0134,0.3744,0.0,0.0265,0.0432,0.1036,0.0167,0.6867,0.9707,76,0.1111
verdadeira,DEP_expl,0.0029,0.0026,0.002,1,0.0022,0.7766,0.0,0.0013,0.0041,0.0184,0.0028,1.1424,2.4698,86,13.5556
verdadeira,DEP_nummod,0.0118,0.0104,0.009,1,0.0077,0.6516,0.0,0.0068,0.015,0.1126,0.0082,2.3813,15.9037,138,1.2778
verdadeira,DEP_nsubj:pass,0.0068,0.0061,0.004,1,0.0043,0.6274,0.0,0.0037,0.0091,0.0343,0.0054,1.085,2.003,84,2.8889
verdadeira,POS_PRON,0.0329,0.0302,0.03,1,0.0152,0.4605,0.0,0.0226,0.0405,0.1438,0.0179,1.2459,3.0931,104,0.1667
verdadeira,DEP_mark,0.0281,0.0279,0.03,1,0.0101,0.358,0.0,0.0211,0.0346,0.071,0.0135,0.2303,0.2398,32,0.1389
verdadeira,POS_AUX,0.0275,0.0265,0.023,1,0.0089,0.3252,0.0,0.0214,0.0325,0.0855,0.0112,0.6532,1.3248,77,0.0278
verdadeira,POS_NUM,0.0245,0.0226,0.022,1,0.0127,0.5176,0.0,0.0161,0.0303,0.1426,0.0141,1.8189,7.5063,113,0.0278
verdadeira,DEP_discourse,0.0001,0.0,0.0,1,0.0003,3.6772,0.0,0.0,0.0,0.0043,0.0,5.5767,45.8906,357,90.0833
falsa,POS_SPACE,0.0299,0.0247,0.006,1,0.0227,0.7585,0.0,0.0093,0.0476,0.1243,0.0383,0.6164,-0.639,3,0.8889
falsa,DEP_ROOT,0.0635,0.0596,0.058,1,0.0216,0.3402,0.0157,0.0492,0.0733,0.2353,0.0241,1.8183,7.2568,119,0.0
falsa,POS_ADP,0.1364,0.1358,0.126,1,0.0316,0.2316,0.0,0.1154,0.158,0.2632,0.0427,0.0425,0.179,28,0.0278
falsa,POS_NOUN,0.1819,0.1814,0.167,1,0.0309,0.1698,0.0,0.1628,0.2018,0.3333,0.0391,-0.0009,1.1243,63,0.0278
falsa,DEP_obl,0.0436,0.043,0.041,1,0.0158,0.3634,0.0,0.0336,0.0532,0.1579,0.0197,0.3022,1.4862,82,1.1389
falsa,DEP_iobj,0.001,0.0,0.0,1,0.0026,2.5765,0.0,0.0,0.0,0.0435,0.0,4.6078,40.6926,680,81.1111
falsa,POS_SYM,0.0021,0.0,0.0,1,0.0063,2.9747,0.0,0.0,0.0,0.0884,0.0,5.1073,36.8568,688,80.8889
falsa,DEP_csubj,0.0011,0.0,0.0,1,0.003,2.7305,0.0,0.0,0.0,0.0494,0.0,5.0865,45.4324,674,81.2778
falsa,DEP_parataxis,0.0037,0.0,0.0,1,0.006,1.6245,0.0,0.0,0.0059,0.1132,0.0059,4.3732,45.2084,153,53.8611
falsa,DEP_fixed,0.004,0.0,0.0,1,0.0056,1.3856,0.0,0.0,0.0067,0.05,0.0067,2.0517,6.9334,126,51.0
falsa,DEP_flat,0.0022,0.0,0.0,1,0.0058,2.6052,0.0,0.0,0.0,0.0841,0.0,4.6022,34.0242,822,77.1667
falsa,DEP_obl:agent,0.0039,0.0019,0.0,1,0.0052,1.3369,0.0,0.0,0.0065,0.0714,0.0065,2.1511,10.8211,113,49.3333
falsa,DEP_cc,0.0221,0.0216,0.018,1,0.0112,0.5066,0.0,0.0144,0.029,0.0882,0.0146,0.5075,0.9941,38,3.6944
falsa,DEP_acl:relcl,0.0099,0.0089,0.0,1,0.0082,0.8287,0.0,0.0044,0.0143,0.0667,0.0099,1.2434,3.4973,84,20.0556
falsa,DEP_nsubj,0.0619,0.0609,0.059,1,0.0172,0.2777,0.0,0.05,0.0725,0.15,0.0225,0.3497,0.604,46,0.0556
falsa,DEP_acl,0.0107,0.0095,0.0,1,0.0088,0.8193,0.0,0.0048,0.0154,0.0909,0.0106,1.1967,3.6306,79,19.1389
falsa,POS_VERB,0.1116,0.1114,0.101,1,0.0259,0.2321,0.0,0.0945,0.1282,0.2857,0.0337,0.1888,0.9701,32,0.0278
falsa,DEP_obj,0.0551,0.054,0.053,1,0.0186,0.3374,0.0,0.0429,0.0657,0.2174,0.0228,0.6765,2.7824,72,0.25
falsa,DEP_advcl,0.0121,0.0113,0.0,1,0.0089,0.7343,0.0,0.006,0.0173,0.0714,0.0113,0.8666,1.7071,67,15.6667
falsa,POS_PROPN,0.1152,0.1119,0.102,1,0.0472,0.4099,0.0,0.083,0.1419,0.5333,0.0589,0.9785,3.6797,61,0.1389
falsa,DEP_compound,0.0004,0.0,0.0,1,0.0025,7.1915,0.0,0.0,0.0,0.1,0.0,20.389,684.4096,154,95.7222
falsa,DEP_appos,0.0199,0.0182,0.0,1,0.0127,0.638,0.0,0.011,0.0269,0.1176,0.0159,1.1777,3.6295,73,5.9444
falsa,DEP_amod,0.0334,0.0312,0.0,1,0.0181,0.5427,0.0,0.0204,0.044,0.1073,0.0236,0.665,0.5458,73,2.75
falsa,DEP_expl,0.0036,0.0,0.0,1,0.0051,1.4461,0.0,0.0,0.0058,0.0476,0.0058,2.105,6.9447,152,53.3333
falsa,DEP_nummod,0.012,0.009,0.0,1,0.0128,1.0685,0.0,0.0033,0.017,0.125,0.0137,2.3761,10.1701,151,22.8056
falsa,DEP_nsubj:pass,0.0069,0.0053,0.0,1,0.0076,1.1105,0.0,0.0,0.0103,0.0714,0.0103,1.6957,5.0718,94,34.6111
falsa,POS_PRON,0.0308,0.0275,0.0,1,0.0199,0.6468,0.0,0.0167,0.0412,0.1698,0.0245,1.0788,2.0068,95,4.3611
falsa,DEP_mark,0.0264,0.0256,0.0,1,0.0148,0.5602,0.0,0.016,0.0353,0.1067,0.0193,0.543,0.8221,50,5.5
falsa,POS_AUX,0.0299,0.0288,0.028,1,0.0145,0.485,0.0,0.0203,0.0385,0.1429,0.0182,0.6747,2.0838,61,2.9167
falsa,POS_NUM,0.0249,0.0207,0.0,1,0.0207,0.8334,0.0,0.0112,0.0331,0.2983,0.0219,2.6327,16.7701,146,7.1667
falsa,DEP_discourse,0.0001,0.0,0.0,1,0.001,7.0271,0.0,0.0,0.0,0.0192,0.0,9.4616,116.9825,100,97.2222
