protocol,track,method,partition,n_samples,n_true,n_fake,macro_f1,balanced_accuracy,precision_fake,recall_fake,f1_fake,fpr_true,accuracy,roc_auc,average_precision,threshold_q95,noise_rate,assignment_coverage,selected,parameters_json,eps_method,cluster_count_train,train_noise_rate,core_count_train,fit_seconds,parameter_name,parameter_value,eps,min_samples,cluster_count,cluster_sizes_json,noise_count,silhouette_cosine_nonnoise,ari,nmi,cluster_composition_json,k,stability_seeds,stability_pairwise_ari,stability_mean_pairwise_ari,selection_rule,validation_silhouette_cosine,core_count,valid,invalid_reason,features,fit_warnings
canonical_random_group,novelty_detection,DBSCANStyleNovelty,validation,1440.0,720.0,720.0,0.5196982411320189,0.5840277777777778,0.8134715025906736,0.21805555555555556,0.343921139101862,0.05,0.5840277777777778,0.9381298225308642,0.8728308363278687,2.9036225079916664,0.5756944444444444,0.42430555555555555,False,"{""eps"": 0.3829763572036036, ""min_samples"": 5}",predefined k-distance quantiles; knee unstable (strength < 0.02 or endpoint),14.0,0.14351851851851852,1726.0,0.016144000008353032,,,,,,,,,,,,,,,,,,,,,,
canonical_random_group,novelty_detection,DBSCANStyleNovelty,validation,1440.0,720.0,720.0,0.9645757995407009,0.9645833333333333,0.951417004048583,0.9791666666666666,0.9650924024640657,0.05,0.9645833333333333,0.9602719907407409,0.9091600387310347,1.6370351220009305,0.5333333333333333,0.4666666666666667,True,"{""eps"": 0.5733831828891132, ""min_samples"": 5}",predefined k-distance quantiles; knee unstable (strength < 0.02 or endpoint),5.0,0.06851851851851852,1943.0,0.020304999998188578,,,,,,,,,,,,,,,,,,,,,,
canonical_random_group,novelty_detection,DBSCANStyleNovelty,validation,1440.0,720.0,720.0,0.9074728522778385,0.9076388888888889,0.9453717754172989,0.8652777777777778,0.9035532994923858,0.05,0.9076388888888889,0.9531317515432097,0.9087636686929382,0.9054291992535759,0.4361111111111111,0.5638888888888889,False,"{""eps"": 0.8650753772018578, ""min_samples"": 5}",predefined k-distance quantiles; knee unstable (strength < 0.02 or endpoint),3.0,0.033796296296296297,2049.0,0.028704299998935312,,,,,,,,,,,,,,,,,,,,,,
canonical_random_group,novelty_detection,DBSCANStyleNovelty,validation,1440.0,720.0,720.0,0.529379441149165,0.5902777777777778,0.8217821782178217,0.23055555555555557,0.3600867678958785,0.05,0.5902777777777778,0.9342293595679013,0.8629754495131929,1.9969758832811058,0.5638888888888889,0.4361111111111111,False,"{""eps"": 0.5608427529374449, ""min_samples"": 10}",predefined k-distance quantiles; knee unstable (strength < 0.02 or endpoint),2.0,0.13333333333333333,1729.0,0.01896899999701418,,,,,,,,,,,,,,,,,,,,,,
canonical_random_group,novelty_detection,KMeansNovelty,validation,1440.0,720.0,720.0,0.45116079468789166,0.5423611111111111,0.7293233082706767,0.13472222222222222,0.22743259085580306,0.05,0.5423611111111111,0.6562905092592592,0.6245072783741143,3.3415026918899393,,,False,"{""k"": 1}",,,,,,k,1.0,,,,,,,,,,,,,,,,,,,,
canonical_random_group,novelty_detection,KMeansNovelty,validation,1440.0,720.0,720.0,0.4402182515665881,0.5361111111111111,0.7096774193548387,0.12222222222222222,0.20853080568720378,0.05,0.5361111111111111,0.7278414351851852,0.6678041602554903,2.81407856357322,,,False,"{""k"": 2}",,,,,,k,2.0,,,,,,,,,,,,,,,,,,,,
canonical_random_group,novelty_detection,KMeansNovelty,validation,1440.0,720.0,720.0,0.44266616456411223,0.5375,0.7142857142857143,0.125,0.2127659574468085,0.05,0.5375,0.7598649691358024,0.6912752495834933,2.4580213999484566,,,False,"{""k"": 4}",,,,,,k,4.0,,,,,,,,,,,,,,,,,,,,
canonical_random_group,novelty_detection,KMeansNovelty,validation,1440.0,720.0,720.0,0.43899077039187834,0.5354166666666667,0.7073170731707317,0.12083333333333333,0.20640569395017794,0.05,0.5354166666666667,0.8351003086419752,0.7503202767489252,2.030049808893606,,,True,"{""algorithm"": ""lloyd"", ""init"": ""k-means++"", ""n_clusters"": 8, ""n_init"": 20, ""random_state"": 42}",,,,,,k,8.0,,,,,,,,,,,,,,,,,,,,
canonical_random_group,novelty_detection,IsolationForest,validation,1440.0,720.0,720.0,0.9638819216669883,0.9638888888888888,0.9513513513513514,0.9777777777777777,0.9643835616438357,0.05,0.9638888888888889,0.9731365740740741,0.9538269552207651,0.08418247008884833,,,True,"{""contamination"": ""auto"", ""n_estimators"": 300, ""n_jobs"": -1, ""random_state"": 42}",,,,,,n_estimators,300.0,,,,,,,,,,,,,,,,,,,,
canonical_random_group,novelty_detection,LOF,validation,1440.0,720.0,720.0,0.9388813433757254,0.9388888888888889,0.9488636363636364,0.9277777777777778,0.9382022471910112,0.05,0.9388888888888889,0.9766820987654321,0.9667712282325065,-0.054244918135349506,,,True,"{""algorithm"": ""auto"", ""contamination"": ""auto"", ""metric"": ""minkowski"", ""n_jobs"": 1, ""n_neighbors"": 10, ""novelty"": true, ""p"": 2}",,,,,,n_neighbors,10.0,,,,,,,,,,,,,,,,,,,,
canonical_random_group,novelty_detection,LOF,validation,1440.0,720.0,720.0,0.9277420948616601,0.9277777777777778,0.9476744186046512,0.9055555555555556,0.9261363636363636,0.05,0.9277777777777778,0.9736458333333334,0.9590821223830581,-0.06068389800318384,,,False,"{""n_neighbors"": 20}",,,,,,n_neighbors,20.0,,,,,,,,,,,,,,,,,,,,
canonical_random_group,novelty_detection,LOF,validation,1440.0,720.0,720.0,0.8412397969836343,0.8430555555555556,0.9363957597173145,0.7361111111111112,0.8242612752721618,0.05,0.8430555555555556,0.963468364197531,0.9351872032539604,-0.0264607751255293,,,False,"{""n_neighbors"": 40}",,,,,,n_neighbors,40.0,,,,,,,,,,,,,,,,,,,,
canonical_random_group,novelty_detection,LOF,validation,1440.0,720.0,720.0,0.6713584964114215,0.6930555555555555,0.8971428571428571,0.4361111111111111,0.5869158878504673,0.05,0.6930555555555555,0.942698688271605,0.8925083456241574,0.020870605954888082,,,False,"{""n_neighbors"": 80}",,,,,,n_neighbors,80.0,,,,,,,,,,,,,,,,,,,,
canonical_random_group,novelty_detection,OneClassSVM,validation,1440.0,720.0,720.0,0.6375717305949864,0.6666666666666666,0.8846153846153846,0.38333333333333336,0.5348837209302325,0.05,0.6666666666666666,0.7590354938271604,0.7419609930066557,-0.0038524961386066443,,,False,"{""nu"": 0.01}",,,,,,nu,0.01,,,,,,,,,,,,,,,,,,,,
canonical_random_group,novelty_detection,OneClassSVM,validation,1440.0,720.0,720.0,0.6228583015105944,0.6555555555555556,0.8783783783783784,0.3611111111111111,0.5118110236220472,0.05,0.6555555555555556,0.8176736111111111,0.7758716796532157,-0.0023997548112961987,,,False,"{""nu"": 0.025}",,,,,,nu,0.025,,,,,,,,,,,,,,,,,,,,
canonical_random_group,novelty_detection,OneClassSVM,validation,1440.0,720.0,720.0,0.5186136071887034,0.5833333333333333,0.8125,0.21666666666666667,0.34210526315789475,0.05,0.5833333333333334,0.8392881944444444,0.7851429348315969,0.28907495797599997,,,False,"{""nu"": 0.05}",,,,,,nu,0.05,,,,,,,,,,,,,,,,,,,,
canonical_random_group,novelty_detection,OneClassSVM,validation,1440.0,720.0,720.0,0.4689924966331046,0.5527777777777778,0.7567567567567568,0.15555555555555556,0.25806451612903225,0.05,0.5527777777777778,0.861545138888889,0.7959542083157182,3.3926127700232978,,,True,"{""gamma"": ""scale"", ""kernel"": ""rbf"", ""nu"": 0.1}",,,,,,nu,0.1,,,,,,,,,,,,,,,,,,,,
canonical_random_group,novelty_detection,KMeansNovelty,test,1440.0,720.0,720.0,0.4351692103516921,0.5381944444444444,0.7619047619047619,0.1111111111111111,0.19393939393939394,0.034722222222222224,0.5381944444444444,0.8470659722222222,0.7750559756854677,2.030049808893606,,,True,"{""algorithm"": ""lloyd"", ""init"": ""k-means++"", ""n_clusters"": 8, ""n_init"": 20, ""random_state"": 42}",,,,,,,,,,,,,,,,,,,,,,,,,,,
canonical_random_group,novelty_detection,IsolationForest,test,1440.0,720.0,720.0,0.972912891505423,0.9729166666666667,0.9620081411126187,0.9847222222222223,0.9732326698695951,0.03888888888888889,0.9729166666666667,0.9786014660493827,0.9750488535055448,0.08418247008884833,,,True,"{""contamination"": ""auto"", ""n_estimators"": 300, ""n_jobs"": -1, ""random_state"": 42}",,,,,,,,,,,,,,,,,,,,,,,,,,,
canonical_random_group,novelty_detection,LOF,test,1440.0,720.0,720.0,0.9479075977251055,0.9479166666666667,0.9600570613409415,0.9347222222222222,0.9472202674173118,0.03888888888888889,0.9479166666666666,0.9766126543209876,0.9659317442250601,-0.054244918135349506,,,True,"{""algorithm"": ""auto"", ""contamination"": ""auto"", ""metric"": ""minkowski"", ""n_jobs"": 1, ""n_neighbors"": 10, ""novelty"": true, ""p"": 2}",,,,,,,,,,,,,,,,,,,,,,,,,,,
canonical_random_group,novelty_detection,OneClassSVM,test,1440.0,720.0,720.0,0.4685380116959064,0.55625,0.8,0.15,0.25263157894736843,0.0375,0.55625,0.8738329475308643,0.8266131957276945,3.3926127700232978,,,True,"{""gamma"": ""scale"", ""kernel"": ""rbf"", ""nu"": 0.1}",,,,,,,,,,,,,,,,,,,,,,,,,,,
canonical_random_group,novelty_detection,DBSCANStyleNovelty,test,1440.0,720.0,720.0,0.9666557963533637,0.9666666666666667,0.9504021447721179,0.9847222222222223,0.9672578444747613,0.05138888888888889,0.9666666666666667,0.9597559799382716,0.9186412747516193,1.6370351220009305,0.53125,0.46875,True,"{""eps"": 0.5733831828891132, ""min_samples"": 5}",predefined k-distance quantiles; knee unstable (strength < 0.02 or endpoint),5.0,0.06851851851851852,1943.0,0.020304999998188578,,,0.5733831828891132,5.0,,,,,,,,,,,,,,,,,,
canonical_random_group,topic_discovery_kmeans,KMeansTopic,train,4320.0,,,,,,,,,,,,,0.0,,,,,,,,,,,,,8.0,"{""0"": 894, ""1"": 80, ""2"": 532, ""3"": 505, ""4"": 421, ""5"": 882, ""6"": 198, ""7"": 808}",0.0,0.009047336876392365,0.07257639376336546,0.09191110596044805,"[{""cluster_id"": 0, ""fake_1"": 238, ""total"": 894, ""true_0"": 656}, {""cluster_id"": 1, ""fake_1"": 0, ""total"": 80, ""true_0"": 80}, {""cluster_id"": 2, ""fake_1"": 219, ""total"": 532, ""true_0"": 313}, {""cluster_id"": 3, ""fake_1"": 171, ""total"": 505, ""true_0"": 334}, {""cluster_id"": 4, ""fake_1"": 143, ""total"": 421, ""true_0"": 278}, {""cluster_id"": 5, ""fake_1"": 572, ""total"": 882, ""true_0"": 310}, {""cluster_id"": 6, ""fake_1"": 106, ""total"": 198, ""true_0"": 92}, {""cluster_id"": 7, ""fake_1"": 711, ""total"": 808, ""true_0"": 97}]",8.0,"[42, 17, 123]","[{""seed_a"": 42, ""seed_b"": 17, ""ari"": 0.5293039680002016}, {""seed_a"": 42, ""seed_b"": 123, ""ari"": 0.42717960961915197}, {""seed_a"": 17, ""seed_b"": 123, ""ari"": 0.3881030349563099}]",0.4481955375252212,maximum non-noise cosine silhouette on unlabeled validation; tie -> smaller k,,,,,,
canonical_random_group,topic_discovery,KMeansTopic,validation_selection,,,,,,,,,,,,,,,,True,,,,,,,,,,,,,,,,,,8.0,,,,maximum non-noise cosine silhouette on unlabeled validation; tie -> smaller k,0.009608596563339233,,,,,
canonical_random_group,topic_discovery_candidate,DBSCANTopic,train,,,,,,,,,,,,,,0.7657407407407407,,True,,normalized maximum vertical deviation from endpoint chord; stable knee,,,,0.427476700002444,,,0.7718185782432556,5.0,39.0,"{""0"": 588, ""1"": 6, ""2"": 58, ""3"": 112, ""4"": 10, ""5"": 9, ""6"": 9, ""7"": 20, ""8"": 13, ""9"": 5, ""10"": 6, ""11"": 5, ""12"": 5, ""13"": 8, ""14"": 6, ""15"": 6, ""16"": 5, ""17"": 8, ""18"": 5, ""19"": 7, ""20"": 5, ""21"": 6, ""22"": 13, ""23"": 5, ""24"": 7, ""25"": 6, ""26"": 8, ""27"": 7, ""28"": 4, ""29"": 5, ""30"": 9, ""31"": 5, ""32"": 5, ""33"": 6, ""34"": 4, ""35"": 11, ""36"": 4, ""37"": 6, ""38"": 5}",,0.03424932807683945,,,,,,,,,,581.0,True,,,
canonical_random_group,topic_discovery_candidate,DBSCANTopic,train,,,,,,,,,,,,,,0.649537037037037,,False,,normalized maximum vertical deviation from endpoint chord; stable knee,,,,0.4062481999862939,,,0.8181741237640381,10.0,8.0,"{""0"": 1238, ""1"": 177, ""2"": 34, ""3"": 17, ""4"": 7, ""5"": 10, ""6"": 20, ""7"": 11}",,0.01846971921622753,,,,,,,,,,776.0,True,,,
canonical_random_group,topic_discovery_candidate,DBSCANTopic,train,,,,,,,,,,,,,,0.6189814814814815,,False,,normalized maximum vertical deviation from endpoint chord; stable knee,,,,0.3913695999945048,,,0.8373956680297852,20.0,4.0,"{""0"": 1378, ""1"": 198, ""2"": 47, ""3"": 23}",,0.021978704258799553,,,,,,,,,,686.0,True,,,
canonical_random_group,topic_discovery_candidate,DBSCANTopic,train,,,,,,,,,,,,,,0.5432870370370371,,False,,normalized maximum vertical deviation from endpoint chord; stable knee,,,,0.023400100006256253,,,0.8566654324531555,40.0,1.0,"{""0"": 1973}",,,,,,,,,,,,681.0,False,fewer than two non-noise clusters,,
canonical_random_group,topic_discovery,DBSCANTopic,train,4320.0,,,,,,,,,,,,,0.7657407407407407,,,,,,,,,,,,,39.0,"{""0"": 588, ""1"": 6, ""2"": 58, ""3"": 112, ""4"": 10, ""5"": 9, ""6"": 9, ""7"": 20, ""8"": 13, ""9"": 5, ""10"": 6, ""11"": 5, ""12"": 5, ""13"": 8, ""14"": 6, ""15"": 6, ""16"": 5, ""17"": 8, ""18"": 5, ""19"": 7, ""20"": 5, ""21"": 6, ""22"": 13, ""23"": 5, ""24"": 7, ""25"": 6, ""26"": 8, ""27"": 7, ""28"": 4, ""29"": 5, ""30"": 9, ""31"": 5, ""32"": 5, ""33"": 6, ""34"": 4, ""35"": 11, ""36"": 4, ""37"": 6, ""38"": 5}",3308.0,0.03424932807683945,0.03531604050088303,0.05921485506193347,"[{""cluster_id"": -1, ""fake_1"": 1876, ""total"": 3308, ""true_0"": 1432}, {""cluster_id"": 0, ""fake_1"": 112, ""total"": 588, ""true_0"": 476}, {""cluster_id"": 1, ""fake_1"": 3, ""total"": 6, ""true_0"": 3}, {""cluster_id"": 2, ""fake_1"": 18, ""total"": 58, ""true_0"": 40}, {""cluster_id"": 3, ""fake_1"": 47, ""total"": 112, ""true_0"": 65}, {""cluster_id"": 4, ""fake_1"": 5, ""total"": 10, ""true_0"": 5}, {""cluster_id"": 5, ""fake_1"": 4, ""total"": 9, ""true_0"": 5}, {""cluster_id"": 6, ""fake_1"": 6, ""total"": 9, ""true_0"": 3}, {""cluster_id"": 7, ""fake_1"": 12, ""total"": 20, ""true_0"": 8}, {""cluster_id"": 8, ""fake_1"": 7, ""total"": 13, ""true_0"": 6}, {""cluster_id"": 9, ""fake_1"": 1, ""total"": 5, ""true_0"": 4}, {""cluster_id"": 10, ""fake_1"": 5, ""total"": 6, ""true_0"": 1}, {""cluster_id"": 11, ""fake_1"": 5, ""total"": 5, ""true_0"": 0}, {""cluster_id"": 12, ""fake_1"": 3, ""total"": 5, ""true_0"": 2}, {""cluster_id"": 13, ""fake_1"": 8, ""total"": 8, ""true_0"": 0}, {""cluster_id"": 14, ""fake_1"": 6, ""total"": 6, ""true_0"": 0}, {""cluster_id"": 15, ""fake_1"": 5, ""total"": 6, ""true_0"": 1}, {""cluster_id"": 16, ""fake_1"": 2, ""total"": 5, ""true_0"": 3}, {""cluster_id"": 17, ""fake_1"": 0, ""total"": 8, ""true_0"": 8}, {""cluster_id"": 18, ""fake_1"": 2, ""total"": 5, ""true_0"": 3}, {""cluster_id"": 19, ""fake_1"": 2, ""total"": 7, ""true_0"": 5}, {""cluster_id"": 20, ""fake_1"": 2, ""total"": 5, ""true_0"": 3}, {""cluster_id"": 21, ""fake_1"": 1, ""total"": 6, ""true_0"": 5}, {""cluster_id"": 22, ""fake_1"": 0, ""total"": 13, ""true_0"": 13}, {""cluster_id"": 23, ""fake_1"": 1, ""total"": 5, ""true_0"": 4}, {""cluster_id"": 24, ""fake_1"": 1, ""total"": 7, ""true_0"": 6}, {""cluster_id"": 25, ""fake_1"": 0, ""total"": 6, ""true_0"": 6}, {""cluster_id"": 26, ""fake_1"": 2, ""total"": 8, ""true_0"": 6}, {""cluster_id"": 27, ""fake_1"": 3, ""total"": 7, ""true_0"": 4}, {""cluster_id"": 28, ""fake_1"": 2, ""total"": 4, ""true_0"": 2}, {""cluster_id"": 29, ""fake_1"": 2, ""total"": 5, ""true_0"": 3}, {""cluster_id"": 30, ""fake_1"": 1, ""total"": 9, ""true_0"": 8}, {""cluster_id"": 31, ""fake_1"": 4, ""total"": 5, ""true_0"": 1}, {""cluster_id"": 32, ""fake_1"": 3, ""total"": 5, ""true_0"": 2}, {""cluster_id"": 33, ""fake_1"": 4, ""total"": 6, ""true_0"": 2}, {""cluster_id"": 34, ""fake_1"": 0, ""total"": 4, ""true_0"": 4}, {""cluster_id"": 35, ""fake_1"": 1, ""total"": 11, ""true_0"": 10}, {""cluster_id"": 36, ""fake_1"": 1, ""total"": 4, ""true_0"": 3}, {""cluster_id"": 37, ""fake_1"": 0, ""total"": 6, ""true_0"": 6}, {""cluster_id"": 38, ""fake_1"": 3, ""total"": 5, ""true_0"": 2}]",,,,,,,,,,,
secondary_temporal_group,novelty_detection,DBSCANStyleNovelty,validation,1452.0,726.0,726.0,0.5004734513274336,0.571625344352617,0.7921348314606742,0.19421487603305784,0.31194690265486724,0.05096418732782369,0.571625344352617,0.9131690685973181,0.8430887335715932,3.057339372097953,0.5847107438016529,0.4152892561983471,False,"{""eps"": 0.3681010360604885, ""min_samples"": 5}",predefined k-distance quantiles; knee unstable (strength < 0.02 or endpoint),15.0,0.1454460966542751,1718.0,0.015793799990206026,,,,,,,,,,,,,,,,,,,,,,
secondary_temporal_group,novelty_detection,DBSCANStyleNovelty,validation,1452.0,726.0,726.0,0.5696585251441912,0.6170798898071626,0.8483606557377049,0.28512396694214875,0.4268041237113402,0.05096418732782369,0.6170798898071626,0.9241940441226694,0.8603208577760273,1.788932472163833,0.5296143250688705,0.4703856749311295,False,"{""eps"": 0.570553081451455, ""min_samples"": 5}",predefined k-distance quantiles; knee unstable (strength < 0.02 or endpoint),6.0,0.06505576208178439,1935.0,0.020479999991948716,,,,,,,,,,,,,,,,,,,,,,
secondary_temporal_group,novelty_detection,DBSCANStyleNovelty,validation,1452.0,726.0,726.0,0.7700424869635605,0.7768595041322314,0.9222689075630253,0.6046831955922864,0.7304492512479202,0.05096418732782369,0.7768595041322314,0.9326520274116065,0.8803666486394879,1.2873754946431326,0.512396694214876,0.48760330578512395,True,"{""eps"": 0.779151629211782, ""min_samples"": 5}",predefined k-distance quantiles; knee unstable (strength < 0.02 or endpoint),2.0,0.03345724907063197,2043.0,0.025127200002316386,,,,,,,,,,,,,,,,,,,,,,
secondary_temporal_group,novelty_detection,DBSCANStyleNovelty,validation,1452.0,726.0,726.0,0.4915649900398406,0.5661157024793388,0.7823529411764706,0.18319559228650137,0.296875,0.05096418732782369,0.5661157024793388,0.90690621466354,0.8337506720579797,2.2421549399511327,0.5626721763085399,0.43732782369146006,False,"{""eps"": 0.5331457776239261, ""min_samples"": 10}",predefined k-distance quantiles; knee unstable (strength < 0.02 or endpoint),4.0,0.12453531598513011,1718.0,0.017694499998469837,,,,,,,,,,,,,,,,,,,,,,
secondary_temporal_group,novelty_detection,KMeansNovelty,validation,1452.0,726.0,726.0,0.4154616498366498,0.522038567493113,0.6509433962264151,0.09504132231404959,0.1658653846153846,0.05096418732782369,0.522038567493113,0.6677433614886659,0.6268549197898107,3.605481463695698,,,False,"{""k"": 1}",,,,,,k,1.0,,,,,,,,,,,,,,,,,,,,
secondary_temporal_group,novelty_detection,KMeansNovelty,validation,1452.0,726.0,726.0,0.4316698805360217,0.53099173553719,0.6890756302521008,0.11294765840220386,0.1940828402366864,0.05096418732782369,0.53099173553719,0.7281141619045451,0.6705264631064863,2.861291541701276,,,False,"{""k"": 2}",,,,,,k,2.0,,,,,,,,,,,,,,,,,,,,
secondary_temporal_group,novelty_detection,KMeansNovelty,validation,1452.0,726.0,726.0,0.43901418519686586,0.5351239669421488,0.704,0.12121212121212122,0.20681551116333724,0.05096418732782369,0.5351239669421488,0.7570397817392559,0.6907701258224919,2.4755291092448877,,,False,"{""k"": 4}",,,,,,k,4.0,,,,,,,,,,,,,,,,,,,,
secondary_temporal_group,novelty_detection,KMeansNovelty,validation,1452.0,726.0,726.0,0.44023007440353623,0.5358126721763086,0.7063492063492064,0.12258953168044077,0.20892018779342722,0.05096418732782369,0.5358126721763086,0.8232408609005153,0.7419871020346718,2.001645334558786,,,True,"{""algorithm"": ""lloyd"", ""init"": ""k-means++"", ""n_clusters"": 8, ""n_init"": 20, ""random_state"": 42}",,,,,,k,8.0,,,,,,,,,,,,,,,,,,,,
secondary_temporal_group,novelty_detection,IsolationForest,validation,1452.0,726.0,726.0,0.845502300613497,0.8471074380165289,0.9359861591695502,0.7451790633608816,0.8297546012269938,0.05096418732782369,0.8471074380165289,0.9414420311302354,0.9131445278156843,0.10387356043321005,,,True,"{""contamination"": ""auto"", ""n_estimators"": 300, ""n_jobs"": -1, ""random_state"": 42}",,,,,,n_estimators,300.0,,,,,,,,,,,,,,,,,,,,
secondary_temporal_group,novelty_detection,LOF,validation,1452.0,726.0,726.0,0.8718405635923574,0.8725895316804408,0.9398373983739837,0.7961432506887053,0.8620432513049963,0.05096418732782369,0.8725895316804407,0.9534004583779189,0.9340787561223917,0.2865530690622269,,,True,"{""algorithm"": ""auto"", ""contamination"": ""auto"", ""metric"": ""minkowski"", ""n_jobs"": 1, ""n_neighbors"": 10, ""novelty"": true, ""p"": 2}",,,,,,n_neighbors,10.0,,,,,,,,,,,,,,,,,,,,
secondary_temporal_group,novelty_detection,LOF,validation,1452.0,726.0,726.0,0.8179492966222823,0.8209366391184573,0.9314814814814815,0.6928374655647382,0.7946287519747235,0.05096418732782369,0.8209366391184573,0.9474183988646798,0.9263345084896837,0.20666318235371656,,,False,"{""n_neighbors"": 20}",,,,,,n_neighbors,20.0,,,,,,,,,,,,,,,,,,,,
secondary_temporal_group,novelty_detection,LOF,validation,1452.0,726.0,726.0,0.7381033917878972,0.7486225895316805,0.9149425287356322,0.5482093663911846,0.6856158484065461,0.05096418732782369,0.7486225895316805,0.9361771357451296,0.9064230464120487,0.13364047143263963,,,False,"{""n_neighbors"": 40}",,,,,,n_neighbors,40.0,,,,,,,,,,,,,,,,,,,,
secondary_temporal_group,novelty_detection,LOF,validation,1452.0,726.0,726.0,0.6204489718920958,0.6535812672176309,0.8754208754208754,0.3581267217630854,0.5083088954056696,0.05096418732782369,0.6535812672176309,0.9146527256031387,0.865445955471453,0.09437314404829994,,,False,"{""n_neighbors"": 80}",,,,,,n_neighbors,80.0,,,,,,,,,,,,,,,,,,,,
secondary_temporal_group,novelty_detection,OneClassSVM,validation,1452.0,726.0,726.0,0.6781185216377299,0.6983471074380165,0.8977900552486188,0.4476584022038568,0.5974264705882353,0.05096418732782369,0.6983471074380165,0.8133428575765166,0.7897280172827312,-0.0018191737323943746,,,False,"{""nu"": 0.01}",,,,,,nu,0.01,,,,,,,,,,,,,,,,,,,,
secondary_temporal_group,novelty_detection,OneClassSVM,validation,1452.0,726.0,726.0,0.6494111073232873,0.6756198347107438,0.8875379939209727,0.4022038567493113,0.5535545023696683,0.05096418732782369,0.6756198347107438,0.8349165964680615,0.7974551248560269,0.007433559225473729,,,False,"{""nu"": 0.025}",,,,,,nu,0.025,,,,,,,,,,,,,,,,,,,,
secondary_temporal_group,novelty_detection,OneClassSVM,validation,1452.0,726.0,726.0,0.5146928316499998,0.5805785123966942,0.806282722513089,0.21212121212121213,0.33587786259541985,0.05096418732782369,0.5805785123966942,0.8622617990574414,0.8041564579400757,0.6707954674691354,,,False,"{""nu"": 0.05}",,,,,,nu,0.05,,,,,,,,,,,,,,,,,,,,
secondary_temporal_group,novelty_detection,OneClassSVM,validation,1452.0,726.0,726.0,0.4593763863362697,0.546831955922865,0.7394366197183099,0.1446280991735537,0.24193548387096775,0.05096418732782369,0.546831955922865,0.8880607350742586,0.8153857676944016,4.348940299719949,,,True,"{""gamma"": ""scale"", ""kernel"": ""rbf"", ""nu"": 0.1}",,,,,,nu,0.1,,,,,,,,,,,,,,,,,,,,
secondary_temporal_group,novelty_detection,KMeansNovelty,test,1442.0,721.0,721.0,0.44254667116509216,0.5423023578363384,0.7747747747747747,0.11927877947295423,0.20673076923076922,0.03467406380027739,0.5423023578363384,0.8576805215440876,0.7879040493456286,2.001645334558786,,,True,"{""algorithm"": ""lloyd"", ""init"": ""k-means++"", ""n_clusters"": 8, ""n_init"": 20, ""random_state"": 42}",,,,,,,,,,,,,,,,,,,,,,,,,,,
secondary_temporal_group,novelty_detection,IsolationForest,test,1442.0,721.0,721.0,0.8574906661512705,0.8592233009708738,0.9608540925266904,0.7489597780859917,0.8417770849571318,0.030513176144244106,0.8592233009708737,0.9828899605841016,0.9740682164393983,0.10387356043321005,,,True,"{""contamination"": ""auto"", ""n_estimators"": 300, ""n_jobs"": -1, ""random_state"": 42}",,,,,,,,,,,,,,,,,,,,,,,,,,,
secondary_temporal_group,novelty_detection,LOF,test,1442.0,721.0,721.0,0.9185524293934229,0.9188626907073509,0.9778481012658228,0.8571428571428571,0.9135254988913526,0.019417475728155338,0.9188626907073509,0.9879953678143893,0.9795558368684598,0.2865530690622269,,,True,"{""algorithm"": ""auto"", ""contamination"": ""auto"", ""metric"": ""minkowski"", ""n_jobs"": 1, ""n_neighbors"": 10, ""novelty"": true, ""p"": 2}",,,,,,,,,,,,,,,,,,,,,,,,,,,
secondary_temporal_group,novelty_detection,OneClassSVM,test,1442.0,721.0,721.0,0.4764514618951388,0.5638002773925104,0.8484848484848485,0.1553398058252427,0.26260257913247365,0.027739251040221916,0.5638002773925104,0.9209344780423246,0.8692885116723154,4.348940299719949,,,True,"{""gamma"": ""scale"", ""kernel"": ""rbf"", ""nu"": 0.1}",,,,,,,,,,,,,,,,,,,,,,,,,,,
secondary_temporal_group,novelty_detection,DBSCANStyleNovelty,test,1442.0,721.0,721.0,0.8107185718571857,0.8155339805825244,0.9633401221995926,0.6560332871012483,0.7805280528052805,0.024965325936199722,0.8155339805825242,0.9771497438639891,0.9430829928293805,1.2873754946431326,0.5201109570041609,0.4798890429958391,True,"{""eps"": 0.779151629211782, ""min_samples"": 5}",predefined k-distance quantiles; knee unstable (strength < 0.02 or endpoint),2.0,0.03345724907063197,2043.0,0.025127200002316386,,,0.779151629211782,5.0,,,,,,,,,,,,,,,,,,
secondary_temporal_group,topic_discovery_kmeans,KMeansTopic,train,4304.0,,,,,,,,,,,,,0.0,,,,,,,,,,,,,8.0,"{""0"": 828, ""1"": 330, ""2"": 506, ""3"": 1477, ""4"": 426, ""5"": 90, ""6"": 246, ""7"": 401}",0.0,0.010586963966488838,0.06797501085804246,0.09750615175209307,"[{""cluster_id"": 0, ""fake_1"": 772, ""total"": 828, ""true_0"": 56}, {""cluster_id"": 1, ""fake_1"": 99, ""total"": 330, ""true_0"": 231}, {""cluster_id"": 2, ""fake_1"": 146, ""total"": 506, ""true_0"": 360}, {""cluster_id"": 3, ""fake_1"": 637, ""total"": 1477, ""true_0"": 840}, {""cluster_id"": 4, ""fake_1"": 217, ""total"": 426, ""true_0"": 209}, {""cluster_id"": 5, ""fake_1"": 0, ""total"": 90, ""true_0"": 90}, {""cluster_id"": 6, ""fake_1"": 124, ""total"": 246, ""true_0"": 122}, {""cluster_id"": 7, ""fake_1"": 157, ""total"": 401, ""true_0"": 244}]",8.0,"[42, 17, 123]","[{""seed_a"": 42, ""seed_b"": 17, ""ari"": 0.5461055819042955}, {""seed_a"": 42, ""seed_b"": 123, ""ari"": 0.5966459418640827}, {""seed_a"": 17, ""seed_b"": 123, ""ari"": 0.657614274692999}]",0.6001219328204591,maximum non-noise cosine silhouette on unlabeled validation; tie -> smaller k,,,,,,
secondary_temporal_group,topic_discovery,KMeansTopic,validation_selection,,,,,,,,,,,,,,,,True,,,,,,,,,,,,,,,,,,8.0,,,,maximum non-noise cosine silhouette on unlabeled validation; tie -> smaller k,0.00829745177179575,,,,,
secondary_temporal_group,topic_discovery_candidate,DBSCANTopic,train,,,,,,,,,,,,,,0.8396840148698885,,True,,normalized maximum vertical deviation from endpoint chord; stable knee,,,,0.2098299999925075,,,0.7283468246459961,5.0,41.0,"{""0"": 262, ""1"": 16, ""2"": 12, ""3"": 13, ""4"": 19, ""5"": 23, ""6"": 20, ""7"": 6, ""8"": 18, ""9"": 7, ""10"": 20, ""11"": 6, ""12"": 5, ""13"": 5, ""14"": 5, ""15"": 5, ""16"": 30, ""17"": 38, ""18"": 6, ""19"": 41, ""20"": 14, ""21"": 5, ""22"": 6, ""23"": 7, ""24"": 10, ""25"": 5, ""26"": 7, ""27"": 7, ""28"": 5, ""29"": 5, ""30"": 6, ""31"": 5, ""32"": 5, ""33"": 6, ""34"": 6, ""35"": 5, ""36"": 5, ""37"": 5, ""38"": 5, ""39"": 6, ""40"": 8}",,0.07707925140857697,,,,,,,,,,348.0,True,,,
secondary_temporal_group,topic_discovery_candidate,DBSCANTopic,train,,,,,,,,,,,,,,0.6900557620817844,,False,,normalized maximum vertical deviation from endpoint chord; stable knee,,,,0.40433439999469556,,,0.7935543656349182,10.0,8.0,"{""0"": 1044, ""1"": 183, ""2"": 24, ""3"": 18, ""4"": 15, ""5"": 23, ""6"": 15, ""7"": 12}",,0.0370786227285862,,,,,,,,,,676.0,True,,,
secondary_temporal_group,topic_discovery_candidate,DBSCANTopic,train,,,,,,,,,,,,,,0.6491635687732342,,False,,normalized maximum vertical deviation from endpoint chord; stable knee,,,,0.4082868999976199,,,0.8182188272476196,20.0,3.0,"{""0"": 1262, ""1"": 218, ""2"": 30}",,0.03608030080795288,,,,,,,,,,637.0,True,,,
secondary_temporal_group,topic_discovery_candidate,DBSCANTopic,train,,,,,,,,,,,,,,0.49256505576208176,,False,,normalized maximum vertical deviation from endpoint chord; stable knee,,,,0.39794919999258127,,,0.8528500199317932,40.0,2.0,"{""0"": 1914, ""1"": 270}",,0.032615777105093,,,,,,,,,,868.0,True,,,
secondary_temporal_group,topic_discovery,DBSCANTopic,train,4304.0,,,,,,,,,,,,,0.8396840148698885,,,,,,,,,,,,,41.0,"{""0"": 262, ""1"": 16, ""2"": 12, ""3"": 13, ""4"": 19, ""5"": 23, ""6"": 20, ""7"": 6, ""8"": 18, ""9"": 7, ""10"": 20, ""11"": 6, ""12"": 5, ""13"": 5, ""14"": 5, ""15"": 5, ""16"": 30, ""17"": 38, ""18"": 6, ""19"": 41, ""20"": 14, ""21"": 5, ""22"": 6, ""23"": 7, ""24"": 10, ""25"": 5, ""26"": 7, ""27"": 7, ""28"": 5, ""29"": 5, ""30"": 6, ""31"": 5, ""32"": 5, ""33"": 6, ""34"": 6, ""35"": 5, ""36"": 5, ""37"": 5, ""38"": 5, ""39"": 6, ""40"": 8}",3614.0,0.07707925140857697,0.024034029169520466,0.07250597951874158,"[{""cluster_id"": -1, ""fake_1"": 2018, ""total"": 3614, ""true_0"": 1596}, {""cluster_id"": 0, ""fake_1"": 29, ""total"": 262, ""true_0"": 233}, {""cluster_id"": 1, ""fake_1"": 8, ""total"": 16, ""true_0"": 8}, {""cluster_id"": 2, ""fake_1"": 6, ""total"": 12, ""true_0"": 6}, {""cluster_id"": 3, ""fake_1"": 5, ""total"": 13, ""true_0"": 8}, {""cluster_id"": 4, ""fake_1"": 7, ""total"": 19, ""true_0"": 12}, {""cluster_id"": 5, ""fake_1"": 5, ""total"": 23, ""true_0"": 18}, {""cluster_id"": 6, ""fake_1"": 8, ""total"": 20, ""true_0"": 12}, {""cluster_id"": 7, ""fake_1"": 5, ""total"": 6, ""true_0"": 1}, {""cluster_id"": 8, ""fake_1"": 4, ""total"": 18, ""true_0"": 14}, {""cluster_id"": 9, ""fake_1"": 3, ""total"": 7, ""true_0"": 4}, {""cluster_id"": 10, ""fake_1"": 9, ""total"": 20, ""true_0"": 11}, {""cluster_id"": 11, ""fake_1"": 6, ""total"": 6, ""true_0"": 0}, {""cluster_id"": 12, ""fake_1"": 5, ""total"": 5, ""true_0"": 0}, {""cluster_id"": 13, ""fake_1"": 5, ""total"": 5, ""true_0"": 0}, {""cluster_id"": 14, ""fake_1"": 1, ""total"": 5, ""true_0"": 4}, {""cluster_id"": 15, ""fake_1"": 1, ""total"": 5, ""true_0"": 4}, {""cluster_id"": 16, ""fake_1"": 10, ""total"": 30, ""true_0"": 20}, {""cluster_id"": 17, ""fake_1"": 0, ""total"": 38, ""true_0"": 38}, {""cluster_id"": 18, ""fake_1"": 0, ""total"": 6, ""true_0"": 6}, {""cluster_id"": 19, ""fake_1"": 1, ""total"": 41, ""true_0"": 40}, {""cluster_id"": 20, ""fake_1"": 1, ""total"": 14, ""true_0"": 13}, {""cluster_id"": 21, ""fake_1"": 1, ""total"": 5, ""true_0"": 4}, {""cluster_id"": 22, ""fake_1"": 1, ""total"": 6, ""true_0"": 5}, {""cluster_id"": 23, ""fake_1"": 1, ""total"": 7, ""true_0"": 6}, {""cluster_id"": 24, ""fake_1"": 2, ""total"": 10, ""true_0"": 8}, {""cluster_id"": 25, ""fake_1"": 0, ""total"": 5, ""true_0"": 5}, {""cluster_id"": 26, ""fake_1"": 0, ""total"": 7, ""true_0"": 7}, {""cluster_id"": 27, ""fake_1"": 1, ""total"": 7, ""true_0"": 6}, {""cluster_id"": 28, ""fake_1"": 0, ""total"": 5, ""true_0"": 5}, {""cluster_id"": 29, ""fake_1"": 1, ""total"": 5, ""true_0"": 4}, {""cluster_id"": 30, ""fake_1"": 3, ""total"": 6, ""true_0"": 3}, {""cluster_id"": 31, ""fake_1"": 1, ""total"": 5, ""true_0"": 4}, {""cluster_id"": 32, ""fake_1"": 0, ""total"": 5, ""true_0"": 5}, {""cluster_id"": 33, ""fake_1"": 1, ""total"": 6, ""true_0"": 5}, {""cluster_id"": 34, ""fake_1"": 0, ""total"": 6, ""true_0"": 6}, {""cluster_id"": 35, ""fake_1"": 0, ""total"": 5, ""true_0"": 5}, {""cluster_id"": 36, ""fake_1"": 0, ""total"": 5, ""true_0"": 5}, {""cluster_id"": 37, ""fake_1"": 0, ""total"": 5, ""true_0"": 5}, {""cluster_id"": 38, ""fake_1"": 1, ""total"": 5, ""true_0"": 4}, {""cluster_id"": 39, ""fake_1"": 1, ""total"": 6, ""true_0"": 5}, {""cluster_id"": 40, ""fake_1"": 1, ""total"": 8, ""true_0"": 7}]",,,,,,,,,,,
canonical_random_group,supervised_baseline,LogisticRegression,test,1440.0,720.0,720.0,0.9492967284524361,0.9493055555555556,0.9614835948644793,0.9361111111111111,0.9486277269528501,0.0375,0.9493055555555555,0.9894791666666667,0.9906279229398526,,,,True,"{""class_weight"": ""balanced"", ""features"": ""word+char"", ""max_iter"": 1000, ""score_adapter"": ""predict_proba""}",,,,,0.37474320000910666,,,,,,,,,,,,,,,,,,,,,word+char,[]
canonical_random_group,supervised_baseline,LinearSVC,test,1440.0,720.0,720.0,0.9666614575194041,0.9666666666666667,0.9786324786324786,0.9541666666666667,0.9662447257383966,0.020833333333333332,0.9666666666666667,0.994074074074074,0.9949417377725568,,,,True,"{""class_weight"": ""balanced"", ""features"": ""word+char+meta"", ""max_iter"": 2000, ""random_state"": 42, ""score_adapter"": ""decision_function""}",,,,,21.623347300002933,,,,,,,,,,,,,,,,,,,,,word+char+meta,"[""Liblinear failed to converge, increase the number of iterations.""]"
canonical_random_group,supervised_baseline,RandomForest,test,1440.0,720.0,720.0,0.9104069451980467,0.9104166666666667,0.9191489361702128,0.9,0.9094736842105263,0.07916666666666666,0.9104166666666667,0.9721778549382717,0.9753723179321397,,,,True,"{""features"": ""word+char"", ""n_estimators"": 100, ""random_state"": 42, ""score_adapter"": ""predict_proba""}",,,,,9.63620149999042,,,,,,,,,,,,,,,,,,,,,word+char,[]
canonical_random_group,pu_baseline,PULearningSpyRF,test,1440.0,720.0,720.0,0.7183085506175937,0.7368055555555556,0.6565656565656566,0.9930555555555556,0.7904919845218352,0.5194444444444445,0.7368055555555556,0.943347800925926,0.949260299259692,,,,True,"{""final_estimators"": 300, ""known_positive"": ""Fake (label=1) train only"", ""reliable_negatives"": 631, ""spy_fraction"": 0.15, ""spy_threshold"": 0.065, ""temporary_estimators"": 200, ""threshold"": 0.5, ""unlabeled"": ""True (label=0) train only""}",,,,,17.10945570000331,,,,,,,,,,,,,,,,,,,,,,
