pattern_id,features,pattern_text,directed_rule_ids,representative_rule_id,validation_occurrences,validation_support,validation_filters_pass,rediscovery_fraction,mechanism_families,redundancy_family,has_structural_overlap,contains_added_item,eligible_for_review,review_score,display_status,selection_status,redundant_with_pattern_id
afaef19656e5,"[""DEP_advmod_rate_baixo"", ""POS_ADV_rate_baixo""]",DEP_advmod_rate_baixo + POS_ADV_rate_baixo,"[""909d0314f156"", ""e16ef8f4fcce""]",909d0314f156,416,0.28888888888888886,True,1,"[""modificacao_adverbial""]",modificacao_adverbial,True,False,True,0.53748384988656994,research_only,review_candidate,
bd070c47a225,"[""DEP_advmod_rate_alto"", ""POS_ADV_rate_alto""]",DEP_advmod_rate_alto + POS_ADV_rate_alto,"[""0e6f83146046"", ""2b20d484cff5""]",2b20d484cff5,331,0.2298611111111111,True,1,"[""modificacao_adverbial""]",modificacao_adverbial,True,False,True,0.47943832878808418,research_only,same_mechanism_family,
58bd81f28dc3,"[""DEP_amod_rate_baixo"", ""POS_ADJ_rate_baixo""]",DEP_amod_rate_baixo + POS_ADJ_rate_baixo,"[""244c5810fb80"", ""6bca368dfbfe""]",6bca368dfbfe,299,0.2076388888888889,True,1,"[""adjetivacao""]",adjetivacao,True,False,True,0.45567410381641055,research_only,review_candidate,
dcc82376b8a6,"[""DEP_ccomp_rate_baixo"", ""DEP_nsubj_rate_baixo""]",DEP_ccomp_rate_baixo + DEP_nsubj_rate_baixo,"[""b8a91c1713be""]",b8a91c1713be,294,0.20416666666666666,True,1,"[""DEP_ccomp"", ""DEP_nsubj""]",DEP_ccomp|DEP_nsubj,False,False,True,0.45184805705753195,research_only,review_candidate,
044b4a18072c,"[""DEP_ccomp_rate_baixo"", ""POS_VERB_rate_baixo""]",DEP_ccomp_rate_baixo + POS_VERB_rate_baixo,"[""3d086ad2bddd""]",3d086ad2bddd,281,0.19513888888888889,True,1,"[""DEP_ccomp"", ""POS_VERB""]",DEP_ccomp|POS_VERB,False,False,True,0.44174527602328573,research_only,review_candidate,
19c77db982d8,"[""DEP_advcl_rate_baixo"", ""POS_VERB_rate_baixo""]",DEP_advcl_rate_baixo + POS_VERB_rate_baixo,"[""3463c6400cca""]",3463c6400cca,272,0.18888888888888888,True,1,"[""DEP_advcl"", ""POS_VERB""]",DEP_advcl|POS_VERB,False,False,True,0.4346134936801766,research_only,review_candidate,
c44390a7edde,"[""DEP_amod_rate_alto"", ""POS_ADJ_rate_alto""]",DEP_amod_rate_alto + POS_ADJ_rate_alto,"[""4022a7b5dcf8"", ""a4dfda82672f""]",4022a7b5dcf8,272,0.18888888888888888,True,1,"[""adjetivacao""]",adjetivacao,True,False,True,0.4346134936801766,research_only,same_mechanism_family,
11e010b31664,"[""DEP_advcl_rate_baixo"", ""DEP_advmod_rate_baixo""]",DEP_advcl_rate_baixo + DEP_advmod_rate_baixo,"[""367f068cdc49""]",367f068cdc49,295,0.2048611111111111,True,0.94999999999999996,"[""DEP_advcl"", ""modificacao_adverbial""]",DEP_advcl|modificacao_adverbial,False,False,True,0.4299850611100085,research_only,review_candidate,
0be090b950f3,"[""DEP_advcl_rate_baixo"", ""POS_ADV_rate_baixo""]",DEP_advcl_rate_baixo + POS_ADV_rate_baixo,"[""0d6a1ab9b984""]",0d6a1ab9b984,269,0.18680555555555556,True,0.98999999999999999,"[""DEP_advcl"", ""modificacao_adverbial""]",DEP_advcl|modificacao_adverbial,False,False,True,0.427887981836368,research_only,same_mechanism_family,
b86bb0636b87,"[""DEP_advcl_rate_baixo"", ""DEP_advmod_rate_baixo"", ""POS_ADV_rate_baixo""]",DEP_advcl_rate_baixo + DEP_advmod_rate_baixo + POS_ADV_rate_baixo,"[""320210af9326"", ""52ce443b15a9"", ""6a7d0b0aeb06"", ""7e1c9731ccca"", ""a9cc0766f780""]",7e1c9731ccca,259,0.17986111111111111,True,1,"[""DEP_advcl"", ""modificacao_adverbial""]",DEP_advcl|modificacao_adverbial,True,False,True,0.42410035499998244,research_only,same_mechanism_family,
b1ddd811a80b,"[""DEP_advcl_rate_baixo"", ""POS_PROPN_rate_alto""]",DEP_advcl_rate_baixo + POS_PROPN_rate_alto,"[""714dc4c2aebf""]",714dc4c2aebf,253,0.17569444444444443,True,1,"[""DEP_advcl"", ""POS_PROPN""]",DEP_advcl|POS_PROPN,False,False,True,0.41915921133197637,research_only,review_candidate,
7313e2f29fbd,"[""DEP_advmod_rate_baixo"", ""DEP_ccomp_rate_baixo"", ""POS_ADV_rate_baixo""]",DEP_advmod_rate_baixo + DEP_ccomp_rate_baixo + POS_ADV_rate_baixo,"[""5bd1b89b2971"", ""6bc0044768d2"", ""8f07dbefebd7"", ""a686b7ddfc02""]",6bc0044768d2,252,0.17499999999999999,True,1,"[""DEP_ccomp"", ""modificacao_adverbial""]",DEP_ccomp|modificacao_adverbial,True,False,True,0.41833001326703778,research_only,review_candidate,
3624da99214c,"[""DEP_advcl_rate_baixo"", ""DEP_obj_rate_baixo""]",DEP_advcl_rate_baixo + DEP_obj_rate_baixo,"[""c672065287b4""]",c672065287b4,251,0.17430555555555555,True,1,"[""DEP_advcl"", ""DEP_obj""]",DEP_advcl|DEP_obj,False,False,True,0.41749916832917827,research_only,review_candidate,
757b92cfcc31,"[""DEP_amod_rate_alto"", ""DEP_ccomp_rate_baixo""]",DEP_amod_rate_alto + DEP_ccomp_rate_baixo,"[""7d817c58a054""]",7d817c58a054,251,0.17430555555555555,True,1,"[""DEP_ccomp"", ""adjetivacao""]",DEP_ccomp|adjetivacao,False,False,True,0.41749916832917827,research_only,review_candidate,
b38b5fa88b86,"[""DEP_ccomp_rate_baixo"", ""POS_NOUN_rate_alto""]",DEP_ccomp_rate_baixo + POS_NOUN_rate_alto,"[""12141a4f6b1e""]",12141a4f6b1e,239,0.16597222222222222,True,1,"[""DEP_ccomp"", ""POS_NOUN""]",DEP_ccomp|POS_NOUN,False,False,True,0.40739688538601054,research_only,review_candidate,
955c07a3d79c,"[""POS_PROPN_rate_baixo"", ""uppercaseRatio_baixo""]",POS_PROPN_rate_baixo + uppercaseRatio_baixo,"[""58f2585b6892""]",58f2585b6892,237,0.16458333333333333,True,1,"[""POS_PROPN"", ""uppercaseRatio""]",POS_PROPN|uppercaseRatio,False,False,True,0.4056887148212695,research_only,review_candidate,
e31526165276,"[""DEP_ccomp_rate_baixo"", ""POS_ADJ_rate_alto""]",DEP_ccomp_rate_baixo + POS_ADJ_rate_alto,"[""679c1c019611""]",679c1c019611,228,0.15833333333333333,True,0.98999999999999999,"[""DEP_ccomp"", ""adjetivacao""]",DEP_ccomp|adjetivacao,False,False,True,0.39393210074833962,research_only,same_mechanism_family,
295d4f796a9f,"[""DEP_advcl_rate_baixo"", ""DEP_ccomp_rate_baixo"", ""POS_VERB_rate_baixo""]",DEP_advcl_rate_baixo + DEP_ccomp_rate_baixo + POS_VERB_rate_baixo,"[""37419ebed314"", ""997465f0e852"", ""cead9c6146a2""]",37419ebed314,220,0.15277777777777779,True,1,"[""DEP_advcl"", ""DEP_ccomp"", ""POS_VERB""]",DEP_advcl|DEP_ccomp|POS_VERB,False,False,True,0.39086797998528583,research_only,redundant_coverage,19c77db982d8
2d6fe5ae264a,"[""DEP_advcl_rate_baixo"", ""diversidade_baixo""]",DEP_advcl_rate_baixo + diversidade_baixo,"[""cfeb8222ad8a""]",cfeb8222ad8a,225,0.15625,True,0.97999999999999998,"[""DEP_advcl"", ""diversidade""]",DEP_advcl|diversidade,False,False,True,0.38737901337062647,research_only,review_candidate,
aaea6e78e590,"[""POS_PRON_rate_alto"", ""uppercaseRatio_baixo""]",POS_PRON_rate_alto + uppercaseRatio_baixo,"[""3583c1292032""]",3583c1292032,202,0.14027777777777778,True,1,"[""POS_PRON"", ""uppercaseRatio""]",POS_PRON|uppercaseRatio,False,False,True,0.37453675090407051,research_only,review_candidate,
c206aeeaf203,"[""DEP_advcl_rate_baixo"", ""POS_NOUN_rate_alto""]",DEP_advcl_rate_baixo + POS_NOUN_rate_alto,"[""93993666a2b1""]",93993666a2b1,224,0.15555555555555556,True,0.92000000000000004,"[""DEP_advcl"", ""POS_NOUN""]",DEP_advcl|POS_NOUN,False,False,True,0.36285289336344317,research_only,review_candidate,
c25927785443,"[""DEP_advmod_rate_alto"", ""POS_ADV_rate_alto"", ""uppercaseRatio_baixo""]",DEP_advmod_rate_alto + POS_ADV_rate_alto + uppercaseRatio_baixo,"[""30553b8c2ed9"", ""4203ea06f871"", ""c0151b5459e7""]",30553b8c2ed9,187,0.12986111111111112,True,1,"[""modificacao_adverbial"", ""uppercaseRatio""]",modificacao_adverbial|uppercaseRatio,True,False,True,0.36036247184066089,research_only,review_candidate,
0449a19a868e,"[""DEP_amod_rate_alto"", ""DEP_ccomp_rate_baixo"", ""POS_ADJ_rate_alto""]",DEP_amod_rate_alto + DEP_ccomp_rate_baixo + POS_ADJ_rate_alto,"[""64cfc41cd29c"", ""9dd991d064e5"", ""aa24ffb4eb59"", ""b5170c164a80""]",64cfc41cd29c,182,0.12638888888888888,True,1,"[""DEP_ccomp"", ""adjetivacao""]",DEP_ccomp|adjetivacao,True,False,True,0.35551215012835902,research_only,same_mechanism_family,
93b724bf542f,"[""DEP_advcl_rate_baixo"", ""DEP_ccomp_rate_baixo"", ""DEP_nsubj_rate_baixo""]",DEP_advcl_rate_baixo + DEP_ccomp_rate_baixo + DEP_nsubj_rate_baixo,"[""009210998a05""]",009210998a05,179,0.12430555555555556,True,1,"[""DEP_advcl"", ""DEP_ccomp"", ""DEP_nsubj""]",DEP_advcl|DEP_ccomp|DEP_nsubj,False,False,True,0.35256993002176967,research_only,review_candidate,
325226a1f87d,"[""DEP_advmod_rate_alto"", ""DEP_ccomp_rate_baixo"", ""POS_ADV_rate_alto""]",DEP_advmod_rate_alto + DEP_ccomp_rate_baixo + POS_ADV_rate_alto,"[""3a43eba7e197"", ""e9d40e61c25e""]",3a43eba7e197,176,0.12222222222222222,True,1,"[""DEP_ccomp"", ""modificacao_adverbial""]",DEP_ccomp|modificacao_adverbial,True,False,True,0.34960294939005049,research_only,same_mechanism_family,
41a962e4c892,"[""DEP_advcl_rate_baixo"", ""DEP_advmod_rate_baixo"", ""DEP_ccomp_rate_baixo""]",DEP_advcl_rate_baixo + DEP_advmod_rate_baixo + DEP_ccomp_rate_baixo,"[""c39dc0f07e9d"", ""f29a269a9955""]",c39dc0f07e9d,184,0.12777777777777777,True,0.96999999999999997,"[""DEP_advcl"", ""DEP_ccomp"", ""modificacao_adverbial""]",DEP_advcl|DEP_ccomp|modificacao_adverbial,False,False,True,0.34673637119735662,research_only,review_candidate,
aedde8177efa,"[""DEP_advcl_rate_baixo"", ""DEP_advmod_rate_alto"", ""POS_ADV_rate_alto""]",DEP_advcl_rate_baixo + DEP_advmod_rate_alto + POS_ADV_rate_alto,"[""16c6600c19ac"", ""9300fc3b3306""]",16c6600c19ac,173,0.12013888888888889,True,1,"[""DEP_advcl"", ""modificacao_adverbial""]",DEP_advcl|modificacao_adverbial,True,False,True,0.34661057238475701,research_only,same_mechanism_family,
87c3de1ac3a4,"[""DEP_amod_rate_baixo"", ""DEP_ccomp_rate_baixo"", ""POS_ADJ_rate_baixo""]",DEP_amod_rate_baixo + DEP_ccomp_rate_baixo + POS_ADJ_rate_baixo,"[""3685c5ddb125"", ""aeaddd728517""]",3685c5ddb125,172,0.11944444444444445,True,1,"[""DEP_ccomp"", ""adjetivacao""]",DEP_ccomp|adjetivacao,True,False,True,0.34560735588879538,research_only,same_mechanism_family,
db6f966588f8,"[""POS_NOUN_rate_alto"", ""uppercaseRatio_baixo""]",POS_NOUN_rate_alto + uppercaseRatio_baixo,"[""692298c7e196""]",692298c7e196,182,0.12638888888888888,True,0.96999999999999997,"[""POS_NOUN"", ""uppercaseRatio""]",POS_NOUN|uppercaseRatio,False,False,True,0.34484678562450821,research_only,review_candidate,
07169a263124,"[""DEP_advmod_rate_baixo"", ""POS_ADV_rate_baixo"", ""POS_PRON_rate_baixo""]",DEP_advmod_rate_baixo + POS_ADV_rate_baixo + POS_PRON_rate_baixo,"[""29ad7ad49736"", ""f5ab4e4371a9""]",f5ab4e4371a9,171,0.11874999999999999,True,1,"[""POS_PRON"", ""modificacao_adverbial""]",POS_PRON|modificacao_adverbial,True,False,True,0.34460121880225553,research_only,review_candidate,
c3c54c8e2eed,"[""DEP_advcl_rate_baixo"", ""DEP_amod_rate_baixo"", ""POS_ADJ_rate_baixo""]",DEP_advcl_rate_baixo + DEP_amod_rate_baixo + POS_ADJ_rate_baixo,"[""2f67d0170d28"", ""c990f45e3bd8""]",2f67d0170d28,170,0.11805555555555555,True,1,"[""DEP_advcl"", ""adjetivacao""]",DEP_advcl|adjetivacao,True,False,True,0.34359213546813838,research_only,outside_review_top20,
40dd9a8492f4,"[""DEP_advcl_rate_baixo"", ""DEP_ccomp_rate_baixo"", ""POS_PROPN_rate_alto""]",DEP_advcl_rate_baixo + DEP_ccomp_rate_baixo + POS_PROPN_rate_alto,"[""2ab69402d49c"", ""ba4f4bdbb3e8""]",2ab69402d49c,169,0.11736111111111111,True,1,"[""DEP_advcl"", ""DEP_ccomp"", ""POS_PROPN""]",DEP_advcl|DEP_ccomp|POS_PROPN,False,False,True,0.3425800798515744,research_only,outside_review_top20,
64748c9e68b0,"[""POS_ADJ_rate_alto"", ""uppercaseRatio_baixo""]",POS_ADJ_rate_alto + uppercaseRatio_baixo,"[""46440f577adc""]",46440f577adc,187,0.12986111111111112,True,0.94999999999999996,"[""adjetivacao"", ""uppercaseRatio""]",adjetivacao|uppercaseRatio,False,False,True,0.34234434824862781,research_only,outside_review_top20,
f7b0aa33cc43,"[""DEP_advcl_rate_baixo"", ""DEP_ccomp_rate_baixo"", ""POS_ADV_rate_baixo""]",DEP_advcl_rate_baixo + DEP_ccomp_rate_baixo + POS_ADV_rate_baixo,"[""acff811bbbf2"", ""ad53ca705d2e""]",ad53ca705d2e,168,0.11666666666666667,True,1,"[""DEP_advcl"", ""DEP_ccomp"", ""modificacao_adverbial""]",DEP_advcl|DEP_ccomp|modificacao_adverbial,False,False,True,0.34156502553198659,research_only,same_mechanism_family,
f879ebf22866,"[""DEP_advcl_rate_baixo"", ""DEP_amod_rate_alto"", ""POS_ADJ_rate_alto""]",DEP_advcl_rate_baixo + DEP_amod_rate_alto + POS_ADJ_rate_alto,"[""38f3353a775e"", ""656d9ba782d9"", ""7f0951dd1322""]",656d9ba782d9,167,0.11597222222222223,True,1,"[""DEP_advcl"", ""adjetivacao""]",DEP_advcl|adjetivacao,True,False,True,0.34054694569504251,research_only,outside_review_top20,
41f10c8d976d,"[""DEP_amod_rate_alto"", ""uppercaseRatio_baixo""]",DEP_amod_rate_alto + uppercaseRatio_baixo,"[""cf014d4cf764""]",cf014d4cf764,190,0.13194444444444445,True,0.92000000000000004,"[""adjetivacao"", ""uppercaseRatio""]",adjetivacao|uppercaseRatio,False,False,True,0.33418225233811832,research_only,outside_review_top20,
749616b65649,"[""DEP_advcl_rate_baixo"", ""DEP_ccomp_rate_baixo"", ""DEP_obj_rate_baixo""]",DEP_advcl_rate_baixo + DEP_ccomp_rate_baixo + DEP_obj_rate_baixo,"[""9c5cae8f2917""]",9c5cae8f2917,158,0.10972222222222222,True,1,"[""DEP_advcl"", ""DEP_ccomp"", ""DEP_obj""]",DEP_advcl|DEP_ccomp|DEP_obj,False,False,True,0.33124344857252985,research_only,outside_review_top20,
413b4701a914,"[""DEP_advmod_rate_alto"", ""uppercaseRatio_baixo""]",DEP_advmod_rate_alto + uppercaseRatio_baixo,"[""56957b554c4f""]",56957b554c4f,205,0.1423611111111111,True,0.87,"[""modificacao_adverbial"", ""uppercaseRatio""]",modificacao_adverbial|uppercaseRatio,False,False,True,0.32825771125748132,research_only,same_mechanism_family,
d6653a7c843d,"[""DEP_advmod_rate_baixo"", ""POS_ADV_rate_baixo"", ""uppercaseRatio_baixo""]",DEP_advmod_rate_baixo + POS_ADV_rate_baixo + uppercaseRatio_baixo,"[""527f687a01c3"", ""86dab6a5f8ff""]",527f687a01c3,153,0.10625,True,1,"[""modificacao_adverbial"", ""uppercaseRatio""]",modificacao_adverbial|uppercaseRatio,True,False,True,0.32596012026013244,research_only,same_mechanism_family,
14f2b18daa3c,"[""DEP_ccomp_rate_baixo"", ""POS_PROPN_rate_baixo"", ""uppercaseRatio_baixo""]",DEP_ccomp_rate_baixo + POS_PROPN_rate_baixo + uppercaseRatio_baixo,"[""b74f2e5e05ec""]",b74f2e5e05ec,152,0.10555555555555556,True,1,"[""DEP_ccomp"", ""POS_PROPN"", ""uppercaseRatio""]",DEP_ccomp|POS_PROPN|uppercaseRatio,False,False,True,0.32489314482696546,research_only,outside_review_top20,
a9370ac537f5,"[""DEP_advmod_rate_baixo"", ""POS_ADV_rate_baixo"", ""POS_PROPN_rate_alto""]",DEP_advmod_rate_baixo + POS_ADV_rate_baixo + POS_PROPN_rate_alto,"[""9a32ada49b69"", ""e59bc16c1973""]",e59bc16c1973,152,0.10555555555555556,True,1,"[""POS_PROPN"", ""modificacao_adverbial""]",POS_PROPN|modificacao_adverbial,True,False,True,0.32489314482696546,research_only,outside_review_top20,
9948d6356c85,"[""DEP_ccomp_rate_baixo"", ""DEP_nsubj_rate_baixo"", ""POS_VERB_rate_baixo""]",DEP_ccomp_rate_baixo + DEP_nsubj_rate_baixo + POS_VERB_rate_baixo,"[""2ebde835a7b8"", ""a2acdc4b20e2""]",2ebde835a7b8,150,0.10416666666666667,True,1,"[""DEP_ccomp"", ""DEP_nsubj"", ""POS_VERB""]",DEP_ccomp|DEP_nsubj|POS_VERB,False,False,True,0.3227486121839514,research_only,outside_review_top20,
27b247a1a578,"[""DEP_advcl_rate_baixo"", ""DEP_ccomp_rate_baixo"", ""POS_NOUN_rate_alto""]",DEP_advcl_rate_baixo + DEP_ccomp_rate_baixo + POS_NOUN_rate_alto,"[""1a6f3c48df21"", ""a8b60cb484f2""]",a8b60cb484f2,148,0.10277777777777777,True,1,"[""DEP_advcl"", ""DEP_ccomp"", ""POS_NOUN""]",DEP_advcl|DEP_ccomp|POS_NOUN,False,False,True,0.32058973436118909,research_only,outside_review_top20,
a9025f569653,"[""DEP_amod_rate_alto"", ""POS_ADJ_rate_alto"", ""uppercaseRatio_baixo""]",DEP_amod_rate_alto + POS_ADJ_rate_alto + uppercaseRatio_baixo,"[""383cfa8699c9"", ""5d4727b012a4"", ""6e53c5f330fc""]",383cfa8699c9,147,0.10208333333333333,True,1,"[""adjetivacao"", ""uppercaseRatio""]",adjetivacao|uppercaseRatio,True,False,True,0.31950482521134688,research_only,outside_review_top20,
f953efc08f59,"[""DEP_advmod_rate_baixo"", ""POS_ADV_rate_baixo"", ""POS_NOUN_rate_alto""]",DEP_advmod_rate_baixo + POS_ADV_rate_baixo + POS_NOUN_rate_alto,"[""15f76ab8f838"", ""e3f4f788feaf""]",e3f4f788feaf,143,0.09930555555555555,True,0.98999999999999999,"[""POS_NOUN"", ""modificacao_adverbial""]",POS_NOUN|modificacao_adverbial,True,False,True,0.31197656161961906,research_only,outside_review_top20,
77f301ed9e03,"[""DEP_advcl_rate_baixo"", ""DEP_amod_rate_alto"", ""DEP_ccomp_rate_baixo""]",DEP_advcl_rate_baixo + DEP_amod_rate_alto + DEP_ccomp_rate_baixo,"[""70cb1095ce1a""]",70cb1095ce1a,147,0.10208333333333333,True,0.96999999999999997,"[""DEP_advcl"", ""DEP_ccomp"", ""adjetivacao""]",DEP_advcl|DEP_ccomp|adjetivacao,False,False,True,0.30991968045500645,research_only,outside_review_top20,
f294053424b2,"[""DEP_ccomp_rate_baixo"", ""DEP_nsubj_rate_baixo"", ""POS_PRON_rate_baixo""]",DEP_ccomp_rate_baixo + DEP_nsubj_rate_baixo + POS_PRON_rate_baixo,"[""27ce67299da0"", ""5e06e3b1b794""]",27ce67299da0,134,0.093055555555555558,True,1,"[""DEP_ccomp"", ""DEP_nsubj"", ""POS_PRON""]",DEP_ccomp|DEP_nsubj|POS_PRON,False,False,True,0.3050500869620521,research_only,outside_review_top20,
690a7839d4a6,"[""DEP_advcl_rate_baixo"", ""DEP_obj_rate_baixo"", ""POS_VERB_rate_baixo""]",DEP_advcl_rate_baixo + DEP_obj_rate_baixo + POS_VERB_rate_baixo,"[""2ecdeb5efa23"", ""67ea8cfa0d8f""]",67ea8cfa0d8f,133,0.092361111111111116,True,1,"[""DEP_advcl"", ""DEP_obj"", ""POS_VERB""]",DEP_advcl|DEP_obj|POS_VERB,False,False,True,0.30390970881350782,research_only,outside_review_top20,
a8b38a97f77d,"[""DEP_advcl_rate_baixo"", ""DEP_ccomp_rate_baixo"", ""diversidade_baixo""]",DEP_advcl_rate_baixo + DEP_ccomp_rate_baixo + diversidade_baixo,"[""d638798b4791""]",d638798b4791,150,0.10416666666666667,True,0.93999999999999995,"[""DEP_advcl"", ""DEP_ccomp"", ""diversidade""]",DEP_advcl|DEP_ccomp|diversidade,False,False,True,0.30338369545291433,research_only,outside_review_top20,
db9a969f6c8b,"[""DEP_amod_rate_alto"", ""DEP_ccomp_rate_baixo"", ""uppercaseRatio_baixo""]",DEP_amod_rate_alto + DEP_ccomp_rate_baixo + uppercaseRatio_baixo,"[""a4a0ab32082c"", ""a8f9652488ca""]",a4a0ab32082c,131,0.090972222222222218,True,0.98999999999999999,"[""DEP_ccomp"", ""adjetivacao"", ""uppercaseRatio""]",DEP_ccomp|adjetivacao|uppercaseRatio,False,False,True,0.29859985766908864,research_only,outside_review_top20,
231bbfa80568,"[""DEP_ccomp_rate_baixo"", ""POS_ADJ_rate_alto"", ""uppercaseRatio_baixo""]",DEP_ccomp_rate_baixo + POS_ADJ_rate_alto + uppercaseRatio_baixo,"[""0f7cc5beef0a"", ""bdbbd0a85df4""]",0f7cc5beef0a,127,0.08819444444444445,True,1,"[""DEP_ccomp"", ""adjetivacao"", ""uppercaseRatio""]",DEP_ccomp|adjetivacao|uppercaseRatio,False,False,True,0.29697549468675771,research_only,outside_review_top20,
e8066b29ad40,"[""DEP_ccomp_rate_baixo"", ""DEP_obj_rate_baixo"", ""POS_VERB_rate_baixo""]",DEP_ccomp_rate_baixo + DEP_obj_rate_baixo + POS_VERB_rate_baixo,"[""9a59a88003cf"", ""ac481854c364""]",9a59a88003cf,124,0.08611111111111111,True,1,"[""DEP_ccomp"", ""DEP_obj"", ""POS_VERB""]",DEP_ccomp|DEP_obj|POS_VERB,False,False,True,0.29344694769431684,research_only,outside_review_top20,
72a1ffe031c3,"[""DEP_advcl_rate_baixo"", ""DEP_ccomp_rate_baixo"", ""POS_ADJ_rate_alto""]",DEP_advcl_rate_baixo + DEP_ccomp_rate_baixo + POS_ADJ_rate_alto,"[""4c6216a0caaf""]",4c6216a0caaf,138,0.09583333333333334,True,0.93999999999999995,"[""DEP_advcl"", ""DEP_ccomp"", ""adjetivacao""]",DEP_advcl|DEP_ccomp|adjetivacao,False,False,True,0.29099541806243845,research_only,outside_review_top20,
960f402600bc,"[""DEP_advmod_rate_baixo"", ""POS_ADV_rate_baixo"", ""POS_VERB_rate_baixo""]",DEP_advmod_rate_baixo + POS_ADV_rate_baixo + POS_VERB_rate_baixo,"[""879aa9d69381"", ""f3247c4cde1d""]",879aa9d69381,126,0.087499999999999994,True,0.97999999999999998,"[""POS_VERB"", ""modificacao_adverbial""]",POS_VERB|modificacao_adverbial,True,False,True,0.28988790937188119,research_only,outside_review_top20,
1d9d91f02235,"[""DEP_ccomp_rate_baixo"", ""POS_NOUN_rate_alto"", ""uppercaseRatio_baixo""]",DEP_ccomp_rate_baixo + POS_NOUN_rate_alto + uppercaseRatio_baixo,"[""38d9c569a5ce"", ""9d2f2cf10054""]",9d2f2cf10054,127,0.08819444444444445,True,0.96999999999999997,"[""DEP_ccomp"", ""POS_NOUN"", ""uppercaseRatio""]",DEP_ccomp|POS_NOUN|uppercaseRatio,False,False,True,0.28806622984615499,research_only,outside_review_top20,
6b9567259c15,"[""DEP_ccomp_rate_baixo"", ""POS_PRON_rate_baixo"", ""POS_VERB_rate_baixo""]",DEP_ccomp_rate_baixo + POS_PRON_rate_baixo + POS_VERB_rate_baixo,"[""c882a83d95db""]",c882a83d95db,119,0.082638888888888887,True,1,"[""DEP_ccomp"", ""POS_PRON"", ""POS_VERB""]",DEP_ccomp|POS_PRON|POS_VERB,False,False,True,0.28746980517767234,research_only,outside_review_top20,
6c0ca72adca7,"[""DEP_ccomp_rate_baixo"", ""DEP_nsubj_rate_baixo"", ""uppercaseRatio_baixo""]",DEP_ccomp_rate_baixo + DEP_nsubj_rate_baixo + uppercaseRatio_baixo,"[""fbadc1bd5861""]",fbadc1bd5861,131,0.090972222222222218,True,0.93999999999999995,"[""DEP_ccomp"", ""DEP_nsubj"", ""uppercaseRatio""]",DEP_ccomp|DEP_nsubj|uppercaseRatio,False,False,True,0.28351905677671041,research_only,outside_review_top20,
87391334a5cc,"[""DEP_ccomp_rate_baixo"", ""POS_VERB_rate_baixo"", ""uppercaseRatio_baixo""]",DEP_ccomp_rate_baixo + POS_VERB_rate_baixo + uppercaseRatio_baixo,"[""72c462423c12""]",72c462423c12,122,0.084722222222222227,True,0.96999999999999997,"[""DEP_ccomp"", ""POS_VERB"", ""uppercaseRatio""]",DEP_ccomp|POS_VERB|uppercaseRatio,False,False,True,0.28233869534459655,research_only,outside_review_top20,
68a8b604c4e5,"[""DEP_advmod_rate_baixo"", ""POS_ADV_rate_baixo"", ""uppercaseRatio_alto""]",DEP_advmod_rate_baixo + POS_ADV_rate_baixo + uppercaseRatio_alto,"[""9100dd0175d1"", ""fd8219d3e32f""]",9100dd0175d1,138,0.09583333333333334,True,0.91000000000000003,"[""modificacao_adverbial"", ""uppercaseRatio""]",modificacao_adverbial|uppercaseRatio,True,False,True,0.28170833025193509,research_only,same_mechanism_family,
21b26f86c64a,"[""DEP_advcl_rate_baixo"", ""POS_PROPN_rate_baixo"", ""uppercaseRatio_baixo""]",DEP_advcl_rate_baixo + POS_PROPN_rate_baixo + uppercaseRatio_baixo,"[""60587117e65e""]",60587117e65e,127,0.08819444444444445,True,0.93999999999999995,"[""DEP_advcl"", ""POS_PROPN"", ""uppercaseRatio""]",DEP_advcl|POS_PROPN|uppercaseRatio,False,False,True,0.27915696500555226,research_only,outside_review_top20,
9b37a075a93b,"[""DEP_advmod_rate_baixo"", ""POS_ADV_rate_baixo"", ""diversidade_baixo""]",DEP_advmod_rate_baixo + POS_ADV_rate_baixo + diversidade_baixo,"[""87bf87521500"", ""cfdddf8dd714""]",87bf87521500,123,0.085416666666666669,True,0.91000000000000003,"[""diversidade"", ""modificacao_adverbial""]",diversidade|modificacao_adverbial,True,False,True,0.26595778173737777,research_only,outside_review_top20,
c760b2a99356,"[""DEP_advcl_rate_baixo"", ""DEP_nsubj_rate_baixo"", ""POS_VERB_rate_baixo""]",DEP_advcl_rate_baixo + DEP_nsubj_rate_baixo + POS_VERB_rate_baixo,"[""1d75f4885400"", ""5642e26ff2c3""]",5642e26ff2c3,126,0.087499999999999994,True,0.80000000000000004,"[""DEP_advcl"", ""DEP_nsubj"", ""POS_VERB""]",DEP_advcl|DEP_nsubj|POS_VERB,False,False,True,0.23664319132398465,research_only,outside_review_top20,
eee0574f0591,"[""DEP_advmod_rate_baixo"", ""DEP_ccomp_rate_baixo"", ""POS_VERB_rate_baixo""]",DEP_advmod_rate_baixo + DEP_ccomp_rate_baixo + POS_VERB_rate_baixo,"[""89bfe376f7a5""]",89bfe376f7a5,117,0.081250000000000003,True,0.81999999999999995,"[""DEP_ccomp"", ""POS_VERB"", ""modificacao_adverbial""]",DEP_ccomp|POS_VERB|modificacao_adverbial,False,False,True,0.23373596214532327,research_only,outside_review_top20,
0a168850bbc9,"[""DEP_advmod_rate_baixo"", ""DEP_nsubj_rate_baixo"", ""POS_ADV_rate_baixo""]",DEP_advmod_rate_baixo + DEP_nsubj_rate_baixo + POS_ADV_rate_baixo,"[""4f57e9821bf1"", ""f5aa05536552""]",4f57e9821bf1,129,0.089583333333333334,True,0.76000000000000001,"[""DEP_nsubj"", ""modificacao_adverbial""]",DEP_nsubj|modificacao_adverbial,True,False,False,0,research_only,ineligible,
23e40fe6924d,"[""POS_NOUN_rate_alto"", ""POS_PROPN_rate_baixo"", ""uppercaseRatio_baixo""]",POS_NOUN_rate_alto + POS_PROPN_rate_baixo + uppercaseRatio_baixo,"[""4c2d6bec5732"", ""ad056bd1509b"", ""d22dba7f65e2""]",d22dba7f65e2,112,0.077777777777777779,False,0.92000000000000004,"[""POS_NOUN"", ""POS_PROPN"", ""uppercaseRatio""]",POS_NOUN|POS_PROPN|uppercaseRatio,False,False,False,0,research_only,ineligible,
2492450784f1,"[""DEP_advmod_rate_alto"", ""POS_ADV_rate_alto"", ""POS_PRON_rate_alto""]",DEP_advmod_rate_alto + POS_ADV_rate_alto + POS_PRON_rate_alto,"[""1666765bee42"", ""dcb32a5cb82c""]",dcb32a5cb82c,125,0.086805555555555552,True,0.66000000000000003,"[""POS_PRON"", ""modificacao_adverbial""]",POS_PRON|modificacao_adverbial,True,False,False,0,research_only,ineligible,
25d548ee03bf,"[""DEP_advmod_rate_baixo"", ""POS_ADV_rate_baixo"", ""punctuationDensity_spacy_baixo""]",DEP_advmod_rate_baixo + POS_ADV_rate_baixo + punctuationDensity_spacy_baixo,"[""c7a30d04837d"", ""ce8ff73ea2ff""]",ce8ff73ea2ff,114,0.079166666666666663,False,0.83999999999999997,"[""modificacao_adverbial"", ""punctuationDensity_spacy""]",modificacao_adverbial|punctuationDensity_spacy,True,False,False,0,research_only,ineligible,
2ae518b1157e,"[""DEP_advcl_rate_baixo"", ""DEP_ccomp_rate_baixo"", ""punctuationDensity_spacy_baixo""]",DEP_advcl_rate_baixo + DEP_ccomp_rate_baixo + punctuationDensity_spacy_baixo,"[""e326c83039ac""]",e326c83039ac,119,0.082638888888888887,False,0.71999999999999997,"[""DEP_advcl"", ""DEP_ccomp"", ""punctuationDensity_spacy""]",DEP_advcl|DEP_ccomp|punctuationDensity_spacy,False,False,False,0,research_only,ineligible,
33e3e1cab994,"[""DEP_advcl_rate_baixo"", ""DEP_amod_rate_alto"", ""uppercaseRatio_baixo""]",DEP_advcl_rate_baixo + DEP_amod_rate_alto + uppercaseRatio_baixo,"[""e7885bcb6024""]",e7885bcb6024,121,0.084027777777777785,True,0.33000000000000002,"[""DEP_advcl"", ""adjetivacao"", ""uppercaseRatio""]",DEP_advcl|adjetivacao|uppercaseRatio,False,False,False,0,research_only,ineligible,
3827d0dd8fe9,"[""POS_NOUN_rate_alto"", ""POS_PROPN_rate_baixo""]",POS_NOUN_rate_alto + POS_PROPN_rate_baixo,"[""1a7ef3000b3a"", ""f5e829055ee4""]",1a7ef3000b3a,159,0.11041666666666666,False,0.89000000000000001,"[""POS_NOUN"", ""POS_PROPN""]",POS_NOUN|POS_PROPN,False,False,False,0,research_only,ineligible,
38dff70680be,"[""DEP_ccomp_rate_baixo"", ""POS_PRON_rate_alto"", ""uppercaseRatio_baixo""]",DEP_ccomp_rate_baixo + POS_PRON_rate_alto + uppercaseRatio_baixo,"[""eed415da02ef""]",eed415da02ef,111,0.077083333333333337,False,0.67000000000000004,"[""DEP_ccomp"", ""POS_PRON"", ""uppercaseRatio""]",DEP_ccomp|POS_PRON|uppercaseRatio,False,False,False,0,research_only,ineligible,
3fd56667412d,"[""DEP_ccomp_rate_baixo"", ""diversidade_alto""]",DEP_ccomp_rate_baixo + diversidade_alto,"[""670282c704b5""]",670282c704b5,205,0.1423611111111111,False,0.5,"[""DEP_ccomp"", ""diversidade""]",DEP_ccomp|diversidade,False,False,False,0,research_only,ineligible,
575ce0385139,"[""DEP_advcl_rate_baixo"", ""DEP_advmod_rate_baixo"", ""POS_PROPN_rate_alto""]",DEP_advcl_rate_baixo + DEP_advmod_rate_baixo + POS_PROPN_rate_alto,"[""b5d3857df26e""]",b5d3857df26e,122,0.084722222222222227,True,0.69999999999999996,"[""DEP_advcl"", ""POS_PROPN"", ""modificacao_adverbial""]",DEP_advcl|POS_PROPN|modificacao_adverbial,False,False,False,0,research_only,ineligible,
624c418f9284,"[""DEP_ccomp_rate_baixo"", ""POS_NOUN_rate_alto"", ""POS_PROPN_rate_baixo""]",DEP_ccomp_rate_baixo + POS_NOUN_rate_alto + POS_PROPN_rate_baixo,"[""26c62dc99ff3"", ""5c39aadcf927"", ""f41c8a789ada""]",f41c8a789ada,104,0.072222222222222215,False,1,"[""DEP_ccomp"", ""POS_NOUN"", ""POS_PROPN""]",DEP_ccomp|POS_NOUN|POS_PROPN,False,False,False,0,research_only,ineligible,
6547cf7b5dc6,"[""DEP_advmod_rate_alto"", ""POS_ADV_rate_alto"", ""POS_NOUN_rate_baixo""]",DEP_advmod_rate_alto + POS_ADV_rate_alto + POS_NOUN_rate_baixo,"[""5dbe05269112"", ""b8e3def79042""]",5dbe05269112,104,0.072222222222222215,False,0.63,"[""POS_NOUN"", ""modificacao_adverbial""]",POS_NOUN|modificacao_adverbial,True,False,False,0,research_only,ineligible,
728cda3555ce,"[""POS_ADV_rate_alto"", ""uppercaseRatio_baixo""]",POS_ADV_rate_alto + uppercaseRatio_baixo,"[""d4448b7c5c68""]",d4448b7c5c68,204,0.14166666666666666,True,0.65000000000000002,"[""modificacao_adverbial"", ""uppercaseRatio""]",modificacao_adverbial|uppercaseRatio,False,False,False,0,research_only,ineligible,
76121fac8398,"[""DEP_advmod_rate_alto"", ""POS_ADV_rate_alto"", ""POS_PROPN_rate_baixo""]",DEP_advmod_rate_alto + POS_ADV_rate_alto + POS_PROPN_rate_baixo,"[""41c676a20bdc"", ""f6036e82b3f4""]",f6036e82b3f4,132,0.09166666666666666,True,0.75,"[""POS_PROPN"", ""modificacao_adverbial""]",POS_PROPN|modificacao_adverbial,True,False,False,0,research_only,ineligible,
763262cc64de,"[""DEP_advcl_rate_baixo"", ""POS_NOUN_rate_alto"", ""uppercaseRatio_baixo""]",DEP_advcl_rate_baixo + POS_NOUN_rate_alto + uppercaseRatio_baixo,"[""793bbc696d49""]",793bbc696d49,109,0.075694444444444439,False,0.58999999999999997,"[""DEP_advcl"", ""POS_NOUN"", ""uppercaseRatio""]",DEP_advcl|POS_NOUN|uppercaseRatio,False,False,False,0,research_only,ineligible,
8685f3180b9e,"[""DEP_advcl_rate_baixo"", ""DEP_advmod_rate_baixo"", ""POS_VERB_rate_baixo""]",DEP_advcl_rate_baixo + DEP_advmod_rate_baixo + POS_VERB_rate_baixo,"[""d8a685f8cc64""]",d8a685f8cc64,115,0.079861111111111105,False,0.68999999999999995,"[""DEP_advcl"", ""POS_VERB"", ""modificacao_adverbial""]",DEP_advcl|POS_VERB|modificacao_adverbial,False,False,False,0,research_only,ineligible,
9e0e19ee5e38,"[""DEP_ccomp_rate_baixo"", ""POS_PROPN_rate_alto"", ""POS_VERB_rate_baixo""]",DEP_ccomp_rate_baixo + POS_PROPN_rate_alto + POS_VERB_rate_baixo,"[""73d91e3a484a"", ""8694bd72e0dc""]",73d91e3a484a,108,0.074999999999999997,False,0.69999999999999996,"[""DEP_ccomp"", ""POS_PROPN"", ""POS_VERB""]",DEP_ccomp|POS_PROPN|POS_VERB,False,False,False,0,research_only,ineligible,
b5b380a56589,"[""DEP_advcl_rate_baixo"", ""DEP_ccomp_rate_baixo"", ""diversidade_alto""]",DEP_advcl_rate_baixo + DEP_ccomp_rate_baixo + diversidade_alto,"[""b208a328a620""]",b208a328a620,102,0.070833333333333331,False,0.62,"[""DEP_advcl"", ""DEP_ccomp"", ""diversidade""]",DEP_advcl|DEP_ccomp|diversidade,False,False,False,0,research_only,ineligible,
b97ffc0e300d,"[""DEP_advmod_rate_baixo"", ""DEP_obj_rate_alto"", ""POS_ADV_rate_baixo""]",DEP_advmod_rate_baixo + DEP_obj_rate_alto + POS_ADV_rate_baixo,"[""6c46cc8fbadd"", ""9a294293e096""]",9a294293e096,119,0.082638888888888887,True,0.70999999999999996,"[""DEP_obj"", ""modificacao_adverbial""]",DEP_obj|modificacao_adverbial,True,False,False,0,research_only,ineligible,
c29b979659d6,"[""DEP_ccomp_rate_baixo"", ""POS_PROPN_rate_alto""]",DEP_ccomp_rate_baixo + POS_PROPN_rate_alto,"[""2698eb8a7fd7""]",2698eb8a7fd7,223,0.15486111111111112,False,0.90000000000000002,"[""DEP_ccomp"", ""POS_PROPN""]",DEP_ccomp|POS_PROPN,False,False,False,0,research_only,ineligible,
c2a6c625af8e,"[""DEP_ccomp_rate_baixo"", ""POS_PRON_rate_baixo"", ""uppercaseRatio_baixo""]",DEP_ccomp_rate_baixo + POS_PRON_rate_baixo + uppercaseRatio_baixo,"[""23966564f206""]",23966564f206,112,0.077777777777777779,False,0.53000000000000003,"[""DEP_ccomp"", ""POS_PRON"", ""uppercaseRatio""]",DEP_ccomp|POS_PRON|uppercaseRatio,False,False,False,0,research_only,ineligible,
db4d3c9a5701,"[""DEP_nsubj_rate_baixo"", ""POS_PRON_rate_baixo""]",DEP_nsubj_rate_baixo + POS_PRON_rate_baixo,"[""5b29d22834ee""]",5b29d22834ee,177,0.12291666666666666,False,0.65000000000000002,"[""DEP_nsubj"", ""POS_PRON""]",DEP_nsubj|POS_PRON,False,False,False,0,research_only,ineligible,
dd85c312aed9,"[""DEP_ccomp_rate_baixo"", ""POS_PRON_rate_baixo""]",DEP_ccomp_rate_baixo + POS_PRON_rate_baixo,"[""dd1a1cb0c8bd""]",dd1a1cb0c8bd,281,0.19513888888888889,False,0.5,"[""DEP_ccomp"", ""POS_PRON""]",DEP_ccomp|POS_PRON,False,False,False,0,research_only,ineligible,
e22dcb87615c,"[""DEP_advcl_rate_baixo"", ""POS_VERB_rate_baixo"", ""uppercaseRatio_baixo""]",DEP_advcl_rate_baixo + POS_VERB_rate_baixo + uppercaseRatio_baixo,"[""69f8813a8df9""]",69f8813a8df9,114,0.079166666666666663,False,0.55000000000000004,"[""DEP_advcl"", ""POS_VERB"", ""uppercaseRatio""]",DEP_advcl|POS_VERB|uppercaseRatio,False,False,False,0,research_only,ineligible,
e485a8970aca,"[""DEP_advmod_rate_baixo"", ""DEP_ccomp_rate_baixo"", ""POS_PRON_rate_baixo""]",DEP_advmod_rate_baixo + DEP_ccomp_rate_baixo + POS_PRON_rate_baixo,"[""530864404d97""]",530864404d97,117,0.081250000000000003,False,0.59999999999999998,"[""DEP_ccomp"", ""POS_PRON"", ""modificacao_adverbial""]",DEP_ccomp|POS_PRON|modificacao_adverbial,False,False,False,0,research_only,ineligible,
f2303e71ec21,"[""DEP_advcl_rate_baixo"", ""POS_PRON_rate_baixo"", ""POS_VERB_rate_baixo""]",DEP_advcl_rate_baixo + POS_PRON_rate_baixo + POS_VERB_rate_baixo,"[""9abddbcf520f""]",9abddbcf520f,114,0.079166666666666663,False,0.98999999999999999,"[""DEP_advcl"", ""POS_PRON"", ""POS_VERB""]",DEP_advcl|POS_PRON|POS_VERB,False,False,False,0,research_only,ineligible,
f44ef52cb2f0,"[""DEP_advcl_rate_baixo"", ""DEP_advmod_rate_baixo"", ""POS_PRON_rate_baixo""]",DEP_advcl_rate_baixo + DEP_advmod_rate_baixo + POS_PRON_rate_baixo,"[""7c209330a1d6""]",7c209330a1d6,127,0.08819444444444445,True,0.72999999999999998,"[""DEP_advcl"", ""POS_PRON"", ""modificacao_adverbial""]",DEP_advcl|POS_PRON|modificacao_adverbial,False,False,False,0,research_only,ineligible,
f6f158f4942a,"[""DEP_advcl_rate_baixo"", ""POS_PROPN_rate_alto"", ""POS_VERB_rate_baixo""]",DEP_advcl_rate_baixo + POS_PROPN_rate_alto + POS_VERB_rate_baixo,"[""28cc47fd7d1b"", ""b353e43e74ed""]",28cc47fd7d1b,118,0.081944444444444445,True,0.75,"[""DEP_advcl"", ""POS_PROPN"", ""POS_VERB""]",DEP_advcl|POS_PROPN|POS_VERB,False,False,False,0,research_only,ineligible,
f999156c525a,"[""DEP_advmod_rate_alto"", ""POS_ADV_rate_alto"", ""punctuationDensity_spacy_alto""]",DEP_advmod_rate_alto + POS_ADV_rate_alto + punctuationDensity_spacy_alto,"[""3dfd95512d1a"", ""432e5dd5f1a6""]",432e5dd5f1a6,106,0.073611111111111113,False,0.37,"[""modificacao_adverbial"", ""punctuationDensity_spacy""]",modificacao_adverbial|punctuationDensity_spacy,True,False,False,0,research_only,ineligible,
feed2c37682a,"[""DEP_advcl_rate_baixo"", ""DEP_ccomp_rate_baixo"", ""POS_PRON_rate_baixo""]",DEP_advcl_rate_baixo + DEP_ccomp_rate_baixo + POS_PRON_rate_baixo,"[""0b6b1f165afa""]",0b6b1f165afa,178,0.12361111111111112,True,0.65000000000000002,"[""DEP_advcl"", ""DEP_ccomp"", ""POS_PRON""]",DEP_advcl|DEP_ccomp|POS_PRON,False,False,False,0,research_only,ineligible,
