rule_id,rediscovery_count,rediscovery_fraction,repetitions
009210998a05,100,1,100
0b6b1f165afa,65,0.65000000000000002,100
0d6a1ab9b984,99,0.98999999999999999,100
0e6f83146046,100,1,100
0f7cc5beef0a,100,1,100
12141a4f6b1e,100,1,100
15f76ab8f838,99,0.98999999999999999,100
1666765bee42,66,0.66000000000000003,100
16c6600c19ac,100,1,100
1a6f3c48df21,92,0.92000000000000004,100
1a7ef3000b3a,89,0.89000000000000001,100
1d75f4885400,80,0.80000000000000004,100
23966564f206,53,0.53000000000000003,100
244c5810fb80,100,1,100
2698eb8a7fd7,90,0.90000000000000002,100
26c62dc99ff3,100,1,100
27ce67299da0,100,1,100
28cc47fd7d1b,75,0.75,100
29ad7ad49736,100,1,100
2ab69402d49c,100,1,100
2b20d484cff5,100,1,100
2ebde835a7b8,100,1,100
2ecdeb5efa23,96,0.95999999999999996,100
2f67d0170d28,100,1,100
30553b8c2ed9,100,1,100
320210af9326,100,1,100
3463c6400cca,100,1,100
3583c1292032,100,1,100
367f068cdc49,95,0.94999999999999996,100
3685c5ddb125,100,1,100
37419ebed314,100,1,100
383cfa8699c9,100,1,100
38d9c569a5ce,80,0.80000000000000004,100
38f3353a775e,54,0.54000000000000004,100
3a43eba7e197,100,1,100
3d086ad2bddd,100,1,100
3dfd95512d1a,37,0.37,100
4022a7b5dcf8,100,1,100
41c676a20bdc,75,0.75,100
4203ea06f871,100,1,100
432e5dd5f1a6,37,0.37,100
46440f577adc,95,0.94999999999999996,100
4c2d6bec5732,74,0.73999999999999999,100
4c6216a0caaf,94,0.93999999999999995,100
4f57e9821bf1,76,0.76000000000000001,100
527f687a01c3,100,1,100
52ce443b15a9,100,1,100
530864404d97,60,0.59999999999999998,100
5642e26ff2c3,80,0.80000000000000004,100
56957b554c4f,87,0.87,100
58f2585b6892,100,1,100
5b29d22834ee,65,0.65000000000000002,100
5bd1b89b2971,100,1,100
5c39aadcf927,78,0.78000000000000003,100
5d4727b012a4,100,1,100
5dbe05269112,63,0.63,100
5e06e3b1b794,82,0.81999999999999995,100
60587117e65e,94,0.93999999999999995,100
64cfc41cd29c,100,1,100
656d9ba782d9,100,1,100
670282c704b5,50,0.5,100
679c1c019611,99,0.98999999999999999,100
67ea8cfa0d8f,100,1,100
692298c7e196,97,0.96999999999999997,100
69f8813a8df9,55,0.55000000000000004,100
6a7d0b0aeb06,100,1,100
6bc0044768d2,100,1,100
6bca368dfbfe,100,1,100
6c46cc8fbadd,71,0.70999999999999996,100
6e53c5f330fc,97,0.96999999999999997,100
70cb1095ce1a,97,0.96999999999999997,100
714dc4c2aebf,100,1,100
72c462423c12,97,0.96999999999999997,100
73d91e3a484a,70,0.69999999999999996,100
793bbc696d49,59,0.58999999999999997,100
7c209330a1d6,73,0.72999999999999998,100
7d817c58a054,100,1,100
7e1c9731ccca,100,1,100
7f0951dd1322,100,1,100
8694bd72e0dc,50,0.5,100
86dab6a5f8ff,100,1,100
879aa9d69381,98,0.97999999999999998,100
87bf87521500,91,0.91000000000000003,100
89bfe376f7a5,82,0.81999999999999995,100
8f07dbefebd7,100,1,100
909d0314f156,100,1,100
9100dd0175d1,91,0.91000000000000003,100
9300fc3b3306,100,1,100
93993666a2b1,92,0.92000000000000004,100
997465f0e852,100,1,100
9a294293e096,71,0.70999999999999996,100
9a32ada49b69,100,1,100
9a59a88003cf,100,1,100
9abddbcf520f,99,0.98999999999999999,100
9c5cae8f2917,100,1,100
9d2f2cf10054,97,0.96999999999999997,100
9dd991d064e5,100,1,100
a2acdc4b20e2,48,0.47999999999999998,100
a4a0ab32082c,99,0.98999999999999999,100
a4dfda82672f,100,1,100
a686b7ddfc02,100,1,100
a8b60cb484f2,100,1,100
a8f9652488ca,98,0.97999999999999998,100
a9cc0766f780,100,1,100
aa24ffb4eb59,62,0.62,100
ac481854c364,100,1,100
acff811bbbf2,71,0.70999999999999996,100
ad056bd1509b,92,0.92000000000000004,100
ad53ca705d2e,100,1,100
aeaddd728517,100,1,100
b208a328a620,62,0.62,100
b353e43e74ed,33,0.33000000000000002,100
b5170c164a80,100,1,100
b5d3857df26e,70,0.69999999999999996,100
b74f2e5e05ec,100,1,100
b8a91c1713be,100,1,100
b8e3def79042,63,0.63,100
ba4f4bdbb3e8,94,0.93999999999999995,100
bdbbd0a85df4,100,1,100
c0151b5459e7,88,0.88,100
c39dc0f07e9d,97,0.96999999999999997,100
c672065287b4,100,1,100
c7a30d04837d,84,0.83999999999999997,100
c882a83d95db,100,1,100
c990f45e3bd8,100,1,100
ce8ff73ea2ff,84,0.83999999999999997,100
cead9c6146a2,100,1,100
cf014d4cf764,92,0.92000000000000004,100
cfdddf8dd714,91,0.91000000000000003,100
cfeb8222ad8a,98,0.97999999999999998,100
d22dba7f65e2,92,0.92000000000000004,100
d4448b7c5c68,65,0.65000000000000002,100
d638798b4791,94,0.93999999999999995,100
d8a685f8cc64,69,0.68999999999999995,100
dcb32a5cb82c,66,0.66000000000000003,100
dd1a1cb0c8bd,50,0.5,100
e16ef8f4fcce,100,1,100
e326c83039ac,72,0.71999999999999997,100
e3f4f788feaf,99,0.98999999999999999,100
e59bc16c1973,100,1,100
e7885bcb6024,33,0.33000000000000002,100
e9d40e61c25e,100,1,100
eed415da02ef,67,0.67000000000000004,100
f29a269a9955,60,0.59999999999999998,100
f3247c4cde1d,98,0.97999999999999998,100
f41c8a789ada,100,1,100
f5aa05536552,76,0.76000000000000001,100
f5ab4e4371a9,100,1,100
f5e829055ee4,81,0.81000000000000005,100
f6036e82b3f4,75,0.75,100
fbadc1bd5861,94,0.93999999999999995,100
fd8219d3e32f,91,0.91000000000000003,100
