partition,origin,author_state,feature,records,present,missing,mean,median,q25,q75
train,fake,all,POS_ADJ_rate,2160,2160,0,0.04831340704132134,0.041666666666666664,0.020833333333333332,0.06666666666666667
train,fake,all,POS_ADV_rate,2160,2160,0,0.033350448409458194,0.022474747474747474,0.018518518518518517,0.045454545454545456
train,fake,all,POS_NOUN_rate,2160,2160,0,0.21583816041140277,0.2127659574468085,0.18,0.25
train,fake,all,POS_PROPN_rate,2160,2160,0,0.16595697495939232,0.1630280018984338,0.11363636363636363,0.21153846153846154
train,fake,all,POS_VERB_rate,2160,2160,0,0.13131337962336506,0.12962962962962962,0.1,0.16
train,fake,all,POS_PRON_rate,2160,2160,0,0.028801806452245195,0.020833333333333332,0.0,0.0425531914893617
train,fake,all,DEP_nsubj_rate,2160,2160,0,0.0763169823454546,0.07547169811320754,0.058823529411764705,0.09523809523809523
train,fake,all,DEP_complete_nsubj_rate,2160,2159,1,0.07948785774833325,0.07692307692307693,0.058823529411764705,0.09803921568627451
train,fake,all,DEP_obj_rate,2160,2160,0,0.06385801828252685,0.061224489795918366,0.04081632653061224,0.08333333333333333
train,fake,all,DEP_complete_obj_rate,2160,2159,1,0.0686216057462775,0.06521739130434782,0.043478260869565216,0.09090909090909091
train,fake,all,DEP_amod_rate,2160,2160,0,0.0399930909580918,0.0392156862745098,0.0196078431372549,0.06
train,fake,all,DEP_complete_amod_rate,2160,2159,1,0.04099526711063658,0.034482758620689655,0.019230769230769232,0.0625
train,fake,all,DEP_advmod_rate,2160,2160,0,0.030760879028520805,0.021739130434782608,0.0,0.043478260869565216
train,fake,all,DEP_complete_advmod_rate,2160,2159,1,0.030585504940441665,0.025,0.0,0.047619047619047616
train,fake,all,DEP_ccomp_rate,2160,2160,0,0.01192194790066506,0.0,0.0,0.02040816326530612
train,fake,all,DEP_complete_ccomp_rate,2160,2159,1,0.011825039430134483,0.0,0.0,0.022727272727272728
train,fake,all,DEP_advcl_rate,2160,2160,0,0.01155911795854829,0.0,0.0,0.02040816326530612
train,fake,all,DEP_complete_advcl_rate,2160,2159,1,0.011471732940292285,0.0,0.0,0.022727272727272728
train,fake,all,diversidade,2160,2160,0,0.7987852030348641,0.8,0.7551020408163265,0.8431372549019608
train,fake,all,punctuationDensity_spacy,2160,2160,0,0.145838645729097,0.14516129032258066,0.1111111111111111,0.1774193548387097
train,fake,all,uppercaseRatio,2160,2160,0,0.02343562660672202,0.02,0.0,0.0392156862745098
train,fake,com_autor,POS_ADJ_rate,44,44,0,0.04588243312320527,0.043055555555555555,0.02072704081632653,0.06557971014492753
train,fake,com_autor,POS_ADV_rate,44,44,0,0.03305121423913141,0.02299154334038055,0.019901960784313725,0.041666666666666664
train,fake,com_autor,POS_NOUN_rate,44,44,0,0.2058628109464607,0.20227272727272727,0.17777777777777778,0.23038563829787234
train,fake,com_autor,POS_PROPN_rate,44,44,0,0.1935874219735307,0.18990384615384615,0.13468013468013468,0.2319004524886878
train,fake,com_autor,POS_VERB_rate,44,44,0,0.12472029123602928,0.11660377358490566,0.08840579710144927,0.1456043956043956
train,fake,com_autor,POS_PRON_rate,44,44,0,0.029073016889068423,0.022222222222222223,0.0,0.041666666666666664
train,fake,com_autor,DEP_nsubj_rate,44,44,0,0.07654653694998959,0.0747728860936408,0.06,0.10051020408163266
train,fake,com_autor,DEP_complete_nsubj_rate,44,44,0,0.07920374474469301,0.08166666666666667,0.05263157894736842,0.10390199637023594
train,fake,com_autor,DEP_obj_rate,44,44,0,0.06535430654540143,0.06666666666666667,0.03902714932126697,0.08928571428571429
train,fake,com_autor,DEP_complete_obj_rate,44,44,0,0.06999308776693915,0.06976744186046512,0.04145408163265306,0.09582270408163265
train,fake,com_autor,DEP_amod_rate,44,44,0,0.041915982188441704,0.04081632653061224,0.02072704081632653,0.060625
train,fake,com_autor,DEP_complete_amod_rate,44,44,0,0.04120076860159336,0.03807471264367816,0.020624999999999998,0.061224489795918366
train,fake,com_autor,DEP_advmod_rate,44,44,0,0.029954136221695862,0.020833333333333332,0.0,0.04327852998065764
train,fake,com_autor,DEP_complete_advmod_rate,44,44,0,0.031344960995832206,0.02631578947368421,0.0,0.05128205128205128
train,fake,com_autor,DEP_ccomp_rate,44,44,0,0.012338216597222456,0.0,0.0,0.019423076923076925
train,fake,com_autor,DEP_complete_ccomp_rate,44,44,0,0.013886425801596193,0.0,0.0,0.02285940803382664
train,fake,com_autor,DEP_advcl_rate,44,44,0,0.015809360967220857,0.019230769230769232,0.0,0.020833333333333332
train,fake,com_autor,DEP_complete_advcl_rate,44,44,0,0.015648572693801113,0.019803921568627453,0.0,0.02631578947368421
train,fake,com_autor,diversidade,44,44,0,0.7885932233684557,0.781304347826087,0.7487745098039216,0.8297872340425532
train,fake,com_autor,punctuationDensity_spacy,44,44,0,0.08099963212395961,0.07417582417582418,0.057692307692307696,0.10051020408163266
train,fake,com_autor,uppercaseRatio,44,44,0,0.013461417599843926,0.0,0.0,0.020208333333333335
train,fake,sem_autor,POS_ADJ_rate,2116,2116,0,0.048363956593493886,0.041666666666666664,0.020833333333333332,0.06666666666666667
train,fake,sem_autor,POS_ADV_rate,2116,2116,0,0.0333566706700888,0.022222222222222223,0.018518518518518517,0.046511627906976744
train,fake,sem_autor,POS_NOUN_rate,2116,2116,0,0.21604558733789495,0.2127659574468085,0.18181818181818182,0.25
train,fake,sem_autor,POS_PROPN_rate,2116,2116,0,0.1653824288021985,0.16035714285714286,0.11352915951972556,0.21153846153846154
train,fake,sem_autor,POS_VERB_rate,2116,2116,0,0.1314504759792454,0.12962962962962962,0.1,0.16
train,fake,sem_autor,POS_PRON_rate,2116,2116,0,0.028796166915751705,0.020833333333333332,0.0,0.0425531914893617
train,fake,sem_autor,DEP_nsubj_rate,2116,2116,0,0.07631220899829036,0.07547169811320754,0.058823529411764705,0.0945642407906559
train,fake,sem_autor,DEP_complete_nsubj_rate,2116,2115,1,0.07949376837346808,0.07692307692307693,0.058823529411764705,0.09803921568627451
train,fake,sem_autor,DEP_obj_rate,2116,2116,0,0.0638269045379302,0.061224489795918366,0.04081632653061224,0.08333333333333333
train,fake,sem_autor,DEP_complete_obj_rate,2116,2115,1,0.0685930737326089,0.06521739130434782,0.043478260869565216,0.08888888888888889
train,fake,sem_autor,DEP_amod_rate,2116,2116,0,0.03995310645235674,0.0392156862745098,0.0196078431372549,0.06
train,fake,sem_autor,DEP_complete_amod_rate,2116,2115,1,0.04099099190231407,0.034482758620689655,0.019230769230769232,0.0625
train,fake,sem_autor,DEP_advmod_rate,2116,2116,0,0.03077765439879505,0.021739130434782608,0.0,0.043478260869565216
train,fake,sem_autor,DEP_complete_advmod_rate,2116,2115,1,0.030569705381842525,0.025,0.0,0.047619047619047616
train,fake,sem_autor,DEP_ccomp_rate,2116,2116,0,0.011913292029848175,0.0,0.0,0.02040816326530612
train,fake,sem_autor,DEP_complete_ccomp_rate,2116,2115,1,0.011782154796401946,0.0,0.0,0.022727272727272728
train,fake,sem_autor,DEP_advcl_rate,2116,2116,0,0.011470738614322584,0.0,0.0,0.02040816326530612
train,fake,sem_autor,DEP_complete_advcl_rate,2116,2115,1,0.01138483887449825,0.0,0.0,0.022727272727272728
train,fake,sem_autor,diversidade,2116,2116,0,0.7989971345591182,0.8,0.7551020408163265,0.8431372549019608
train,fake,sem_autor,punctuationDensity_spacy,2116,2116,0,0.14718690499120762,0.14545454545454545,0.11320754716981132,0.1774193548387097
train,fake,sem_autor,uppercaseRatio,2116,2116,0,0.02364302981858527,0.02,0.0,0.0392156862745098
train,true,all,POS_ADJ_rate,2160,2160,0,0.05044212607697276,0.0425531914893617,0.02127659574468085,0.0728381374722838
train,true,all,POS_ADV_rate,2160,2160,0,0.024358011485428453,0.02040816326530612,0.0,0.04
train,true,all,POS_NOUN_rate,2160,2160,0,0.2431213411758661,0.24,0.20754716981132076,0.27906976744186046
train,true,all,POS_PROPN_rate,2160,2160,0,0.16089588651793924,0.15384615384615385,0.09615384615384616,0.21739130434782608
train,true,all,POS_VERB_rate,2160,2160,0,0.11900069703287444,0.11764705882352941,0.08771929824561403,0.14583333333333334
train,true,all,POS_PRON_rate,2160,2160,0,0.024561309549540753,0.02040816326530612,0.0,0.04
train,true,all,DEP_nsubj_rate,2160,2160,0,0.07010787860211419,0.06666666666666667,0.045454545454545456,0.08695652173913043
train,true,all,DEP_complete_nsubj_rate,2160,2086,74,0.07620927911653667,0.07317073170731707,0.05128205128205128,0.0979196556671449
train,true,all,DEP_obj_rate,2160,2160,0,0.05918572002377283,0.06,0.04,0.08
train,true,all,DEP_complete_obj_rate,2160,2086,74,0.06477256021765336,0.0625,0.038461538461538464,0.08695652173913043
train,true,all,DEP_amod_rate,2160,2160,0,0.04273241276706691,0.04,0.02,0.06382978723404255
train,true,all,DEP_complete_amod_rate,2160,2086,74,0.045111006547413644,0.038461538461538464,0.0196078431372549,0.06818181818181818
train,true,all,DEP_advmod_rate,2160,2160,0,0.021926860036945373,0.02,0.0,0.038461538461538464
train,true,all,DEP_complete_advmod_rate,2160,2086,74,0.022093464921978667,0.02040816326530612,0.0,0.03571428571428571
train,true,all,DEP_ccomp_rate,2160,2160,0,0.011767658486604615,0.0,0.0,0.020833333333333332
train,true,all,DEP_complete_ccomp_rate,2160,2086,74,0.013027691057868171,0.0,0.0,0.023809523809523808
train,true,all,DEP_advcl_rate,2160,2160,0,0.010686551267125064,0.0,0.0,0.020833333333333332
train,true,all,DEP_complete_advcl_rate,2160,2086,74,0.010977710224600958,0.0,0.0,0.022727272727272728
train,true,all,diversidade,2160,2160,0,0.817418118158973,0.8222222222222222,0.7777777777777778,0.8604651162790697
train,true,all,punctuationDensity_spacy,2160,2160,0,0.11568977885149206,0.11320754716981132,0.08928571428571429,0.14035087719298245
train,true,all,uppercaseRatio,2160,2160,0,0.020043941728612343,0.02,0.0,0.024390243902439025
train,true,com_autor,POS_ADJ_rate,2113,2113,0,0.050503156584947924,0.0425531914893617,0.02127659574468085,0.07407407407407407
train,true,com_autor,POS_ADV_rate,2113,2113,0,0.024404105655215808,0.02040816326530612,0.0,0.04
train,true,com_autor,POS_NOUN_rate,2113,2113,0,0.24322814304150403,0.24,0.20754716981132076,0.27906976744186046
train,true,com_autor,POS_PROPN_rate,2113,2113,0,0.1606164457280167,0.15384615384615385,0.09615384615384616,0.21739130434782608
train,true,com_autor,POS_VERB_rate,2113,2113,0,0.11892632229015464,0.11764705882352941,0.08771929824561403,0.14583333333333334
train,true,com_autor,POS_PRON_rate,2113,2113,0,0.024613596940966032,0.02040816326530612,0.0,0.04
train,true,com_autor,DEP_nsubj_rate,2113,2113,0,0.07007174452913141,0.06666666666666667,0.044444444444444446,0.08695652173913043
train,true,com_autor,DEP_complete_nsubj_rate,2113,2039,74,0.07624890637905572,0.07317073170731707,0.05128205128205128,0.09803921568627451
train,true,com_autor,DEP_obj_rate,2113,2113,0,0.05913585481326836,0.06,0.0392156862745098,0.08
train,true,com_autor,DEP_complete_obj_rate,2113,2039,74,0.06473721945870435,0.0625,0.038461538461538464,0.08695652173913043
train,true,com_autor,DEP_amod_rate,2113,2113,0,0.0427913565822045,0.04,0.02,0.06382978723404255
train,true,com_autor,DEP_complete_amod_rate,2113,2039,74,0.04515757407005283,0.038461538461538464,0.0196078431372549,0.06896551724137931
train,true,com_autor,DEP_advmod_rate,2113,2113,0,0.0219667073182293,0.02,0.0,0.038461538461538464
train,true,com_autor,DEP_complete_advmod_rate,2113,2039,74,0.022144508122883235,0.02040816326530612,0.0,0.03571428571428571
train,true,com_autor,DEP_ccomp_rate,2113,2113,0,0.011810132602602507,0.0,0.0,0.020833333333333332
train,true,com_autor,DEP_complete_ccomp_rate,2113,2039,74,0.013089137864828708,0.0,0.0,0.023809523809523808
train,true,com_autor,DEP_advcl_rate,2113,2113,0,0.010739208045992188,0.0,0.0,0.020833333333333332
train,true,com_autor,DEP_complete_advcl_rate,2113,2039,74,0.011031820257379888,0.0,0.0,0.022727272727272728
train,true,com_autor,diversidade,2113,2113,0,0.8176703573557944,0.8222222222222222,0.7777777777777778,0.8620689655172413
train,true,com_autor,punctuationDensity_spacy,2113,2113,0,0.11589958407216575,0.11320754716981132,0.08928571428571429,0.14035087719298245
train,true,com_autor,uppercaseRatio,2113,2113,0,0.019949556437154535,0.02,0.0,0.023809523809523808
train,true,sem_autor,POS_ADJ_rate,47,47,0,0.047698350260982895,0.0425531914893617,0.022727272727272728,0.06382978723404255
train,true,sem_autor,POS_ADV_rate,47,47,0,0.022285735299030933,0.02040816326530612,0.00909090909090909,0.022727272727272728
train,true,sem_autor,POS_NOUN_rate,47,47,0,0.23831980198239752,0.23076923076923078,0.20942982456140352,0.2774725274725275
train,true,sem_autor,POS_PROPN_rate,47,47,0,0.17345883096700887,0.15789473684210525,0.12789115646258503,0.2258812615955473
train,true,sem_autor,POS_VERB_rate,47,47,0,0.12234439557259602,0.12,0.09287925696594426,0.14434523809523808
train,true,sem_autor,POS_PRON_rate,47,47,0,0.022210601930783135,0.02040816326530612,0.0,0.03068181818181818
train,true,sem_autor,DEP_nsubj_rate,47,47,0,0.07173237426621193,0.06382978723404255,0.0582579185520362,0.0851063829787234
train,true,sem_autor,DEP_complete_nsubj_rate,47,47,0,0.07449013042980528,0.06818181818181818,0.05714285714285714,0.0898989898989899
train,true,sem_autor,DEP_obj_rate,47,47,0,0.06142753257262257,0.06,0.04168475900998697,0.0734006734006734
train,true,sem_autor,DEP_complete_obj_rate,47,47,0,0.06630574761120667,0.06060606060606061,0.03970125786163522,0.08333333333333333
train,true,sem_autor,DEP_amod_rate,47,47,0,0.04008244933332778,0.04081632653061224,0.02040816326530612,0.058823529411764705
train,true,sem_autor,DEP_complete_amod_rate,47,47,0,0.04309076870355624,0.034482758620689655,0.02299154334038055,0.061553030303030304
train,true,sem_autor,DEP_advmod_rate,47,47,0,0.0201354280081594,0.0196078431372549,0.0,0.023863636363636365
train,true,sem_autor,DEP_complete_advmod_rate,47,47,0,0.019879058823161315,0.018867924528301886,0.0,0.03125
train,true,sem_autor,DEP_ccomp_rate,47,47,0,0.009858130675890914,0.0,0.0,0.019419306184012067
train,true,sem_autor,DEP_complete_ccomp_rate,47,47,0,0.010361945538878061,0.0,0.0,0.021315192743764172
train,true,sem_autor,DEP_advcl_rate,47,47,0,0.00831923693209887,0.0,0.0,0.019230769230769232
train,true,sem_autor,DEP_complete_advcl_rate,47,47,0,0.008630255823830023,0.0,0.0,0.01020408163265306
train,true,sem_autor,diversidade,47,47,0,0.8060780878848567,0.8,0.773171768707483,0.851063829787234
train,true,sem_autor,punctuationDensity_spacy,47,47,0,0.10625747180290669,0.10204081632653061,0.07547169811320754,0.13676212741087085
train,true,sem_autor,uppercaseRatio,47,47,0,0.024287263448832606,0.020833333333333332,0.0,0.04168475900998697
validation,fake,all,POS_ADJ_rate,720,720,0,0.048384547307297236,0.041666666666666664,0.02040816326530612,0.06521739130434782
validation,fake,all,POS_ADV_rate,720,720,0,0.03423671651239848,0.022222222222222223,0.018867924528301886,0.05129348795718109
validation,fake,all,POS_NOUN_rate,720,720,0,0.21298159240581607,0.2127659574468085,0.18,0.24489795918367346
validation,fake,all,POS_PROPN_rate,720,720,0,0.16331624117224317,0.16,0.11363636363636363,0.20833333333333334
validation,fake,all,POS_VERB_rate,720,720,0,0.13684553812096,0.13333333333333333,0.10695288753799392,0.16363636363636364
validation,fake,all,POS_PRON_rate,720,720,0,0.03023390869158348,0.02127659574468085,0.0,0.041666666666666664
validation,fake,all,DEP_nsubj_rate,720,720,0,0.07693789206655792,0.0784313725490196,0.058823529411764705,0.09803921568627451
validation,fake,all,DEP_complete_nsubj_rate,720,720,0,0.08053380781674059,0.08,0.05755494505494506,0.10256410256410256
validation,fake,all,DEP_obj_rate,720,720,0,0.06678505192451299,0.06382978723404255,0.041666666666666664,0.0851063829787234
validation,fake,all,DEP_complete_obj_rate,720,720,0,0.0714592548692911,0.06896551724137931,0.043478260869565216,0.09523809523809523
validation,fake,all,DEP_amod_rate,720,720,0,0.03900368644739552,0.03773584905660377,0.019230769230769232,0.061224489795918366
validation,fake,all,DEP_complete_amod_rate,720,720,0,0.03948188346723628,0.03125,0.019052706552706553,0.0625
validation,fake,all,DEP_advmod_rate,720,720,0,0.032096691038322765,0.021739130434782608,0.01810064935064935,0.043478260869565216
validation,fake,all,DEP_complete_advmod_rate,720,720,0,0.03215659850221365,0.02564102564102564,0.0,0.047619047619047616
validation,fake,all,DEP_ccomp_rate,720,720,0,0.012222767004855035,0.0,0.0,0.020833333333333332
validation,fake,all,DEP_complete_ccomp_rate,720,720,0,0.012355932458406708,0.0,0.0,0.023255813953488372
validation,fake,all,DEP_advcl_rate,720,720,0,0.01237066511887463,0.0,0.0,0.020833333333333332
validation,fake,all,DEP_complete_advcl_rate,720,720,0,0.012323379444959199,0.0,0.0,0.023255813953488372
validation,fake,all,diversidade,720,720,0,0.7983305976644939,0.8,0.7547169811320755,0.8478260869565217
validation,fake,all,punctuationDensity_spacy,720,720,0,0.14343099234155032,0.14516129032258066,0.1111111111111111,0.17481203007518797
validation,fake,all,uppercaseRatio,720,720,0,0.022789988419453483,0.0196078431372549,0.0,0.0392156862745098
validation,fake,com_autor,POS_ADJ_rate,17,17,0,0.048815971157835855,0.041666666666666664,0.03773584905660377,0.06
validation,fake,com_autor,POS_ADV_rate,17,17,0,0.02248400633289019,0.0196078431372549,0.0,0.038461538461538464
validation,fake,com_autor,POS_NOUN_rate,17,17,0,0.22920705730587637,0.22448979591836735,0.21153846153846154,0.26
validation,fake,com_autor,POS_PROPN_rate,17,17,0,0.14349249939029615,0.15384615384615385,0.10204081632653061,0.16981132075471697
validation,fake,com_autor,POS_VERB_rate,17,17,0,0.13023425416119241,0.13333333333333333,0.11320754716981132,0.14285714285714285
validation,fake,com_autor,POS_PRON_rate,17,17,0,0.02927552767017767,0.020833333333333332,0.019230769230769232,0.041666666666666664
validation,fake,com_autor,DEP_nsubj_rate,17,17,0,0.0690664883123208,0.061224489795918366,0.041666666666666664,0.08888888888888889
validation,fake,com_autor,DEP_complete_nsubj_rate,17,17,0,0.06636112029882582,0.06521739130434782,0.044444444444444446,0.08695652173913043
validation,fake,com_autor,DEP_obj_rate,17,17,0,0.05436450795725717,0.06,0.03773584905660377,0.07547169811320754
validation,fake,com_autor,DEP_complete_obj_rate,17,17,0,0.05224013300465621,0.05555555555555555,0.02564102564102564,0.07692307692307693
validation,fake,com_autor,DEP_amod_rate,17,17,0,0.04196126137500699,0.038461538461538464,0.0196078431372549,0.06
validation,fake,com_autor,DEP_complete_amod_rate,17,17,0,0.04673096584221904,0.044444444444444446,0.02,0.06
validation,fake,com_autor,DEP_advmod_rate,17,17,0,0.024901073788803373,0.0196078431372549,0.0,0.038461538461538464
validation,fake,com_autor,DEP_complete_advmod_rate,17,17,0,0.025460254207057272,0.022727272727272728,0.0,0.041666666666666664
validation,fake,com_autor,DEP_ccomp_rate,17,17,0,0.0037539658516351085,0.0,0.0,0.0
validation,fake,com_autor,DEP_complete_ccomp_rate,17,17,0,0.002615670774238549,0.0,0.0,0.0
validation,fake,com_autor,DEP_advcl_rate,17,17,0,0.00341584597639961,0.0,0.0,0.0
validation,fake,com_autor,DEP_complete_advcl_rate,17,17,0,0.003614881850175968,0.0,0.0,0.0
validation,fake,com_autor,diversidade,17,17,0,0.7575962356059837,0.7547169811320755,0.723404255319149,0.8125
validation,fake,com_autor,punctuationDensity_spacy,17,17,0,0.06378271625402537,0.057692307692307696,0.04,0.07692307692307693
validation,fake,com_autor,uppercaseRatio,17,17,0,0.010721668812517567,0.0,0.0,0.0196078431372549
validation,fake,sem_autor,POS_ADJ_rate,703,703,0,0.04837411458260426,0.041666666666666664,0.02040816326530612,0.06594202898550725
validation,fake,sem_autor,POS_ADV_rate,703,703,0,0.034520921452727976,0.022222222222222223,0.018867924528301886,0.05357142857142857
validation,fake,sem_autor,POS_NOUN_rate,703,703,0,0.21258922696726557,0.21153846153846154,0.18,0.24489795918367346
validation,fake,sem_autor,POS_PROPN_rate,703,703,0,0.16379562041874826,0.16,0.1145104895104895,0.20833333333333334
validation,fake,sem_autor,POS_VERB_rate,703,703,0,0.13700541269751199,0.13333333333333333,0.10638297872340426,0.16363636363636364
validation,fake,sem_autor,POS_PRON_rate,703,703,0,0.03025708433505986,0.02127659574468085,0.0,0.041666666666666664
validation,fake,sem_autor,DEP_nsubj_rate,703,703,0,0.07712823895677418,0.0784313725490196,0.058823529411764705,0.09803921568627451
validation,fake,sem_autor,DEP_complete_nsubj_rate,703,703,0,0.08087653283495476,0.08,0.057692307692307696,0.10256410256410256
validation,fake,sem_autor,DEP_obj_rate,703,703,0,0.06708540647279655,0.06382978723404255,0.041666666666666664,0.08658170914542729
validation,fake,sem_autor,DEP_complete_obj_rate,703,703,0,0.07192401315051272,0.06976744186046512,0.043961352657004835,0.09523809523809523
validation,fake,sem_autor,DEP_amod_rate,703,703,0,0.03893216614331387,0.03773584905660377,0.019230769230769232,0.061224489795918366
validation,fake,sem_autor,DEP_complete_amod_rate,703,703,0,0.03930658560041593,0.030303030303030304,0.01835016835016835,0.0625
validation,fake,sem_autor,DEP_advmod_rate,703,703,0,0.03227069600737232,0.021739130434782608,0.01818181818181818,0.043478260869565216
validation,fake,sem_autor,DEP_complete_advmod_rate,703,703,0,0.0323185300143298,0.02564102564102564,0.0,0.047619047619047616
validation,fake,sem_autor,DEP_ccomp_rate,703,703,0,0.012427560204861778,0.0,0.0,0.020833333333333332
validation,fake,sem_autor,DEP_complete_ccomp_rate,703,703,0,0.01259147221463837,0.0,0.0,0.023255813953488372
validation,fake,sem_autor,DEP_advcl_rate,703,703,0,0.012587211243230353,0.0,0.0,0.020833333333333332
validation,fake,sem_autor,DEP_complete_advcl_rate,703,703,0,0.012533969002727786,0.0,0.0,0.02353266888150609
validation,fake,sem_autor,diversidade,703,703,0,0.7993156391367481,0.8,0.7551020408163265,0.8478260869565217
validation,fake,sem_autor,punctuationDensity_spacy,703,703,0,0.14535705307197413,0.14545454545454545,0.11320754716981132,0.17543859649122806
validation,fake,sem_autor,uppercaseRatio,703,703,0,0.023081825451200157,0.0196078431372549,0.0,0.0392156862745098
validation,true,all,POS_ADJ_rate,720,720,0,0.04823842072221907,0.041666666666666664,0.02040816326530612,0.06666666666666667
validation,true,all,POS_ADV_rate,720,720,0,0.02288514012067638,0.02,0.0,0.0392156862745098
validation,true,all,POS_NOUN_rate,720,720,0,0.24162195528961827,0.24467120181405894,0.2,0.2765957446808511
validation,true,all,POS_PROPN_rate,720,720,0,0.16385289762585917,0.1568627450980392,0.10416666666666667,0.2222222222222222
validation,true,all,POS_VERB_rate,720,720,0,0.11801573249858922,0.11538461538461539,0.0851063829787234,0.14583333333333334
validation,true,all,POS_PRON_rate,720,720,0,0.02288236390432048,0.02040816326530612,0.0,0.038461538461538464
validation,true,all,DEP_nsubj_rate,720,720,0,0.06883737564260477,0.06521739130434782,0.043478260869565216,0.08888888888888889
validation,true,all,DEP_complete_nsubj_rate,720,695,25,0.07405706854897476,0.07317073170731707,0.04878048780487805,0.1
validation,true,all,DEP_obj_rate,720,720,0,0.05915845363392563,0.058823529411764705,0.04,0.0784313725490196
validation,true,all,DEP_complete_obj_rate,720,695,25,0.0644250400779002,0.0625,0.041666666666666664,0.0851063829787234
validation,true,all,DEP_amod_rate,720,720,0,0.04136169026896097,0.0392156862745098,0.0196078431372549,0.061224489795918366
validation,true,all,DEP_complete_amod_rate,720,695,25,0.04414903980043513,0.03571428571428571,0.0196078431372549,0.06666666666666667
validation,true,all,DEP_advmod_rate,720,720,0,0.020634558089549553,0.0196078431372549,0.0,0.037037037037037035
validation,true,all,DEP_complete_advmod_rate,720,695,25,0.021119594239872554,0.02,0.0,0.03333333333333333
validation,true,all,DEP_ccomp_rate,720,720,0,0.011735600600747095,0.0,0.0,0.020833333333333332
validation,true,all,DEP_complete_ccomp_rate,720,695,25,0.013102961825000908,0.0,0.0,0.023809523809523808
validation,true,all,DEP_advcl_rate,720,720,0,0.009820342004128036,0.0,0.0,0.02040816326530612
validation,true,all,DEP_complete_advcl_rate,720,695,25,0.010341873122874224,0.0,0.0,0.022727272727272728
validation,true,all,diversidade,720,720,0,0.8151766044222752,0.8181818181818182,0.7755102040816326,0.8657051282051282
validation,true,all,punctuationDensity_spacy,720,720,0,0.11368514458295846,0.1111111111111111,0.08928571428571429,0.13725490196078433
validation,true,all,uppercaseRatio,720,720,0,0.02042127481681373,0.02,0.0,0.0392156862745098
validation,true,com_autor,POS_ADJ_rate,706,706,0,0.04837396497306954,0.041666666666666664,0.020833333333333332,0.06666666666666667
validation,true,com_autor,POS_ADV_rate,706,706,0,0.022927090042022532,0.02,0.0,0.0392156862745098
validation,true,com_autor,POS_NOUN_rate,706,706,0,0.24173801999940397,0.24489795918367346,0.2037037037037037,0.2765957446808511
validation,true,com_autor,POS_PROPN_rate,706,706,0,0.16346559761248036,0.15620915032679739,0.10416666666666667,0.22166666666666665
validation,true,com_autor,POS_VERB_rate,706,706,0,0.11825233602546441,0.11538461538461539,0.0851063829787234,0.14583333333333334
validation,true,com_autor,POS_PRON_rate,706,706,0,0.022866551410599404,0.02040816326530612,0.0,0.038461538461538464
validation,true,com_autor,DEP_nsubj_rate,706,706,0,0.0689957694495479,0.06521739130434782,0.043478260869565216,0.08888888888888889
validation,true,com_autor,DEP_complete_nsubj_rate,706,681,25,0.07401168209233018,0.07317073170731707,0.04878048780487805,0.1
validation,true,com_autor,DEP_obj_rate,706,706,0,0.05929520700071026,0.0582579185520362,0.04,0.0784313725490196
validation,true,com_autor,DEP_complete_obj_rate,706,681,25,0.06443143246852877,0.0625,0.041666666666666664,0.0851063829787234
validation,true,com_autor,DEP_amod_rate,706,706,0,0.04144947101434932,0.0392156862745098,0.0196078431372549,0.061224489795918366
validation,true,com_autor,DEP_complete_amod_rate,706,681,25,0.044149938184593895,0.03571428571428571,0.02,0.06666666666666667
validation,true,com_autor,DEP_advmod_rate,706,706,0,0.020719829220300117,0.0196078431372549,0.0,0.03756114605171209
validation,true,com_autor,DEP_complete_advmod_rate,706,681,25,0.02109887618160065,0.02,0.0,0.03333333333333333
validation,true,com_autor,DEP_ccomp_rate,706,706,0,0.01164335501357739,0.0,0.0,0.020833333333333332
validation,true,com_autor,DEP_complete_ccomp_rate,706,681,25,0.012889121540722767,0.0,0.0,0.023809523809523808
validation,true,com_autor,DEP_advcl_rate,706,706,0,0.009986751052368535,0.0,0.0,0.02040816326530612
validation,true,com_autor,DEP_complete_advcl_rate,706,681,25,0.010517770661376777,0.0,0.0,0.022727272727272728
validation,true,com_autor,diversidade,706,706,0,0.8160023609041379,0.8181818181818182,0.7755102040816326,0.8663461538461539
validation,true,com_autor,punctuationDensity_spacy,706,706,0,0.11404902933976852,0.1111111111111111,0.08928571428571429,0.13725490196078433
validation,true,com_autor,uppercaseRatio,706,706,0,0.020403065258537852,0.02,0.0,0.0392156862745098
validation,true,sem_autor,POS_ADJ_rate,14,14,0,0.04140311778647409,0.04301572617946346,0.02,0.06
validation,true,sem_autor,POS_ADV_rate,14,14,0,0.020769665515649013,0.02020408163265306,0.0,0.03616780045351474
validation,true,sem_autor,POS_NOUN_rate,14,14,0,0.23576897778185324,0.2311111111111111,0.2,0.28110545790934316
validation,true,sem_autor,POS_PROPN_rate,14,14,0,0.18338388401481906,0.2051063829787234,0.11304347826086958,0.25882978723404254
validation,true,sem_autor,POS_VERB_rate,14,14,0,0.10608415464331189,0.08792270531400967,0.08,0.11843247937472862
validation,true,sem_autor,POS_PRON_rate,14,14,0,0.0236797653733975,0.020842379504993486,0.005,0.02210144927536232
validation,true,sem_autor,DEP_nsubj_rate,14,14,0,0.0608498022353296,0.06,0.043719806763285025,0.08049645390070923
validation,true,sem_autor,DEP_complete_nsubj_rate,14,14,0,0.07626479547575757,0.06594202898550725,0.05265151515151516,0.1
validation,true,sem_autor,DEP_obj_rate,14,14,0,0.05226217670892858,0.06,0.02530612244897959,0.06666666666666667
validation,true,sem_autor,DEP_complete_obj_rate,14,14,0,0.06411409593375365,0.05606758832565284,0.042119565217391304,0.09375
validation,true,sem_autor,DEP_amod_rate,14,14,0,0.03693503268009111,0.030638297872340424,0.005,0.06
validation,true,sem_autor,DEP_complete_amod_rate,14,14,0,0.04410533982814087,0.04380952380952381,0.0,0.06406455862977602
validation,true,sem_autor,DEP_advmod_rate,14,14,0,0.016334456781699508,0.02,0.0,0.02198581560283688
validation,true,sem_autor,DEP_complete_advmod_rate,14,14,0,0.02212737978867011,0.011111111111111112,0.0,0.03306451612903226
validation,true,sem_autor,DEP_ccomp_rate,14,14,0,0.016387413782305134,0.020842379504993486,0.0,0.02162349676225717
validation,true,sem_autor,DEP_complete_ccomp_rate,14,14,0,0.023504764224530388,0.011111111111111112,0.0,0.028308823529411765
validation,true,sem_autor,DEP_advcl_rate,14,14,0,0.0014285714285714286,0.0,0.0,0.0
validation,true,sem_autor,DEP_complete_advcl_rate,14,14,0,0.0017857142857142859,0.0,0.0,0.0
validation,true,sem_autor,diversidade,14,14,0,0.7735348846940532,0.7872340425531915,0.7157142857142857,0.82
validation,true,sem_autor,punctuationDensity_spacy,14,14,0,0.09533495613239494,0.11017520215633422,0.05826923076923077,0.12151702786377708
validation,true,sem_autor,uppercaseRatio,14,14,0,0.021339556827011753,0.020869565217391306,0.0,0.03629406307977737
test,fake,all,POS_ADJ_rate,720,720,0,0.04789443321581101,0.041666666666666664,0.02040816326530612,0.06521739130434782
test,fake,all,POS_ADV_rate,720,720,0,0.03362520136867664,0.022727272727272728,0.018867924528301886,0.045454545454545456
test,fake,all,POS_NOUN_rate,720,720,0,0.21239781796824084,0.20833333333333334,0.18,0.24489795918367346
test,fake,all,POS_PROPN_rate,720,720,0,0.16784764864204446,0.16,0.12,0.2127659574468085
test,fake,all,POS_VERB_rate,720,720,0,0.1316642253214186,0.12962962962962962,0.10204081632653061,0.16
test,fake,all,POS_PRON_rate,720,720,0,0.029015189358160942,0.020833333333333332,0.0,0.04188829787234043
test,fake,all,DEP_nsubj_rate,720,720,0,0.07809668051917136,0.08,0.06,0.1
test,fake,all,DEP_complete_nsubj_rate,720,720,0,0.0817069401333759,0.08108108108108109,0.058823529411764705,0.10256410256410256
test,fake,all,DEP_obj_rate,720,720,0,0.06229570425396953,0.061224489795918366,0.04,0.08163265306122448
test,fake,all,DEP_complete_obj_rate,720,720,0,0.0667957567329087,0.06451612903225806,0.041666666666666664,0.09090909090909091
test,fake,all,DEP_amod_rate,720,720,0,0.03938167542642735,0.0392156862745098,0.0196078431372549,0.059117647058823525
test,fake,all,DEP_complete_amod_rate,720,720,0,0.04096211845167937,0.03571428571428571,0.0196078431372549,0.0625
test,fake,all,DEP_advmod_rate,720,720,0,0.030921161702826914,0.02127659574468085,0.0,0.0425531914893617
test,fake,all,DEP_complete_advmod_rate,720,720,0,0.03129345838478689,0.025,0.0,0.047619047619047616
test,fake,all,DEP_ccomp_rate,720,720,0,0.011995865406878919,0.0,0.0,0.02040816326530612
test,fake,all,DEP_complete_ccomp_rate,720,720,0,0.011239034336966078,0.0,0.0,0.022222222222222223
test,fake,all,DEP_advcl_rate,720,720,0,0.011795232537373572,0.0,0.0,0.02040816326530612
test,fake,all,DEP_complete_advcl_rate,720,720,0,0.011758388482412103,0.0,0.0,0.023255813953488372
test,fake,all,diversidade,720,720,0,0.8014555974531936,0.8043478260869565,0.7551020408163265,0.8478260869565217
test,fake,all,punctuationDensity_spacy,720,720,0,0.1469357895205917,0.14545454545454545,0.11320754716981132,0.1777073732718894
test,fake,all,uppercaseRatio,720,720,0,0.02086503289006236,0.019230769230769232,0.0,0.03773584905660377
test,fake,com_autor,POS_ADJ_rate,11,11,0,0.05979211254877357,0.043478260869565216,0.030594405594405596,0.07736943907156674
test,fake,com_autor,POS_ADV_rate,11,11,0,0.03151534840391101,0.022222222222222223,0.019803921568627453,0.05004101722723544
test,fake,com_autor,POS_NOUN_rate,11,11,0,0.19646557451713254,0.18181818181818182,0.17164484451718492,0.2214206437291898
test,fake,com_autor,POS_PROPN_rate,11,11,0,0.17316299606047184,0.1590909090909091,0.15155865463494667,0.18894830659536543
test,fake,com_autor,POS_VERB_rate,11,11,0,0.12079476196155903,0.11538461538461539,0.10753931544865865,0.14777777777777779
test,fake,com_autor,POS_PRON_rate,11,11,0,0.025339379298090083,0.021739130434782608,0.0,0.038098693759071114
test,fake,com_autor,DEP_nsubj_rate,11,11,0,0.07888066819737224,0.07692307692307693,0.06524822695035461,0.09716981132075472
test,fake,com_autor,DEP_complete_nsubj_rate,11,11,0,0.08630393605987224,0.08,0.06599713055954089,0.10644257703081232
test,fake,com_autor,DEP_obj_rate,11,11,0,0.06263372457919747,0.06521739130434782,0.04014452027298274,0.0898989898989899
test,fake,com_autor,DEP_complete_obj_rate,11,11,0,0.06936810382697192,0.07142857142857142,0.047619047619047616,0.09173669467787116
test,fake,com_autor,DEP_amod_rate,11,11,0,0.05072060770186764,0.043478260869565216,0.019419306184012067,0.07635933806146572
test,fake,com_autor,DEP_complete_amod_rate,11,11,0,0.048540641662196446,0.03125,0.01,0.07983193277310924
test,fake,com_autor,DEP_advmod_rate,11,11,0,0.023911408563921387,0.02127659574468085,0.019803921568627453,0.038098693759071114
test,fake,com_autor,DEP_complete_advmod_rate,11,11,0,0.02385018999374301,0.023809523809523808,0.023809523809523808,0.031754032258064516
test,fake,com_autor,DEP_ccomp_rate,11,11,0,0.006960021110964507,0.0,0.0,0.009433962264150943
test,fake,com_autor,DEP_complete_ccomp_rate,11,11,0,0.0075833969951617005,0.0,0.0,0.00980392156862745
test,fake,com_autor,DEP_advcl_rate,11,11,0,0.013434433830436516,0.0,0.0,0.022233201581027668
test,fake,com_autor,DEP_complete_advcl_rate,11,11,0,0.012776261531005364,0.0,0.0,0.02661064425770308
test,fake,com_autor,diversidade,11,11,0,0.7980822031475022,0.8076923076923077,0.7627877237851662,0.8236111111111111
test,fake,com_autor,punctuationDensity_spacy,11,11,0,0.08734678217566863,0.08928571428571429,0.06125,0.10832791151594015
test,fake,com_autor,uppercaseRatio,11,11,0,0.008741258741258742,0.0,0.0,0.0
test,fake,sem_autor,POS_ADJ_rate,709,709,0,0.047709842986385635,0.041666666666666664,0.02040816326530612,0.06521739130434782
test,fake,sem_autor,POS_ADV_rate,709,709,0,0.03365793533568993,0.022727272727272728,0.018867924528301886,0.045454545454545456
test,fake,sem_autor,POS_NOUN_rate,709,709,0,0.2126450036917418,0.20930232558139536,0.18,0.24489795918367346
test,fake,sem_autor,POS_PROPN_rate,709,709,0,0.16776518203893767,0.16,0.12,0.2127659574468085
test,fake,sem_autor,POS_VERB_rate,709,709,0,0.1318328629758029,0.12962962962962962,0.10204081632653061,0.16
test,fake,sem_autor,POS_PRON_rate,709,709,0,0.029072218851335527,0.020833333333333332,0.0,0.0425531914893617
test,fake,sem_autor,DEP_nsubj_rate,709,709,0,0.0780845170996224,0.08,0.06,0.1
test,fake,sem_autor,DEP_complete_nsubj_rate,709,709,0,0.08163561861688581,0.08108108108108109,0.058823529411764705,0.10256410256410256
test,fake,sem_autor,DEP_obj_rate,709,709,0,0.062290459932985744,0.061224489795918366,0.04,0.08163265306122448
test,fake,sem_autor,DEP_complete_obj_rate,709,709,0,0.06675584725754242,0.06451612903225806,0.041666666666666664,0.09090909090909091
test,fake,sem_autor,DEP_amod_rate,709,709,0,0.039205754051208956,0.0392156862745098,0.0196078431372549,0.058823529411764705
test,fake,sem_autor,DEP_complete_amod_rate,709,709,0,0.04084453910708743,0.03571428571428571,0.0196078431372549,0.0625
test,fake,sem_autor,DEP_advmod_rate,709,709,0,0.03102991668805676,0.02127659574468085,0.0,0.043478260869565216
test,fake,sem_autor,DEP_complete_advmod_rate,709,709,0,0.03140893927660845,0.025,0.0,0.04878048780487805
test,fake,sem_autor,DEP_ccomp_rate,709,709,0,0.01207399557225982,0.0,0.0,0.02040816326530612
test,fake,sem_autor,DEP_complete_ccomp_rate,709,709,0,0.011295750854257824,0.0,0.0,0.022222222222222223
test,fake,sem_autor,DEP_advcl_rate,709,709,0,0.011769800641430423,0.0,0.0,0.02040816326530612
test,fake,sem_autor,DEP_complete_advcl_rate,709,709,0,0.011742596375875394,0.0,0.0,0.023255813953488372
test,fake,sem_autor,diversidade,709,709,0,0.8015079350235217,0.8043478260869565,0.7551020408163265,0.8478260869565217
test,fake,sem_autor,punctuationDensity_spacy,709,709,0,0.1478603016232633,0.14754098360655737,0.11538461538461539,0.17857142857142858
test,fake,sem_autor,uppercaseRatio,709,709,0,0.021053130937505007,0.019230769230769232,0.0,0.03773584905660377
test,true,all,POS_ADJ_rate,720,720,0,0.05116107733502224,0.0425531914893617,0.02116578014184397,0.07547169811320754
test,true,all,POS_ADV_rate,720,720,0,0.023247376963349994,0.02040816326530612,0.0,0.04
test,true,all,POS_NOUN_rate,720,720,0,0.23941223990333005,0.2391304347826087,0.2,0.2746323529411765
test,true,all,POS_PROPN_rate,720,720,0,0.15946668188471186,0.15849282296650719,0.09615384615384616,0.2175889328063241
test,true,all,POS_VERB_rate,720,720,0,0.12186349948470693,0.11952380952380952,0.09217171717171717,0.14893617021276595
test,true,all,POS_PRON_rate,720,720,0,0.02532947052830415,0.02040816326530612,0.0,0.04081632653061224
test,true,all,DEP_nsubj_rate,720,720,0,0.07187615128901167,0.06666666666666667,0.05333646616541353,0.08888888888888889
test,true,all,DEP_complete_nsubj_rate,720,694,26,0.07979677092997184,0.07868937048503612,0.05442942942942943,0.0979196556671449
test,true,all,DEP_obj_rate,720,720,0,0.058522358053883325,0.06,0.0392156862745098,0.08163265306122448
test,true,all,DEP_complete_obj_rate,720,694,26,0.06543452632591511,0.06451612903225806,0.04,0.08888888888888889
test,true,all,DEP_amod_rate,720,720,0,0.04342446739154247,0.04,0.02040816326530612,0.06382978723404255
test,true,all,DEP_complete_amod_rate,720,694,26,0.0467783429272409,0.04,0.02040816326530612,0.07142857142857142
test,true,all,DEP_advmod_rate,720,720,0,0.02127326745921919,0.02,0.0,0.038461538461538464
test,true,all,DEP_complete_advmod_rate,720,694,26,0.02269013636755955,0.020833333333333332,0.0,0.034482758620689655
test,true,all,DEP_ccomp_rate,720,720,0,0.012245047575943356,0.0,0.0,0.020833333333333332
test,true,all,DEP_complete_ccomp_rate,720,694,26,0.014079629598981508,0.0,0.0,0.02564102564102564
test,true,all,DEP_advcl_rate,720,720,0,0.009746670972904702,0.0,0.0,0.02040816326530612
test,true,all,DEP_complete_advcl_rate,720,694,26,0.010093603520561958,0.0,0.0,0.02127659574468085
test,true,all,diversidade,720,720,0,0.817653620488726,0.8222222222222222,0.7818181818181819,0.8627450980392157
test,true,all,punctuationDensity_spacy,720,720,0,0.11722739275840491,0.11538461538461539,0.09090909090909091,0.14285714285714285
test,true,all,uppercaseRatio,720,720,0,0.01942424082793696,0.02,0.0,0.023255813953488372
test,true,com_autor,POS_ADJ_rate,708,708,0,0.05115368600544132,0.0425531914893617,0.020833333333333332,0.07547169811320754
test,true,com_autor,POS_ADV_rate,708,708,0,0.02316318519803739,0.02040816326530612,0.0,0.039411764705882354
test,true,com_autor,POS_NOUN_rate,708,708,0,0.23918128947803674,0.2391304347826087,0.2,0.27539893617021277
test,true,com_autor,POS_PROPN_rate,708,708,0,0.15998761140156673,0.16,0.09615384615384616,0.21851441241685143
test,true,com_autor,POS_VERB_rate,708,708,0,0.12185685158562058,0.11904761904761904,0.09217171717171717,0.14893617021276595
test,true,com_autor,POS_PRON_rate,708,708,0,0.02524373437273858,0.02040816326530612,0.0,0.04081632653061224
test,true,com_autor,DEP_nsubj_rate,708,708,0,0.07180636832890866,0.06666666666666667,0.05333646616541353,0.08888888888888889
test,true,com_autor,DEP_complete_nsubj_rate,708,683,25,0.07979968571144021,0.07692307692307693,0.05405405405405406,0.09803921568627451
test,true,com_autor,DEP_obj_rate,708,708,0,0.05860558526521214,0.06,0.0392156862745098,0.08163265306122448
test,true,com_autor,DEP_complete_obj_rate,708,683,25,0.06559272685439482,0.06451612903225806,0.04,0.08888888888888889
test,true,com_autor,DEP_amod_rate,708,708,0,0.043402946242726725,0.04,0.02040816326530612,0.06382978723404255
test,true,com_autor,DEP_complete_amod_rate,708,683,25,0.04674334961326813,0.04,0.02040816326530612,0.07142857142857142
test,true,com_autor,DEP_advmod_rate,708,708,0,0.021247545758178672,0.02,0.0,0.038461538461538464
test,true,com_autor,DEP_complete_advmod_rate,708,683,25,0.022664552201842637,0.02040816326530612,0.0,0.034482758620689655
test,true,com_autor,DEP_ccomp_rate,708,708,0,0.01215243217037772,0.0,0.0,0.020833333333333332
test,true,com_autor,DEP_complete_ccomp_rate,708,683,25,0.013980725552412435,0.0,0.0,0.02564102564102564
test,true,com_autor,DEP_advcl_rate,708,708,0,0.009702700264184926,0.0,0.0,0.02040816326530612
test,true,com_autor,DEP_complete_advcl_rate,708,683,25,0.010058904636270771,0.0,0.0,0.02150786308973173
test,true,com_autor,diversidade,708,708,0,0.8178820694288758,0.8222222222222222,0.782608695652174,0.8627450980392157
test,true,com_autor,punctuationDensity_spacy,708,708,0,0.11678549732180281,0.11538461538461539,0.09090909090909091,0.14035087719298245
test,true,com_autor,uppercaseRatio,708,708,0,0.019505296515411222,0.02,0.0,0.023255813953488372
test,true,sem_autor,POS_ADJ_rate,12,12,0,0.051597165780296474,0.056623931623931624,0.03680555555555556,0.06787234042553192
test,true,sem_autor,POS_ADV_rate,12,12,0,0.028214691116793447,0.021749408983451537,0.01962962962962963,0.04
test,true,sem_autor,POS_NOUN_rate,12,12,0,0.2530383149956351,0.25207860922146635,0.22743055555555555,0.2604761904761905
test,true,sem_autor,POS_PROPN_rate,12,12,0,0.12873184039027505,0.10555555555555556,0.08997252747252747,0.15819148936170213
test,true,sem_autor,POS_VERB_rate,12,12,0,0.12225572553080151,0.1373076923076923,0.09627659574468085,0.1488095238095238
test,true,sem_autor,POS_PRON_rate,12,12,0,0.03038790370667271,0.02105496453900709,0.02,0.056089743589743585
test,true,sem_autor,DEP_nsubj_rate,12,12,0,0.07599334593508858,0.0824829931972789,0.057487725040916524,0.09642857142857142
test,true,sem_autor,DEP_complete_nsubj_rate,12,11,1,0.07961578949879942,0.0851063829787234,0.06780303030303031,0.09307359307359307
test,true,sem_autor,DEP_obj_rate,12,12,0,0.053611952585483486,0.04925431711145997,0.035555555555555556,0.07208994708994709
test,true,sem_autor,DEP_complete_obj_rate,12,11,1,0.055611711693947914,0.0425531914893617,0.03598484848484848,0.0732142857142857
test,true,sem_autor,DEP_amod_rate,12,12,0,0.04469421517167211,0.04006410256410256,0.02198581560283688,0.06572948328267476
test,true,sem_autor,DEP_complete_amod_rate,12,11,1,0.04895110960391425,0.05,0.026262626262626265,0.067629179331307
test,true,sem_autor,DEP_advmod_rate,12,12,0,0.022790847820609725,0.02020408163265306,0.013888888888888888,0.02666666666666667
test,true,sem_autor,DEP_complete_advmod_rate,12,11,1,0.02427868047525501,0.022222222222222223,0.010416666666666666,0.03740562800274537
test,true,sem_autor,DEP_ccomp_rate,12,12,0,0.017709356504315977,0.009259259259259259,0.0,0.020944148936170214
test,true,sem_autor,DEP_complete_ccomp_rate,12,11,1,0.020220671763224955,0.02,0.0,0.02361111111111111
test,true,sem_autor,DEP_advcl_rate,12,12,0,0.012340942787371358,0.009615384615384616,0.0,0.02010204081632653
test,true,sem_autor,DEP_complete_advcl_rate,12,11,1,0.012248088790641981,0.0,0.0,0.02105496453900709
test,true,sem_autor,diversidade,12,12,0,0.804175133019888,0.8020833333333333,0.7487745098039216,0.8398151713515596
test,true,sem_autor,punctuationDensity_spacy,12,12,0,0.1432992235179292,0.14769975786924938,0.12176628010704728,0.16911764705882354
test,true,sem_autor,uppercaseRatio,12,12,0,0.014641955266955269,0.010416666666666666,0.0,0.02130681818181818
