comparison,new_variant,old_variant,rule_id,status,antecedents,consequents
legacy_style_vs_legacy_author,legacy_style,legacy_author,08f98c8e9de2,retained,"[""typeTokenRatio_alto""]","[""punctuationDensity_baixo""]"
legacy_style_vs_legacy_author,legacy_style,legacy_author,271127b8c4d9,removed,"[""com_autor"", ""diversidade_alto""]","[""typeTokenRatio_alto""]"
legacy_style_vs_legacy_author,legacy_style,legacy_author,2dc09b45b87d,retained,"[""typeTokenRatio_baixo""]","[""diversidade_baixo""]"
legacy_style_vs_legacy_author,legacy_style,legacy_author,378c5cc8282c,removed,"[""com_autor"", ""typeTokenRatio_alto""]","[""punctuationDensity_baixo""]"
legacy_style_vs_legacy_author,legacy_style,legacy_author,4b0b4c360a74,retained,"[""punctuationDensity_baixo""]","[""typeTokenRatio_alto""]"
legacy_style_vs_legacy_author,legacy_style,legacy_author,5dd94bd9c2dc,retained,"[""typeTokenRatio_alto""]","[""diversidade_alto""]"
legacy_style_vs_legacy_author,legacy_style,legacy_author,5f17b290addb,removed,"[""uppercaseRatio_alto""]","[""sem_autor""]"
legacy_style_vs_legacy_author,legacy_style,legacy_author,63269984800b,removed,"[""com_autor"", ""punctuationDensity_baixo""]","[""typeTokenRatio_alto""]"
legacy_style_vs_legacy_author,legacy_style,legacy_author,7280ea07da4b,removed,"[""diversidade_baixo""]","[""sem_autor""]"
legacy_style_vs_legacy_author,legacy_style,legacy_author,754675d9fdff,removed,"[""sem_autor"", ""typeTokenRatio_baixo""]","[""diversidade_baixo""]"
legacy_style_vs_legacy_author,legacy_style,legacy_author,78065887dfd7,removed,"[""com_autor"", ""typeTokenRatio_alto""]","[""diversidade_alto""]"
legacy_style_vs_legacy_author,legacy_style,legacy_author,7c6fb63e9509,retained,"[""typeTokenRatio_baixo""]","[""punctuationDensity_alto""]"
legacy_style_vs_legacy_author,legacy_style,legacy_author,80e4bcc39fb5,removed,"[""diversidade_baixo"", ""sem_autor""]","[""typeTokenRatio_baixo""]"
legacy_style_vs_legacy_author,legacy_style,legacy_author,82a4d9db7fe4,retained,"[""punctuationDensity_alto""]","[""typeTokenRatio_baixo""]"
legacy_style_vs_legacy_author,legacy_style,legacy_author,9575280b6889,removed,"[""diversidade_alto""]","[""com_autor""]"
legacy_style_vs_legacy_author,legacy_style,legacy_author,9a107a05b527,removed,"[""typeTokenRatio_alto"", ""uppercaseRatio_baixo""]","[""com_autor""]"
legacy_style_vs_legacy_author,legacy_style,legacy_author,9bb8342c6df2,removed,"[""diversidade_alto"", ""typeTokenRatio_alto""]","[""com_autor""]"
legacy_style_vs_legacy_author,legacy_style,legacy_author,b42a1e679924,removed,"[""punctuationDensity_baixo"", ""typeTokenRatio_alto""]","[""com_autor""]"
legacy_style_vs_legacy_author,legacy_style,legacy_author,b7f98ec27998,removed,"[""punctuationDensity_alto""]","[""sem_autor""]"
legacy_style_vs_legacy_author,legacy_style,legacy_author,bc00c336bc9e,retained,"[""diversidade_baixo""]","[""typeTokenRatio_baixo""]"
legacy_style_vs_legacy_author,legacy_style,legacy_author,bedf49d12a34,removed,"[""typeTokenRatio_alto""]","[""com_autor""]"
legacy_style_vs_legacy_author,legacy_style,legacy_author,c565d716779f,removed,"[""punctuationDensity_alto"", ""typeTokenRatio_baixo""]","[""sem_autor""]"
legacy_style_vs_legacy_author,legacy_style,legacy_author,cd67313f811e,retained,"[""diversidade_alto""]","[""typeTokenRatio_alto""]"
legacy_style_vs_legacy_author,legacy_style,legacy_author,ddf35ccfbf01,removed,"[""punctuationDensity_baixo""]","[""com_autor""]"
legacy_style_vs_legacy_author,legacy_style,legacy_author,e08636486d21,removed,"[""diversidade_baixo"", ""typeTokenRatio_baixo""]","[""sem_autor""]"
legacy_style_vs_legacy_author,legacy_style,legacy_author,e822fb5b7b83,removed,"[""sem_autor"", ""typeTokenRatio_baixo""]","[""punctuationDensity_alto""]"
legacy_style_vs_legacy_author,legacy_style,legacy_author,ecdcecd4dbe4,removed,"[""typeTokenRatio_baixo""]","[""sem_autor""]"
legacy_style_vs_legacy_author,legacy_style,legacy_author,f1ac2df387b4,removed,"[""punctuationDensity_alto"", ""sem_autor""]","[""typeTokenRatio_baixo""]"
legacy_pos_vs_legacy_style,legacy_pos,legacy_style,08f98c8e9de2,retained,"[""typeTokenRatio_alto""]","[""punctuationDensity_baixo""]"
legacy_pos_vs_legacy_style,legacy_pos,legacy_style,1a7ef3000b3a,new,"[""POS_PROPN_rate_baixo""]","[""POS_NOUN_rate_alto""]"
legacy_pos_vs_legacy_style,legacy_pos,legacy_style,2dc09b45b87d,retained,"[""typeTokenRatio_baixo""]","[""diversidade_baixo""]"
legacy_pos_vs_legacy_style,legacy_pos,legacy_style,3583c1292032,new,"[""POS_PRON_rate_alto""]","[""uppercaseRatio_baixo""]"
legacy_pos_vs_legacy_style,legacy_pos,legacy_style,46440f577adc,new,"[""POS_ADJ_rate_alto""]","[""uppercaseRatio_baixo""]"
legacy_pos_vs_legacy_style,legacy_pos,legacy_style,4b0b4c360a74,retained,"[""punctuationDensity_baixo""]","[""typeTokenRatio_alto""]"
legacy_pos_vs_legacy_style,legacy_pos,legacy_style,4c2d6bec5732,new,"[""POS_PROPN_rate_baixo"", ""uppercaseRatio_baixo""]","[""POS_NOUN_rate_alto""]"
legacy_pos_vs_legacy_style,legacy_pos,legacy_style,58f2585b6892,new,"[""POS_PROPN_rate_baixo""]","[""uppercaseRatio_baixo""]"
legacy_pos_vs_legacy_style,legacy_pos,legacy_style,5dd94bd9c2dc,retained,"[""typeTokenRatio_alto""]","[""diversidade_alto""]"
legacy_pos_vs_legacy_style,legacy_pos,legacy_style,692298c7e196,new,"[""POS_NOUN_rate_alto""]","[""uppercaseRatio_baixo""]"
legacy_pos_vs_legacy_style,legacy_pos,legacy_style,7c6fb63e9509,retained,"[""typeTokenRatio_baixo""]","[""punctuationDensity_alto""]"
legacy_pos_vs_legacy_style,legacy_pos,legacy_style,82a4d9db7fe4,retained,"[""punctuationDensity_alto""]","[""typeTokenRatio_baixo""]"
legacy_pos_vs_legacy_style,legacy_pos,legacy_style,ad056bd1509b,new,"[""POS_NOUN_rate_alto"", ""uppercaseRatio_baixo""]","[""POS_PROPN_rate_baixo""]"
legacy_pos_vs_legacy_style,legacy_pos,legacy_style,bc00c336bc9e,retained,"[""diversidade_baixo""]","[""typeTokenRatio_baixo""]"
legacy_pos_vs_legacy_style,legacy_pos,legacy_style,cd67313f811e,retained,"[""diversidade_alto""]","[""typeTokenRatio_alto""]"
legacy_pos_vs_legacy_style,legacy_pos,legacy_style,d22dba7f65e2,new,"[""POS_NOUN_rate_alto"", ""POS_PROPN_rate_baixo""]","[""uppercaseRatio_baixo""]"
legacy_pos_vs_legacy_style,legacy_pos,legacy_style,d4448b7c5c68,new,"[""POS_ADV_rate_alto""]","[""uppercaseRatio_baixo""]"
legacy_pos_vs_legacy_style,legacy_pos,legacy_style,f5e829055ee4,new,"[""POS_NOUN_rate_alto""]","[""POS_PROPN_rate_baixo""]"
corrected_style_vs_legacy_style,corrected_style,legacy_style,08f98c8e9de2,removed,"[""typeTokenRatio_alto""]","[""punctuationDensity_baixo""]"
corrected_style_vs_legacy_style,corrected_style,legacy_style,2dc09b45b87d,removed,"[""typeTokenRatio_baixo""]","[""diversidade_baixo""]"
corrected_style_vs_legacy_style,corrected_style,legacy_style,4b0b4c360a74,removed,"[""punctuationDensity_baixo""]","[""typeTokenRatio_alto""]"
corrected_style_vs_legacy_style,corrected_style,legacy_style,5dd94bd9c2dc,removed,"[""typeTokenRatio_alto""]","[""diversidade_alto""]"
corrected_style_vs_legacy_style,corrected_style,legacy_style,7c6fb63e9509,removed,"[""typeTokenRatio_baixo""]","[""punctuationDensity_alto""]"
corrected_style_vs_legacy_style,corrected_style,legacy_style,82a4d9db7fe4,removed,"[""punctuationDensity_alto""]","[""typeTokenRatio_baixo""]"
corrected_style_vs_legacy_style,corrected_style,legacy_style,bc00c336bc9e,removed,"[""diversidade_baixo""]","[""typeTokenRatio_baixo""]"
corrected_style_vs_legacy_style,corrected_style,legacy_style,cd67313f811e,removed,"[""diversidade_alto""]","[""typeTokenRatio_alto""]"
corrected_pos_vs_corrected_style,corrected_pos,corrected_style,1a7ef3000b3a,new,"[""POS_PROPN_rate_baixo""]","[""POS_NOUN_rate_alto""]"
corrected_pos_vs_corrected_style,corrected_pos,corrected_style,3583c1292032,new,"[""POS_PRON_rate_alto""]","[""uppercaseRatio_baixo""]"
corrected_pos_vs_corrected_style,corrected_pos,corrected_style,46440f577adc,new,"[""POS_ADJ_rate_alto""]","[""uppercaseRatio_baixo""]"
corrected_pos_vs_corrected_style,corrected_pos,corrected_style,4c2d6bec5732,new,"[""POS_PROPN_rate_baixo"", ""uppercaseRatio_baixo""]","[""POS_NOUN_rate_alto""]"
corrected_pos_vs_corrected_style,corrected_pos,corrected_style,58f2585b6892,new,"[""POS_PROPN_rate_baixo""]","[""uppercaseRatio_baixo""]"
corrected_pos_vs_corrected_style,corrected_pos,corrected_style,692298c7e196,new,"[""POS_NOUN_rate_alto""]","[""uppercaseRatio_baixo""]"
corrected_pos_vs_corrected_style,corrected_pos,corrected_style,ad056bd1509b,new,"[""POS_NOUN_rate_alto"", ""uppercaseRatio_baixo""]","[""POS_PROPN_rate_baixo""]"
corrected_pos_vs_corrected_style,corrected_pos,corrected_style,d22dba7f65e2,new,"[""POS_NOUN_rate_alto"", ""POS_PROPN_rate_baixo""]","[""uppercaseRatio_baixo""]"
corrected_pos_vs_corrected_style,corrected_pos,corrected_style,d4448b7c5c68,new,"[""POS_ADV_rate_alto""]","[""uppercaseRatio_baixo""]"
corrected_pos_vs_corrected_style,corrected_pos,corrected_style,f5e829055ee4,new,"[""POS_NOUN_rate_alto""]","[""POS_PROPN_rate_baixo""]"
corrected_pos_vs_legacy_pos,corrected_pos,legacy_pos,08f98c8e9de2,removed,"[""typeTokenRatio_alto""]","[""punctuationDensity_baixo""]"
corrected_pos_vs_legacy_pos,corrected_pos,legacy_pos,1a7ef3000b3a,retained,"[""POS_PROPN_rate_baixo""]","[""POS_NOUN_rate_alto""]"
corrected_pos_vs_legacy_pos,corrected_pos,legacy_pos,2dc09b45b87d,removed,"[""typeTokenRatio_baixo""]","[""diversidade_baixo""]"
corrected_pos_vs_legacy_pos,corrected_pos,legacy_pos,3583c1292032,retained,"[""POS_PRON_rate_alto""]","[""uppercaseRatio_baixo""]"
corrected_pos_vs_legacy_pos,corrected_pos,legacy_pos,46440f577adc,retained,"[""POS_ADJ_rate_alto""]","[""uppercaseRatio_baixo""]"
corrected_pos_vs_legacy_pos,corrected_pos,legacy_pos,4b0b4c360a74,removed,"[""punctuationDensity_baixo""]","[""typeTokenRatio_alto""]"
corrected_pos_vs_legacy_pos,corrected_pos,legacy_pos,4c2d6bec5732,retained,"[""POS_PROPN_rate_baixo"", ""uppercaseRatio_baixo""]","[""POS_NOUN_rate_alto""]"
corrected_pos_vs_legacy_pos,corrected_pos,legacy_pos,58f2585b6892,retained,"[""POS_PROPN_rate_baixo""]","[""uppercaseRatio_baixo""]"
corrected_pos_vs_legacy_pos,corrected_pos,legacy_pos,5dd94bd9c2dc,removed,"[""typeTokenRatio_alto""]","[""diversidade_alto""]"
corrected_pos_vs_legacy_pos,corrected_pos,legacy_pos,692298c7e196,retained,"[""POS_NOUN_rate_alto""]","[""uppercaseRatio_baixo""]"
corrected_pos_vs_legacy_pos,corrected_pos,legacy_pos,7c6fb63e9509,removed,"[""typeTokenRatio_baixo""]","[""punctuationDensity_alto""]"
corrected_pos_vs_legacy_pos,corrected_pos,legacy_pos,82a4d9db7fe4,removed,"[""punctuationDensity_alto""]","[""typeTokenRatio_baixo""]"
corrected_pos_vs_legacy_pos,corrected_pos,legacy_pos,ad056bd1509b,retained,"[""POS_NOUN_rate_alto"", ""uppercaseRatio_baixo""]","[""POS_PROPN_rate_baixo""]"
corrected_pos_vs_legacy_pos,corrected_pos,legacy_pos,bc00c336bc9e,removed,"[""diversidade_baixo""]","[""typeTokenRatio_baixo""]"
corrected_pos_vs_legacy_pos,corrected_pos,legacy_pos,cd67313f811e,removed,"[""diversidade_alto""]","[""typeTokenRatio_alto""]"
corrected_pos_vs_legacy_pos,corrected_pos,legacy_pos,d22dba7f65e2,retained,"[""POS_NOUN_rate_alto"", ""POS_PROPN_rate_baixo""]","[""uppercaseRatio_baixo""]"
corrected_pos_vs_legacy_pos,corrected_pos,legacy_pos,d4448b7c5c68,retained,"[""POS_ADV_rate_alto""]","[""uppercaseRatio_baixo""]"
corrected_pos_vs_legacy_pos,corrected_pos,legacy_pos,f5e829055ee4,retained,"[""POS_NOUN_rate_alto""]","[""POS_PROPN_rate_baixo""]"
corrected_pos_dep_vs_corrected_pos,corrected_pos_dep,corrected_pos,009210998a05,new,"[""DEP_advcl_rate_baixo"", ""DEP_nsubj_rate_baixo""]","[""DEP_ccomp_rate_baixo""]"
corrected_pos_dep_vs_corrected_pos,corrected_pos_dep,corrected_pos,0b6b1f165afa,new,"[""DEP_advcl_rate_baixo"", ""POS_PRON_rate_baixo""]","[""DEP_ccomp_rate_baixo""]"
corrected_pos_dep_vs_corrected_pos,corrected_pos_dep,corrected_pos,0d6a1ab9b984,new,"[""POS_ADV_rate_baixo""]","[""DEP_advcl_rate_baixo""]"
corrected_pos_dep_vs_corrected_pos,corrected_pos_dep,corrected_pos,0e6f83146046,new,"[""POS_ADV_rate_alto""]","[""DEP_advmod_rate_alto""]"
corrected_pos_dep_vs_corrected_pos,corrected_pos_dep,corrected_pos,0f7cc5beef0a,new,"[""POS_ADJ_rate_alto"", ""uppercaseRatio_baixo""]","[""DEP_ccomp_rate_baixo""]"
corrected_pos_dep_vs_corrected_pos,corrected_pos_dep,corrected_pos,12141a4f6b1e,new,"[""POS_NOUN_rate_alto""]","[""DEP_ccomp_rate_baixo""]"
corrected_pos_dep_vs_corrected_pos,corrected_pos_dep,corrected_pos,15f76ab8f838,new,"[""DEP_advmod_rate_baixo"", ""POS_NOUN_rate_alto""]","[""POS_ADV_rate_baixo""]"
corrected_pos_dep_vs_corrected_pos,corrected_pos_dep,corrected_pos,1666765bee42,new,"[""DEP_advmod_rate_alto"", ""POS_PRON_rate_alto""]","[""POS_ADV_rate_alto""]"
corrected_pos_dep_vs_corrected_pos,corrected_pos_dep,corrected_pos,16c6600c19ac,new,"[""DEP_advcl_rate_baixo"", ""DEP_advmod_rate_alto""]","[""POS_ADV_rate_alto""]"
corrected_pos_dep_vs_corrected_pos,corrected_pos_dep,corrected_pos,1a6f3c48df21,new,"[""DEP_ccomp_rate_baixo"", ""POS_NOUN_rate_alto""]","[""DEP_advcl_rate_baixo""]"
corrected_pos_dep_vs_corrected_pos,corrected_pos_dep,corrected_pos,1a7ef3000b3a,retained,"[""POS_PROPN_rate_baixo""]","[""POS_NOUN_rate_alto""]"
corrected_pos_dep_vs_corrected_pos,corrected_pos_dep,corrected_pos,1d75f4885400,new,"[""DEP_advcl_rate_baixo"", ""DEP_nsubj_rate_baixo""]","[""POS_VERB_rate_baixo""]"
corrected_pos_dep_vs_corrected_pos,corrected_pos_dep,corrected_pos,23966564f206,new,"[""POS_PRON_rate_baixo"", ""uppercaseRatio_baixo""]","[""DEP_ccomp_rate_baixo""]"
corrected_pos_dep_vs_corrected_pos,corrected_pos_dep,corrected_pos,244c5810fb80,new,"[""POS_ADJ_rate_baixo""]","[""DEP_amod_rate_baixo""]"
corrected_pos_dep_vs_corrected_pos,corrected_pos_dep,corrected_pos,2698eb8a7fd7,new,"[""POS_PROPN_rate_alto""]","[""DEP_ccomp_rate_baixo""]"
corrected_pos_dep_vs_corrected_pos,corrected_pos_dep,corrected_pos,26c62dc99ff3,new,"[""DEP_ccomp_rate_baixo"", ""POS_PROPN_rate_baixo""]","[""POS_NOUN_rate_alto""]"
corrected_pos_dep_vs_corrected_pos,corrected_pos_dep,corrected_pos,27ce67299da0,new,"[""DEP_nsubj_rate_baixo"", ""POS_PRON_rate_baixo""]","[""DEP_ccomp_rate_baixo""]"
corrected_pos_dep_vs_corrected_pos,corrected_pos_dep,corrected_pos,28cc47fd7d1b,new,"[""POS_PROPN_rate_alto"", ""POS_VERB_rate_baixo""]","[""DEP_advcl_rate_baixo""]"
corrected_pos_dep_vs_corrected_pos,corrected_pos_dep,corrected_pos,29ad7ad49736,new,"[""DEP_advmod_rate_baixo"", ""POS_PRON_rate_baixo""]","[""POS_ADV_rate_baixo""]"
corrected_pos_dep_vs_corrected_pos,corrected_pos_dep,corrected_pos,2ab69402d49c,new,"[""DEP_ccomp_rate_baixo"", ""POS_PROPN_rate_alto""]","[""DEP_advcl_rate_baixo""]"
corrected_pos_dep_vs_corrected_pos,corrected_pos_dep,corrected_pos,2b20d484cff5,new,"[""DEP_advmod_rate_alto""]","[""POS_ADV_rate_alto""]"
corrected_pos_dep_vs_corrected_pos,corrected_pos_dep,corrected_pos,2ebde835a7b8,new,"[""DEP_nsubj_rate_baixo"", ""POS_VERB_rate_baixo""]","[""DEP_ccomp_rate_baixo""]"
corrected_pos_dep_vs_corrected_pos,corrected_pos_dep,corrected_pos,2ecdeb5efa23,new,"[""DEP_advcl_rate_baixo"", ""DEP_obj_rate_baixo""]","[""POS_VERB_rate_baixo""]"
corrected_pos_dep_vs_corrected_pos,corrected_pos_dep,corrected_pos,2f67d0170d28,new,"[""DEP_advcl_rate_baixo"", ""DEP_amod_rate_baixo""]","[""POS_ADJ_rate_baixo""]"
corrected_pos_dep_vs_corrected_pos,corrected_pos_dep,corrected_pos,30553b8c2ed9,new,"[""POS_ADV_rate_alto"", ""uppercaseRatio_baixo""]","[""DEP_advmod_rate_alto""]"
corrected_pos_dep_vs_corrected_pos,corrected_pos_dep,corrected_pos,320210af9326,new,"[""POS_ADV_rate_baixo""]","[""DEP_advcl_rate_baixo"", ""DEP_advmod_rate_baixo""]"
corrected_pos_dep_vs_corrected_pos,corrected_pos_dep,corrected_pos,3463c6400cca,new,"[""POS_VERB_rate_baixo""]","[""DEP_advcl_rate_baixo""]"
corrected_pos_dep_vs_corrected_pos,corrected_pos_dep,corrected_pos,3583c1292032,retained,"[""POS_PRON_rate_alto""]","[""uppercaseRatio_baixo""]"
corrected_pos_dep_vs_corrected_pos,corrected_pos_dep,corrected_pos,367f068cdc49,new,"[""DEP_advmod_rate_baixo""]","[""DEP_advcl_rate_baixo""]"
corrected_pos_dep_vs_corrected_pos,corrected_pos_dep,corrected_pos,3685c5ddb125,new,"[""DEP_amod_rate_baixo"", ""DEP_ccomp_rate_baixo""]","[""POS_ADJ_rate_baixo""]"
corrected_pos_dep_vs_corrected_pos,corrected_pos_dep,corrected_pos,37419ebed314,new,"[""DEP_advcl_rate_baixo"", ""POS_VERB_rate_baixo""]","[""DEP_ccomp_rate_baixo""]"
corrected_pos_dep_vs_corrected_pos,corrected_pos_dep,corrected_pos,383cfa8699c9,new,"[""POS_ADJ_rate_alto"", ""uppercaseRatio_baixo""]","[""DEP_amod_rate_alto""]"
corrected_pos_dep_vs_corrected_pos,corrected_pos_dep,corrected_pos,38d9c569a5ce,new,"[""DEP_ccomp_rate_baixo"", ""POS_NOUN_rate_alto""]","[""uppercaseRatio_baixo""]"
corrected_pos_dep_vs_corrected_pos,corrected_pos_dep,corrected_pos,38f3353a775e,new,"[""DEP_amod_rate_alto"", ""POS_ADJ_rate_alto""]","[""DEP_advcl_rate_baixo""]"
corrected_pos_dep_vs_corrected_pos,corrected_pos_dep,corrected_pos,3a43eba7e197,new,"[""DEP_advmod_rate_alto"", ""DEP_ccomp_rate_baixo""]","[""POS_ADV_rate_alto""]"
corrected_pos_dep_vs_corrected_pos,corrected_pos_dep,corrected_pos,3d086ad2bddd,new,"[""POS_VERB_rate_baixo""]","[""DEP_ccomp_rate_baixo""]"
corrected_pos_dep_vs_corrected_pos,corrected_pos_dep,corrected_pos,3dfd95512d1a,new,"[""POS_ADV_rate_alto"", ""punctuationDensity_spacy_alto""]","[""DEP_advmod_rate_alto""]"
corrected_pos_dep_vs_corrected_pos,corrected_pos_dep,corrected_pos,4022a7b5dcf8,new,"[""POS_ADJ_rate_alto""]","[""DEP_amod_rate_alto""]"
corrected_pos_dep_vs_corrected_pos,corrected_pos_dep,corrected_pos,41c676a20bdc,new,"[""DEP_advmod_rate_alto"", ""POS_PROPN_rate_baixo""]","[""POS_ADV_rate_alto""]"
corrected_pos_dep_vs_corrected_pos,corrected_pos_dep,corrected_pos,4203ea06f871,new,"[""DEP_advmod_rate_alto"", ""uppercaseRatio_baixo""]","[""POS_ADV_rate_alto""]"
corrected_pos_dep_vs_corrected_pos,corrected_pos_dep,corrected_pos,432e5dd5f1a6,new,"[""DEP_advmod_rate_alto"", ""punctuationDensity_spacy_alto""]","[""POS_ADV_rate_alto""]"
corrected_pos_dep_vs_corrected_pos,corrected_pos_dep,corrected_pos,46440f577adc,retained,"[""POS_ADJ_rate_alto""]","[""uppercaseRatio_baixo""]"
corrected_pos_dep_vs_corrected_pos,corrected_pos_dep,corrected_pos,4c2d6bec5732,retained,"[""POS_PROPN_rate_baixo"", ""uppercaseRatio_baixo""]","[""POS_NOUN_rate_alto""]"
corrected_pos_dep_vs_corrected_pos,corrected_pos_dep,corrected_pos,4c6216a0caaf,new,"[""DEP_advcl_rate_baixo"", ""POS_ADJ_rate_alto""]","[""DEP_ccomp_rate_baixo""]"
corrected_pos_dep_vs_corrected_pos,corrected_pos_dep,corrected_pos,4f57e9821bf1,new,"[""DEP_nsubj_rate_baixo"", ""POS_ADV_rate_baixo""]","[""DEP_advmod_rate_baixo""]"
corrected_pos_dep_vs_corrected_pos,corrected_pos_dep,corrected_pos,527f687a01c3,new,"[""POS_ADV_rate_baixo"", ""uppercaseRatio_baixo""]","[""DEP_advmod_rate_baixo""]"
corrected_pos_dep_vs_corrected_pos,corrected_pos_dep,corrected_pos,52ce443b15a9,new,"[""DEP_advcl_rate_baixo"", ""DEP_advmod_rate_baixo""]","[""POS_ADV_rate_baixo""]"
corrected_pos_dep_vs_corrected_pos,corrected_pos_dep,corrected_pos,530864404d97,new,"[""DEP_advmod_rate_baixo"", ""POS_PRON_rate_baixo""]","[""DEP_ccomp_rate_baixo""]"
corrected_pos_dep_vs_corrected_pos,corrected_pos_dep,corrected_pos,5642e26ff2c3,new,"[""DEP_nsubj_rate_baixo"", ""POS_VERB_rate_baixo""]","[""DEP_advcl_rate_baixo""]"
corrected_pos_dep_vs_corrected_pos,corrected_pos_dep,corrected_pos,56957b554c4f,new,"[""DEP_advmod_rate_alto""]","[""uppercaseRatio_baixo""]"
corrected_pos_dep_vs_corrected_pos,corrected_pos_dep,corrected_pos,58f2585b6892,retained,"[""POS_PROPN_rate_baixo""]","[""uppercaseRatio_baixo""]"
corrected_pos_dep_vs_corrected_pos,corrected_pos_dep,corrected_pos,5b29d22834ee,new,"[""DEP_nsubj_rate_baixo""]","[""POS_PRON_rate_baixo""]"
corrected_pos_dep_vs_corrected_pos,corrected_pos_dep,corrected_pos,5bd1b89b2971,new,"[""DEP_advmod_rate_baixo"", ""DEP_ccomp_rate_baixo""]","[""POS_ADV_rate_baixo""]"
corrected_pos_dep_vs_corrected_pos,corrected_pos_dep,corrected_pos,5c39aadcf927,new,"[""DEP_ccomp_rate_baixo"", ""POS_NOUN_rate_alto""]","[""POS_PROPN_rate_baixo""]"
corrected_pos_dep_vs_corrected_pos,corrected_pos_dep,corrected_pos,5d4727b012a4,new,"[""DEP_amod_rate_alto"", ""uppercaseRatio_baixo""]","[""POS_ADJ_rate_alto""]"
corrected_pos_dep_vs_corrected_pos,corrected_pos_dep,corrected_pos,5dbe05269112,new,"[""DEP_advmod_rate_alto"", ""POS_NOUN_rate_baixo""]","[""POS_ADV_rate_alto""]"
corrected_pos_dep_vs_corrected_pos,corrected_pos_dep,corrected_pos,5e06e3b1b794,new,"[""DEP_ccomp_rate_baixo"", ""DEP_nsubj_rate_baixo""]","[""POS_PRON_rate_baixo""]"
corrected_pos_dep_vs_corrected_pos,corrected_pos_dep,corrected_pos,60587117e65e,new,"[""DEP_advcl_rate_baixo"", ""POS_PROPN_rate_baixo""]","[""uppercaseRatio_baixo""]"
corrected_pos_dep_vs_corrected_pos,corrected_pos_dep,corrected_pos,64cfc41cd29c,new,"[""DEP_ccomp_rate_baixo"", ""POS_ADJ_rate_alto""]","[""DEP_amod_rate_alto""]"
corrected_pos_dep_vs_corrected_pos,corrected_pos_dep,corrected_pos,656d9ba782d9,new,"[""DEP_advcl_rate_baixo"", ""POS_ADJ_rate_alto""]","[""DEP_amod_rate_alto""]"
corrected_pos_dep_vs_corrected_pos,corrected_pos_dep,corrected_pos,670282c704b5,new,"[""diversidade_alto""]","[""DEP_ccomp_rate_baixo""]"
corrected_pos_dep_vs_corrected_pos,corrected_pos_dep,corrected_pos,679c1c019611,new,"[""POS_ADJ_rate_alto""]","[""DEP_ccomp_rate_baixo""]"
corrected_pos_dep_vs_corrected_pos,corrected_pos_dep,corrected_pos,67ea8cfa0d8f,new,"[""DEP_obj_rate_baixo"", ""POS_VERB_rate_baixo""]","[""DEP_advcl_rate_baixo""]"
corrected_pos_dep_vs_corrected_pos,corrected_pos_dep,corrected_pos,692298c7e196,retained,"[""POS_NOUN_rate_alto""]","[""uppercaseRatio_baixo""]"
corrected_pos_dep_vs_corrected_pos,corrected_pos_dep,corrected_pos,69f8813a8df9,new,"[""POS_VERB_rate_baixo"", ""uppercaseRatio_baixo""]","[""DEP_advcl_rate_baixo""]"
corrected_pos_dep_vs_corrected_pos,corrected_pos_dep,corrected_pos,6a7d0b0aeb06,new,"[""DEP_advmod_rate_baixo""]","[""DEP_advcl_rate_baixo"", ""POS_ADV_rate_baixo""]"
corrected_pos_dep_vs_corrected_pos,corrected_pos_dep,corrected_pos,6bc0044768d2,new,"[""DEP_ccomp_rate_baixo"", ""POS_ADV_rate_baixo""]","[""DEP_advmod_rate_baixo""]"
corrected_pos_dep_vs_corrected_pos,corrected_pos_dep,corrected_pos,6bca368dfbfe,new,"[""DEP_amod_rate_baixo""]","[""POS_ADJ_rate_baixo""]"
corrected_pos_dep_vs_corrected_pos,corrected_pos_dep,corrected_pos,6c46cc8fbadd,new,"[""DEP_advmod_rate_baixo"", ""DEP_obj_rate_alto""]","[""POS_ADV_rate_baixo""]"
corrected_pos_dep_vs_corrected_pos,corrected_pos_dep,corrected_pos,6e53c5f330fc,new,"[""DEP_amod_rate_alto"", ""POS_ADJ_rate_alto""]","[""uppercaseRatio_baixo""]"
corrected_pos_dep_vs_corrected_pos,corrected_pos_dep,corrected_pos,70cb1095ce1a,new,"[""DEP_advcl_rate_baixo"", ""DEP_amod_rate_alto""]","[""DEP_ccomp_rate_baixo""]"
corrected_pos_dep_vs_corrected_pos,corrected_pos_dep,corrected_pos,714dc4c2aebf,new,"[""POS_PROPN_rate_alto""]","[""DEP_advcl_rate_baixo""]"
corrected_pos_dep_vs_corrected_pos,corrected_pos_dep,corrected_pos,72c462423c12,new,"[""POS_VERB_rate_baixo"", ""uppercaseRatio_baixo""]","[""DEP_ccomp_rate_baixo""]"
corrected_pos_dep_vs_corrected_pos,corrected_pos_dep,corrected_pos,73d91e3a484a,new,"[""POS_PROPN_rate_alto"", ""POS_VERB_rate_baixo""]","[""DEP_ccomp_rate_baixo""]"
corrected_pos_dep_vs_corrected_pos,corrected_pos_dep,corrected_pos,793bbc696d49,new,"[""DEP_advcl_rate_baixo"", ""POS_NOUN_rate_alto""]","[""uppercaseRatio_baixo""]"
corrected_pos_dep_vs_corrected_pos,corrected_pos_dep,corrected_pos,7c209330a1d6,new,"[""DEP_advmod_rate_baixo"", ""POS_PRON_rate_baixo""]","[""DEP_advcl_rate_baixo""]"
corrected_pos_dep_vs_corrected_pos,corrected_pos_dep,corrected_pos,7d817c58a054,new,"[""DEP_amod_rate_alto""]","[""DEP_ccomp_rate_baixo""]"
corrected_pos_dep_vs_corrected_pos,corrected_pos_dep,corrected_pos,7e1c9731ccca,new,"[""DEP_advcl_rate_baixo"", ""POS_ADV_rate_baixo""]","[""DEP_advmod_rate_baixo""]"
corrected_pos_dep_vs_corrected_pos,corrected_pos_dep,corrected_pos,7f0951dd1322,new,"[""DEP_advcl_rate_baixo"", ""DEP_amod_rate_alto""]","[""POS_ADJ_rate_alto""]"
corrected_pos_dep_vs_corrected_pos,corrected_pos_dep,corrected_pos,8694bd72e0dc,new,"[""DEP_ccomp_rate_baixo"", ""POS_PROPN_rate_alto""]","[""POS_VERB_rate_baixo""]"
corrected_pos_dep_vs_corrected_pos,corrected_pos_dep,corrected_pos,86dab6a5f8ff,new,"[""DEP_advmod_rate_baixo"", ""uppercaseRatio_baixo""]","[""POS_ADV_rate_baixo""]"
corrected_pos_dep_vs_corrected_pos,corrected_pos_dep,corrected_pos,879aa9d69381,new,"[""POS_ADV_rate_baixo"", ""POS_VERB_rate_baixo""]","[""DEP_advmod_rate_baixo""]"
corrected_pos_dep_vs_corrected_pos,corrected_pos_dep,corrected_pos,87bf87521500,new,"[""POS_ADV_rate_baixo"", ""diversidade_baixo""]","[""DEP_advmod_rate_baixo""]"
corrected_pos_dep_vs_corrected_pos,corrected_pos_dep,corrected_pos,89bfe376f7a5,new,"[""DEP_advmod_rate_baixo"", ""POS_VERB_rate_baixo""]","[""DEP_ccomp_rate_baixo""]"
corrected_pos_dep_vs_corrected_pos,corrected_pos_dep,corrected_pos,8f07dbefebd7,new,"[""POS_ADV_rate_baixo""]","[""DEP_advmod_rate_baixo"", ""DEP_ccomp_rate_baixo""]"
corrected_pos_dep_vs_corrected_pos,corrected_pos_dep,corrected_pos,909d0314f156,new,"[""POS_ADV_rate_baixo""]","[""DEP_advmod_rate_baixo""]"
corrected_pos_dep_vs_corrected_pos,corrected_pos_dep,corrected_pos,9100dd0175d1,new,"[""POS_ADV_rate_baixo"", ""uppercaseRatio_alto""]","[""DEP_advmod_rate_baixo""]"
corrected_pos_dep_vs_corrected_pos,corrected_pos_dep,corrected_pos,9300fc3b3306,new,"[""DEP_advcl_rate_baixo"", ""POS_ADV_rate_alto""]","[""DEP_advmod_rate_alto""]"
corrected_pos_dep_vs_corrected_pos,corrected_pos_dep,corrected_pos,93993666a2b1,new,"[""POS_NOUN_rate_alto""]","[""DEP_advcl_rate_baixo""]"
corrected_pos_dep_vs_corrected_pos,corrected_pos_dep,corrected_pos,997465f0e852,new,"[""POS_VERB_rate_baixo""]","[""DEP_advcl_rate_baixo"", ""DEP_ccomp_rate_baixo""]"
corrected_pos_dep_vs_corrected_pos,corrected_pos_dep,corrected_pos,9a294293e096,new,"[""DEP_obj_rate_alto"", ""POS_ADV_rate_baixo""]","[""DEP_advmod_rate_baixo""]"
corrected_pos_dep_vs_corrected_pos,corrected_pos_dep,corrected_pos,9a32ada49b69,new,"[""DEP_advmod_rate_baixo"", ""POS_PROPN_rate_alto""]","[""POS_ADV_rate_baixo""]"
corrected_pos_dep_vs_corrected_pos,corrected_pos_dep,corrected_pos,9a59a88003cf,new,"[""DEP_obj_rate_baixo"", ""POS_VERB_rate_baixo""]","[""DEP_ccomp_rate_baixo""]"
corrected_pos_dep_vs_corrected_pos,corrected_pos_dep,corrected_pos,9abddbcf520f,new,"[""POS_PRON_rate_baixo"", ""POS_VERB_rate_baixo""]","[""DEP_advcl_rate_baixo""]"
corrected_pos_dep_vs_corrected_pos,corrected_pos_dep,corrected_pos,9c5cae8f2917,new,"[""DEP_ccomp_rate_baixo"", ""DEP_obj_rate_baixo""]","[""DEP_advcl_rate_baixo""]"
corrected_pos_dep_vs_corrected_pos,corrected_pos_dep,corrected_pos,9d2f2cf10054,new,"[""POS_NOUN_rate_alto"", ""uppercaseRatio_baixo""]","[""DEP_ccomp_rate_baixo""]"
corrected_pos_dep_vs_corrected_pos,corrected_pos_dep,corrected_pos,9dd991d064e5,new,"[""DEP_amod_rate_alto"", ""POS_ADJ_rate_alto""]","[""DEP_ccomp_rate_baixo""]"
corrected_pos_dep_vs_corrected_pos,corrected_pos_dep,corrected_pos,a2acdc4b20e2,new,"[""DEP_ccomp_rate_baixo"", ""DEP_nsubj_rate_baixo""]","[""POS_VERB_rate_baixo""]"
corrected_pos_dep_vs_corrected_pos,corrected_pos_dep,corrected_pos,a4a0ab32082c,new,"[""DEP_amod_rate_alto"", ""uppercaseRatio_baixo""]","[""DEP_ccomp_rate_baixo""]"
corrected_pos_dep_vs_corrected_pos,corrected_pos_dep,corrected_pos,a4dfda82672f,new,"[""DEP_amod_rate_alto""]","[""POS_ADJ_rate_alto""]"
corrected_pos_dep_vs_corrected_pos,corrected_pos_dep,corrected_pos,a686b7ddfc02,new,"[""DEP_advmod_rate_baixo""]","[""DEP_ccomp_rate_baixo"", ""POS_ADV_rate_baixo""]"
corrected_pos_dep_vs_corrected_pos,corrected_pos_dep,corrected_pos,a8b60cb484f2,new,"[""DEP_advcl_rate_baixo"", ""POS_NOUN_rate_alto""]","[""DEP_ccomp_rate_baixo""]"
corrected_pos_dep_vs_corrected_pos,corrected_pos_dep,corrected_pos,a8f9652488ca,new,"[""DEP_amod_rate_alto"", ""DEP_ccomp_rate_baixo""]","[""uppercaseRatio_baixo""]"
corrected_pos_dep_vs_corrected_pos,corrected_pos_dep,corrected_pos,a9cc0766f780,new,"[""DEP_advmod_rate_baixo"", ""POS_ADV_rate_baixo""]","[""DEP_advcl_rate_baixo""]"
corrected_pos_dep_vs_corrected_pos,corrected_pos_dep,corrected_pos,aa24ffb4eb59,new,"[""POS_ADJ_rate_alto""]","[""DEP_amod_rate_alto"", ""DEP_ccomp_rate_baixo""]"
corrected_pos_dep_vs_corrected_pos,corrected_pos_dep,corrected_pos,ac481854c364,new,"[""DEP_ccomp_rate_baixo"", ""DEP_obj_rate_baixo""]","[""POS_VERB_rate_baixo""]"
corrected_pos_dep_vs_corrected_pos,corrected_pos_dep,corrected_pos,acff811bbbf2,new,"[""DEP_advcl_rate_baixo"", ""POS_ADV_rate_baixo""]","[""DEP_ccomp_rate_baixo""]"
corrected_pos_dep_vs_corrected_pos,corrected_pos_dep,corrected_pos,ad056bd1509b,retained,"[""POS_NOUN_rate_alto"", ""uppercaseRatio_baixo""]","[""POS_PROPN_rate_baixo""]"
corrected_pos_dep_vs_corrected_pos,corrected_pos_dep,corrected_pos,ad53ca705d2e,new,"[""DEP_ccomp_rate_baixo"", ""POS_ADV_rate_baixo""]","[""DEP_advcl_rate_baixo""]"
corrected_pos_dep_vs_corrected_pos,corrected_pos_dep,corrected_pos,aeaddd728517,new,"[""DEP_ccomp_rate_baixo"", ""POS_ADJ_rate_baixo""]","[""DEP_amod_rate_baixo""]"
corrected_pos_dep_vs_corrected_pos,corrected_pos_dep,corrected_pos,b208a328a620,new,"[""DEP_advcl_rate_baixo"", ""diversidade_alto""]","[""DEP_ccomp_rate_baixo""]"
corrected_pos_dep_vs_corrected_pos,corrected_pos_dep,corrected_pos,b353e43e74ed,new,"[""DEP_advcl_rate_baixo"", ""POS_PROPN_rate_alto""]","[""POS_VERB_rate_baixo""]"
corrected_pos_dep_vs_corrected_pos,corrected_pos_dep,corrected_pos,b5170c164a80,new,"[""DEP_amod_rate_alto"", ""DEP_ccomp_rate_baixo""]","[""POS_ADJ_rate_alto""]"
corrected_pos_dep_vs_corrected_pos,corrected_pos_dep,corrected_pos,b5d3857df26e,new,"[""DEP_advmod_rate_baixo"", ""POS_PROPN_rate_alto""]","[""DEP_advcl_rate_baixo""]"
corrected_pos_dep_vs_corrected_pos,corrected_pos_dep,corrected_pos,b74f2e5e05ec,new,"[""DEP_ccomp_rate_baixo"", ""POS_PROPN_rate_baixo""]","[""uppercaseRatio_baixo""]"
corrected_pos_dep_vs_corrected_pos,corrected_pos_dep,corrected_pos,b8a91c1713be,new,"[""DEP_nsubj_rate_baixo""]","[""DEP_ccomp_rate_baixo""]"
corrected_pos_dep_vs_corrected_pos,corrected_pos_dep,corrected_pos,b8e3def79042,new,"[""POS_ADV_rate_alto"", ""POS_NOUN_rate_baixo""]","[""DEP_advmod_rate_alto""]"
corrected_pos_dep_vs_corrected_pos,corrected_pos_dep,corrected_pos,ba4f4bdbb3e8,new,"[""DEP_advcl_rate_baixo"", ""POS_PROPN_rate_alto""]","[""DEP_ccomp_rate_baixo""]"
corrected_pos_dep_vs_corrected_pos,corrected_pos_dep,corrected_pos,bdbbd0a85df4,new,"[""DEP_ccomp_rate_baixo"", ""POS_ADJ_rate_alto""]","[""uppercaseRatio_baixo""]"
corrected_pos_dep_vs_corrected_pos,corrected_pos_dep,corrected_pos,c0151b5459e7,new,"[""DEP_advmod_rate_alto"", ""POS_ADV_rate_alto""]","[""uppercaseRatio_baixo""]"
corrected_pos_dep_vs_corrected_pos,corrected_pos_dep,corrected_pos,c39dc0f07e9d,new,"[""DEP_advmod_rate_baixo"", ""DEP_ccomp_rate_baixo""]","[""DEP_advcl_rate_baixo""]"
corrected_pos_dep_vs_corrected_pos,corrected_pos_dep,corrected_pos,c672065287b4,new,"[""DEP_obj_rate_baixo""]","[""DEP_advcl_rate_baixo""]"
corrected_pos_dep_vs_corrected_pos,corrected_pos_dep,corrected_pos,c7a30d04837d,new,"[""DEP_advmod_rate_baixo"", ""punctuationDensity_spacy_baixo""]","[""POS_ADV_rate_baixo""]"
corrected_pos_dep_vs_corrected_pos,corrected_pos_dep,corrected_pos,c882a83d95db,new,"[""POS_PRON_rate_baixo"", ""POS_VERB_rate_baixo""]","[""DEP_ccomp_rate_baixo""]"
corrected_pos_dep_vs_corrected_pos,corrected_pos_dep,corrected_pos,c990f45e3bd8,new,"[""DEP_advcl_rate_baixo"", ""POS_ADJ_rate_baixo""]","[""DEP_amod_rate_baixo""]"
corrected_pos_dep_vs_corrected_pos,corrected_pos_dep,corrected_pos,ce8ff73ea2ff,new,"[""POS_ADV_rate_baixo"", ""punctuationDensity_spacy_baixo""]","[""DEP_advmod_rate_baixo""]"
corrected_pos_dep_vs_corrected_pos,corrected_pos_dep,corrected_pos,cead9c6146a2,new,"[""DEP_ccomp_rate_baixo"", ""POS_VERB_rate_baixo""]","[""DEP_advcl_rate_baixo""]"
corrected_pos_dep_vs_corrected_pos,corrected_pos_dep,corrected_pos,cf014d4cf764,new,"[""DEP_amod_rate_alto""]","[""uppercaseRatio_baixo""]"
corrected_pos_dep_vs_corrected_pos,corrected_pos_dep,corrected_pos,cfdddf8dd714,new,"[""DEP_advmod_rate_baixo"", ""diversidade_baixo""]","[""POS_ADV_rate_baixo""]"
corrected_pos_dep_vs_corrected_pos,corrected_pos_dep,corrected_pos,cfeb8222ad8a,new,"[""diversidade_baixo""]","[""DEP_advcl_rate_baixo""]"
corrected_pos_dep_vs_corrected_pos,corrected_pos_dep,corrected_pos,d22dba7f65e2,retained,"[""POS_NOUN_rate_alto"", ""POS_PROPN_rate_baixo""]","[""uppercaseRatio_baixo""]"
corrected_pos_dep_vs_corrected_pos,corrected_pos_dep,corrected_pos,d4448b7c5c68,retained,"[""POS_ADV_rate_alto""]","[""uppercaseRatio_baixo""]"
corrected_pos_dep_vs_corrected_pos,corrected_pos_dep,corrected_pos,d638798b4791,new,"[""DEP_ccomp_rate_baixo"", ""diversidade_baixo""]","[""DEP_advcl_rate_baixo""]"
corrected_pos_dep_vs_corrected_pos,corrected_pos_dep,corrected_pos,d8a685f8cc64,new,"[""DEP_advmod_rate_baixo"", ""POS_VERB_rate_baixo""]","[""DEP_advcl_rate_baixo""]"
corrected_pos_dep_vs_corrected_pos,corrected_pos_dep,corrected_pos,dcb32a5cb82c,new,"[""POS_ADV_rate_alto"", ""POS_PRON_rate_alto""]","[""DEP_advmod_rate_alto""]"
corrected_pos_dep_vs_corrected_pos,corrected_pos_dep,corrected_pos,dd1a1cb0c8bd,new,"[""POS_PRON_rate_baixo""]","[""DEP_ccomp_rate_baixo""]"
corrected_pos_dep_vs_corrected_pos,corrected_pos_dep,corrected_pos,e16ef8f4fcce,new,"[""DEP_advmod_rate_baixo""]","[""POS_ADV_rate_baixo""]"
corrected_pos_dep_vs_corrected_pos,corrected_pos_dep,corrected_pos,e326c83039ac,new,"[""DEP_advcl_rate_baixo"", ""punctuationDensity_spacy_baixo""]","[""DEP_ccomp_rate_baixo""]"
corrected_pos_dep_vs_corrected_pos,corrected_pos_dep,corrected_pos,e3f4f788feaf,new,"[""POS_ADV_rate_baixo"", ""POS_NOUN_rate_alto""]","[""DEP_advmod_rate_baixo""]"
corrected_pos_dep_vs_corrected_pos,corrected_pos_dep,corrected_pos,e59bc16c1973,new,"[""POS_ADV_rate_baixo"", ""POS_PROPN_rate_alto""]","[""DEP_advmod_rate_baixo""]"
corrected_pos_dep_vs_corrected_pos,corrected_pos_dep,corrected_pos,e7885bcb6024,new,"[""DEP_advcl_rate_baixo"", ""DEP_amod_rate_alto""]","[""uppercaseRatio_baixo""]"
corrected_pos_dep_vs_corrected_pos,corrected_pos_dep,corrected_pos,e9d40e61c25e,new,"[""DEP_ccomp_rate_baixo"", ""POS_ADV_rate_alto""]","[""DEP_advmod_rate_alto""]"
corrected_pos_dep_vs_corrected_pos,corrected_pos_dep,corrected_pos,eed415da02ef,new,"[""DEP_ccomp_rate_baixo"", ""POS_PRON_rate_alto""]","[""uppercaseRatio_baixo""]"
corrected_pos_dep_vs_corrected_pos,corrected_pos_dep,corrected_pos,f29a269a9955,new,"[""DEP_advcl_rate_baixo"", ""DEP_advmod_rate_baixo""]","[""DEP_ccomp_rate_baixo""]"
corrected_pos_dep_vs_corrected_pos,corrected_pos_dep,corrected_pos,f3247c4cde1d,new,"[""DEP_advmod_rate_baixo"", ""POS_VERB_rate_baixo""]","[""POS_ADV_rate_baixo""]"
corrected_pos_dep_vs_corrected_pos,corrected_pos_dep,corrected_pos,f41c8a789ada,new,"[""POS_NOUN_rate_alto"", ""POS_PROPN_rate_baixo""]","[""DEP_ccomp_rate_baixo""]"
corrected_pos_dep_vs_corrected_pos,corrected_pos_dep,corrected_pos,f5aa05536552,new,"[""DEP_advmod_rate_baixo"", ""DEP_nsubj_rate_baixo""]","[""POS_ADV_rate_baixo""]"
corrected_pos_dep_vs_corrected_pos,corrected_pos_dep,corrected_pos,f5ab4e4371a9,new,"[""POS_ADV_rate_baixo"", ""POS_PRON_rate_baixo""]","[""DEP_advmod_rate_baixo""]"
corrected_pos_dep_vs_corrected_pos,corrected_pos_dep,corrected_pos,f5e829055ee4,retained,"[""POS_NOUN_rate_alto""]","[""POS_PROPN_rate_baixo""]"
corrected_pos_dep_vs_corrected_pos,corrected_pos_dep,corrected_pos,f6036e82b3f4,new,"[""POS_ADV_rate_alto"", ""POS_PROPN_rate_baixo""]","[""DEP_advmod_rate_alto""]"
corrected_pos_dep_vs_corrected_pos,corrected_pos_dep,corrected_pos,fbadc1bd5861,new,"[""DEP_nsubj_rate_baixo"", ""uppercaseRatio_baixo""]","[""DEP_ccomp_rate_baixo""]"
corrected_pos_dep_vs_corrected_pos,corrected_pos_dep,corrected_pos,fd8219d3e32f,new,"[""DEP_advmod_rate_baixo"", ""uppercaseRatio_alto""]","[""POS_ADV_rate_baixo""]"
corrected_pos_dep_complete_vs_corrected_pos_dep,corrected_pos_dep_complete,corrected_pos_dep,009210998a05,removed,"[""DEP_advcl_rate_baixo"", ""DEP_nsubj_rate_baixo""]","[""DEP_ccomp_rate_baixo""]"
corrected_pos_dep_complete_vs_corrected_pos_dep,corrected_pos_dep_complete,corrected_pos_dep,0188b93c3da2,new,"[""DEP_complete_ccomp_rate_baixo"", ""POS_ADV_rate_baixo""]","[""DEP_complete_advmod_rate_baixo""]"
corrected_pos_dep_complete_vs_corrected_pos_dep,corrected_pos_dep_complete,corrected_pos_dep,01c21c784c02,new,"[""DEP_complete_advmod_rate_baixo"", ""uppercaseRatio_baixo""]","[""DEP_complete_advcl_rate_baixo""]"
corrected_pos_dep_complete_vs_corrected_pos_dep,corrected_pos_dep_complete,corrected_pos_dep,0202ceddbc66,new,"[""POS_ADV_rate_baixo""]","[""DEP_complete_advmod_rate_baixo"", ""DEP_complete_ccomp_rate_baixo""]"
corrected_pos_dep_complete_vs_corrected_pos_dep,corrected_pos_dep_complete,corrected_pos_dep,03376b315508,new,"[""DEP_complete_nsubj_rate_baixo"", ""POS_PRON_rate_baixo""]","[""DEP_complete_ccomp_rate_baixo""]"
corrected_pos_dep_complete_vs_corrected_pos_dep,corrected_pos_dep_complete,corrected_pos_dep,0456ae685119,new,"[""DEP_complete_advcl_rate_baixo"", ""diversidade_alto""]","[""DEP_complete_ccomp_rate_baixo""]"
corrected_pos_dep_complete_vs_corrected_pos_dep,corrected_pos_dep_complete,corrected_pos_dep,06bb97ec1fbc,new,"[""DEP_complete_advmod_rate_baixo"", ""POS_PRON_rate_baixo""]","[""DEP_complete_advcl_rate_baixo""]"
corrected_pos_dep_complete_vs_corrected_pos_dep,corrected_pos_dep_complete,corrected_pos_dep,085a0170a18a,new,"[""POS_ADV_rate_alto"", ""uppercaseRatio_baixo""]","[""DEP_complete_advmod_rate_alto""]"
corrected_pos_dep_complete_vs_corrected_pos_dep,corrected_pos_dep_complete,corrected_pos_dep,0b6b1f165afa,removed,"[""DEP_advcl_rate_baixo"", ""POS_PRON_rate_baixo""]","[""DEP_ccomp_rate_baixo""]"
corrected_pos_dep_complete_vs_corrected_pos_dep,corrected_pos_dep_complete,corrected_pos_dep,0d6a1ab9b984,removed,"[""POS_ADV_rate_baixo""]","[""DEP_advcl_rate_baixo""]"
corrected_pos_dep_complete_vs_corrected_pos_dep,corrected_pos_dep_complete,corrected_pos_dep,0d6db68b5807,new,"[""DEP_complete_advcl_rate_baixo"", ""POS_PROPN_rate_baixo""]","[""POS_NOUN_rate_alto""]"
corrected_pos_dep_complete_vs_corrected_pos_dep,corrected_pos_dep_complete,corrected_pos_dep,0d9cb1febcce,new,"[""DEP_complete_ccomp_rate_baixo"", ""POS_NOUN_rate_alto""]","[""POS_PROPN_rate_baixo""]"
corrected_pos_dep_complete_vs_corrected_pos_dep,corrected_pos_dep_complete,corrected_pos_dep,0e6f83146046,removed,"[""POS_ADV_rate_alto""]","[""DEP_advmod_rate_alto""]"
corrected_pos_dep_complete_vs_corrected_pos_dep,corrected_pos_dep_complete,corrected_pos_dep,0ee49bd2a657,new,"[""POS_VERB_rate_baixo""]","[""DEP_complete_ccomp_rate_baixo""]"
corrected_pos_dep_complete_vs_corrected_pos_dep,corrected_pos_dep_complete,corrected_pos_dep,0f7cc5beef0a,removed,"[""POS_ADJ_rate_alto"", ""uppercaseRatio_baixo""]","[""DEP_ccomp_rate_baixo""]"
corrected_pos_dep_complete_vs_corrected_pos_dep,corrected_pos_dep_complete,corrected_pos_dep,12141a4f6b1e,removed,"[""POS_NOUN_rate_alto""]","[""DEP_ccomp_rate_baixo""]"
corrected_pos_dep_complete_vs_corrected_pos_dep,corrected_pos_dep_complete,corrected_pos_dep,1318195231d0,new,"[""DEP_complete_advcl_rate_baixo"", ""POS_PROPN_rate_baixo""]","[""uppercaseRatio_baixo""]"
corrected_pos_dep_complete_vs_corrected_pos_dep,corrected_pos_dep_complete,corrected_pos_dep,144b595c6cc6,new,"[""POS_NOUN_rate_alto""]","[""DEP_complete_ccomp_rate_baixo""]"
corrected_pos_dep_complete_vs_corrected_pos_dep,corrected_pos_dep_complete,corrected_pos_dep,15767465e879,new,"[""DEP_complete_ccomp_rate_baixo"", ""POS_NOUN_rate_alto""]","[""DEP_complete_advcl_rate_baixo""]"
corrected_pos_dep_complete_vs_corrected_pos_dep,corrected_pos_dep_complete,corrected_pos_dep,15f76ab8f838,removed,"[""DEP_advmod_rate_baixo"", ""POS_NOUN_rate_alto""]","[""POS_ADV_rate_baixo""]"
corrected_pos_dep_complete_vs_corrected_pos_dep,corrected_pos_dep_complete,corrected_pos_dep,1666765bee42,removed,"[""DEP_advmod_rate_alto"", ""POS_PRON_rate_alto""]","[""POS_ADV_rate_alto""]"
corrected_pos_dep_complete_vs_corrected_pos_dep,corrected_pos_dep_complete,corrected_pos_dep,1682d9e0f598,new,"[""DEP_complete_advmod_rate_baixo"", ""POS_PROPN_rate_alto""]","[""POS_ADV_rate_baixo""]"
corrected_pos_dep_complete_vs_corrected_pos_dep,corrected_pos_dep_complete,corrected_pos_dep,16c6600c19ac,removed,"[""DEP_advcl_rate_baixo"", ""DEP_advmod_rate_alto""]","[""POS_ADV_rate_alto""]"
corrected_pos_dep_complete_vs_corrected_pos_dep,corrected_pos_dep_complete,corrected_pos_dep,179e2a0e90b1,new,"[""DEP_complete_obj_rate_baixo""]","[""DEP_complete_advcl_rate_baixo""]"
corrected_pos_dep_complete_vs_corrected_pos_dep,corrected_pos_dep_complete,corrected_pos_dep,184e8d420cfe,new,"[""DEP_complete_advmod_rate_baixo"", ""POS_NOUN_rate_alto""]","[""DEP_complete_advcl_rate_baixo""]"
corrected_pos_dep_complete_vs_corrected_pos_dep,corrected_pos_dep_complete,corrected_pos_dep,1a6f3c48df21,removed,"[""DEP_ccomp_rate_baixo"", ""POS_NOUN_rate_alto""]","[""DEP_advcl_rate_baixo""]"
corrected_pos_dep_complete_vs_corrected_pos_dep,corrected_pos_dep_complete,corrected_pos_dep,1a7ef3000b3a,retained,"[""POS_PROPN_rate_baixo""]","[""POS_NOUN_rate_alto""]"
corrected_pos_dep_complete_vs_corrected_pos_dep,corrected_pos_dep_complete,corrected_pos_dep,1ab9e1ce56bd,new,"[""POS_PRON_rate_baixo"", ""POS_VERB_rate_baixo""]","[""DEP_complete_ccomp_rate_baixo""]"
corrected_pos_dep_complete_vs_corrected_pos_dep,corrected_pos_dep_complete,corrected_pos_dep,1ac91cdca76c,new,"[""DEP_complete_ccomp_rate_baixo"", ""POS_ADV_rate_baixo""]","[""DEP_complete_advcl_rate_baixo""]"
corrected_pos_dep_complete_vs_corrected_pos_dep,corrected_pos_dep_complete,corrected_pos_dep,1ad51b98e420,new,"[""DEP_complete_advmod_rate_alto""]","[""uppercaseRatio_baixo""]"
corrected_pos_dep_complete_vs_corrected_pos_dep,corrected_pos_dep_complete,corrected_pos_dep,1aded5a07755,new,"[""DEP_complete_ccomp_rate_baixo"", ""POS_NOUN_rate_alto""]","[""uppercaseRatio_baixo""]"
corrected_pos_dep_complete_vs_corrected_pos_dep,corrected_pos_dep_complete,corrected_pos_dep,1c6c09e78fb2,new,"[""POS_PROPN_rate_alto""]","[""DEP_complete_advcl_rate_baixo""]"
corrected_pos_dep_complete_vs_corrected_pos_dep,corrected_pos_dep_complete,corrected_pos_dep,1c91a4d2d5e3,new,"[""DEP_complete_advmod_rate_baixo"", ""diversidade_baixo""]","[""POS_ADV_rate_baixo""]"
corrected_pos_dep_complete_vs_corrected_pos_dep,corrected_pos_dep_complete,corrected_pos_dep,1d75f4885400,removed,"[""DEP_advcl_rate_baixo"", ""DEP_nsubj_rate_baixo""]","[""POS_VERB_rate_baixo""]"
corrected_pos_dep_complete_vs_corrected_pos_dep,corrected_pos_dep_complete,corrected_pos_dep,1de22e36a589,new,"[""DEP_complete_advmod_rate_baixo"", ""DEP_complete_ccomp_rate_baixo""]","[""DEP_complete_advcl_rate_baixo""]"
corrected_pos_dep_complete_vs_corrected_pos_dep,corrected_pos_dep_complete,corrected_pos_dep,20b31122d5ee,new,"[""DEP_complete_ccomp_rate_baixo"", ""POS_ADJ_rate_alto""]","[""DEP_complete_advcl_rate_baixo""]"
corrected_pos_dep_complete_vs_corrected_pos_dep,corrected_pos_dep_complete,corrected_pos_dep,21b5fe3df3c8,new,"[""DEP_complete_advcl_rate_baixo"", ""DEP_complete_amod_rate_baixo""]","[""POS_ADJ_rate_baixo""]"
corrected_pos_dep_complete_vs_corrected_pos_dep,corrected_pos_dep_complete,corrected_pos_dep,23966564f206,removed,"[""POS_PRON_rate_baixo"", ""uppercaseRatio_baixo""]","[""DEP_ccomp_rate_baixo""]"
corrected_pos_dep_complete_vs_corrected_pos_dep,corrected_pos_dep_complete,corrected_pos_dep,244c5810fb80,removed,"[""POS_ADJ_rate_baixo""]","[""DEP_amod_rate_baixo""]"
corrected_pos_dep_complete_vs_corrected_pos_dep,corrected_pos_dep_complete,corrected_pos_dep,2698eb8a7fd7,removed,"[""POS_PROPN_rate_alto""]","[""DEP_ccomp_rate_baixo""]"
corrected_pos_dep_complete_vs_corrected_pos_dep,corrected_pos_dep_complete,corrected_pos_dep,26c62dc99ff3,removed,"[""DEP_ccomp_rate_baixo"", ""POS_PROPN_rate_baixo""]","[""POS_NOUN_rate_alto""]"
corrected_pos_dep_complete_vs_corrected_pos_dep,corrected_pos_dep_complete,corrected_pos_dep,27aae3df2bcf,new,"[""DEP_complete_advcl_rate_baixo"", ""DEP_complete_advmod_rate_baixo""]","[""POS_ADV_rate_baixo""]"
corrected_pos_dep_complete_vs_corrected_pos_dep,corrected_pos_dep_complete,corrected_pos_dep,27ce67299da0,removed,"[""DEP_nsubj_rate_baixo"", ""POS_PRON_rate_baixo""]","[""DEP_ccomp_rate_baixo""]"
corrected_pos_dep_complete_vs_corrected_pos_dep,corrected_pos_dep_complete,corrected_pos_dep,289d0411178f,new,"[""DEP_complete_nsubj_rate_baixo"", ""POS_VERB_rate_baixo""]","[""DEP_complete_ccomp_rate_baixo""]"
corrected_pos_dep_complete_vs_corrected_pos_dep,corrected_pos_dep_complete,corrected_pos_dep,28cc47fd7d1b,removed,"[""POS_PROPN_rate_alto"", ""POS_VERB_rate_baixo""]","[""DEP_advcl_rate_baixo""]"
corrected_pos_dep_complete_vs_corrected_pos_dep,corrected_pos_dep_complete,corrected_pos_dep,28e765366809,new,"[""DEP_complete_advcl_rate_baixo"", ""POS_ADV_rate_baixo""]","[""DEP_complete_advmod_rate_baixo""]"
corrected_pos_dep_complete_vs_corrected_pos_dep,corrected_pos_dep_complete,corrected_pos_dep,29ad7ad49736,removed,"[""DEP_advmod_rate_baixo"", ""POS_PRON_rate_baixo""]","[""POS_ADV_rate_baixo""]"
corrected_pos_dep_complete_vs_corrected_pos_dep,corrected_pos_dep_complete,corrected_pos_dep,2ab69402d49c,removed,"[""DEP_ccomp_rate_baixo"", ""POS_PROPN_rate_alto""]","[""DEP_advcl_rate_baixo""]"
corrected_pos_dep_complete_vs_corrected_pos_dep,corrected_pos_dep_complete,corrected_pos_dep,2abddf8cf68d,new,"[""POS_ADV_rate_baixo"", ""POS_PRON_rate_baixo""]","[""DEP_complete_advcl_rate_baixo""]"
corrected_pos_dep_complete_vs_corrected_pos_dep,corrected_pos_dep_complete,corrected_pos_dep,2b20d484cff5,removed,"[""DEP_advmod_rate_alto""]","[""POS_ADV_rate_alto""]"
corrected_pos_dep_complete_vs_corrected_pos_dep,corrected_pos_dep_complete,corrected_pos_dep,2d9852ed4aa1,new,"[""DEP_complete_obj_rate_baixo""]","[""DEP_complete_advcl_rate_baixo"", ""DEP_complete_ccomp_rate_baixo""]"
corrected_pos_dep_complete_vs_corrected_pos_dep,corrected_pos_dep_complete,corrected_pos_dep,2dec7c75406d,new,"[""DEP_complete_ccomp_rate_baixo"", ""diversidade_baixo""]","[""DEP_complete_advcl_rate_baixo""]"
corrected_pos_dep_complete_vs_corrected_pos_dep,corrected_pos_dep_complete,corrected_pos_dep,2ebde835a7b8,removed,"[""DEP_nsubj_rate_baixo"", ""POS_VERB_rate_baixo""]","[""DEP_ccomp_rate_baixo""]"
corrected_pos_dep_complete_vs_corrected_pos_dep,corrected_pos_dep_complete,corrected_pos_dep,2ecdeb5efa23,removed,"[""DEP_advcl_rate_baixo"", ""DEP_obj_rate_baixo""]","[""POS_VERB_rate_baixo""]"
corrected_pos_dep_complete_vs_corrected_pos_dep,corrected_pos_dep_complete,corrected_pos_dep,2f67d0170d28,removed,"[""DEP_advcl_rate_baixo"", ""DEP_amod_rate_baixo""]","[""POS_ADJ_rate_baixo""]"
corrected_pos_dep_complete_vs_corrected_pos_dep,corrected_pos_dep_complete,corrected_pos_dep,3010985ae814,new,"[""DEP_complete_advmod_rate_alto"", ""POS_ADV_rate_alto""]","[""uppercaseRatio_baixo""]"
corrected_pos_dep_complete_vs_corrected_pos_dep,corrected_pos_dep_complete,corrected_pos_dep,30553b8c2ed9,removed,"[""POS_ADV_rate_alto"", ""uppercaseRatio_baixo""]","[""DEP_advmod_rate_alto""]"
corrected_pos_dep_complete_vs_corrected_pos_dep,corrected_pos_dep_complete,corrected_pos_dep,3095d133a105,new,"[""DEP_complete_advcl_rate_baixo"", ""POS_PROPN_rate_alto""]","[""DEP_complete_ccomp_rate_baixo""]"
corrected_pos_dep_complete_vs_corrected_pos_dep,corrected_pos_dep_complete,corrected_pos_dep,320210af9326,removed,"[""POS_ADV_rate_baixo""]","[""DEP_advcl_rate_baixo"", ""DEP_advmod_rate_baixo""]"
corrected_pos_dep_complete_vs_corrected_pos_dep,corrected_pos_dep_complete,corrected_pos_dep,336d08903261,new,"[""DEP_complete_advmod_rate_baixo"", ""POS_VERB_rate_baixo""]","[""POS_ADV_rate_baixo""]"
corrected_pos_dep_complete_vs_corrected_pos_dep,corrected_pos_dep_complete,corrected_pos_dep,3463c6400cca,removed,"[""POS_VERB_rate_baixo""]","[""DEP_advcl_rate_baixo""]"
corrected_pos_dep_complete_vs_corrected_pos_dep,corrected_pos_dep_complete,corrected_pos_dep,3576611920a8,new,"[""POS_VERB_rate_baixo""]","[""DEP_complete_advcl_rate_baixo"", ""DEP_complete_ccomp_rate_baixo""]"
corrected_pos_dep_complete_vs_corrected_pos_dep,corrected_pos_dep_complete,corrected_pos_dep,3583c1292032,retained,"[""POS_PRON_rate_alto""]","[""uppercaseRatio_baixo""]"
corrected_pos_dep_complete_vs_corrected_pos_dep,corrected_pos_dep_complete,corrected_pos_dep,3610fc9e1bab,new,"[""DEP_complete_advcl_rate_baixo"", ""DEP_complete_amod_rate_alto""]","[""DEP_complete_ccomp_rate_baixo""]"
corrected_pos_dep_complete_vs_corrected_pos_dep,corrected_pos_dep_complete,corrected_pos_dep,367f068cdc49,removed,"[""DEP_advmod_rate_baixo""]","[""DEP_advcl_rate_baixo""]"
corrected_pos_dep_complete_vs_corrected_pos_dep,corrected_pos_dep_complete,corrected_pos_dep,3685c5ddb125,removed,"[""DEP_amod_rate_baixo"", ""DEP_ccomp_rate_baixo""]","[""POS_ADJ_rate_baixo""]"
corrected_pos_dep_complete_vs_corrected_pos_dep,corrected_pos_dep_complete,corrected_pos_dep,37419ebed314,removed,"[""DEP_advcl_rate_baixo"", ""POS_VERB_rate_baixo""]","[""DEP_ccomp_rate_baixo""]"
corrected_pos_dep_complete_vs_corrected_pos_dep,corrected_pos_dep_complete,corrected_pos_dep,383cfa8699c9,removed,"[""POS_ADJ_rate_alto"", ""uppercaseRatio_baixo""]","[""DEP_amod_rate_alto""]"
corrected_pos_dep_complete_vs_corrected_pos_dep,corrected_pos_dep_complete,corrected_pos_dep,388b557e547c,new,"[""DEP_complete_ccomp_rate_baixo"", ""DEP_complete_obj_rate_baixo""]","[""POS_VERB_rate_baixo""]"
corrected_pos_dep_complete_vs_corrected_pos_dep,corrected_pos_dep_complete,corrected_pos_dep,38d9c569a5ce,removed,"[""DEP_ccomp_rate_baixo"", ""POS_NOUN_rate_alto""]","[""uppercaseRatio_baixo""]"
corrected_pos_dep_complete_vs_corrected_pos_dep,corrected_pos_dep_complete,corrected_pos_dep,38f3353a775e,removed,"[""DEP_amod_rate_alto"", ""POS_ADJ_rate_alto""]","[""DEP_advcl_rate_baixo""]"
corrected_pos_dep_complete_vs_corrected_pos_dep,corrected_pos_dep_complete,corrected_pos_dep,3a43eba7e197,removed,"[""DEP_advmod_rate_alto"", ""DEP_ccomp_rate_baixo""]","[""POS_ADV_rate_alto""]"
corrected_pos_dep_complete_vs_corrected_pos_dep,corrected_pos_dep_complete,corrected_pos_dep,3a9ce43d4650,new,"[""diversidade_baixo""]","[""DEP_complete_advcl_rate_baixo""]"
corrected_pos_dep_complete_vs_corrected_pos_dep,corrected_pos_dep_complete,corrected_pos_dep,3af239edfcb6,new,"[""DEP_complete_advmod_rate_baixo"", ""DEP_complete_obj_rate_alto""]","[""DEP_complete_ccomp_rate_baixo""]"
corrected_pos_dep_complete_vs_corrected_pos_dep,corrected_pos_dep_complete,corrected_pos_dep,3bd5f36ac709,new,"[""POS_PROPN_rate_alto""]","[""DEP_complete_advmod_rate_baixo""]"
corrected_pos_dep_complete_vs_corrected_pos_dep,corrected_pos_dep_complete,corrected_pos_dep,3d086ad2bddd,removed,"[""POS_VERB_rate_baixo""]","[""DEP_ccomp_rate_baixo""]"
corrected_pos_dep_complete_vs_corrected_pos_dep,corrected_pos_dep_complete,corrected_pos_dep,3dfd95512d1a,removed,"[""POS_ADV_rate_alto"", ""punctuationDensity_spacy_alto""]","[""DEP_advmod_rate_alto""]"
corrected_pos_dep_complete_vs_corrected_pos_dep,corrected_pos_dep_complete,corrected_pos_dep,3e0549b9ca99,new,"[""DEP_complete_advmod_rate_alto"", ""uppercaseRatio_baixo""]","[""POS_ADV_rate_alto""]"
corrected_pos_dep_complete_vs_corrected_pos_dep,corrected_pos_dep_complete,corrected_pos_dep,4022a7b5dcf8,removed,"[""POS_ADJ_rate_alto""]","[""DEP_amod_rate_alto""]"
corrected_pos_dep_complete_vs_corrected_pos_dep,corrected_pos_dep_complete,corrected_pos_dep,408ee7980b24,new,"[""DEP_complete_amod_rate_alto""]","[""DEP_complete_advcl_rate_baixo""]"
corrected_pos_dep_complete_vs_corrected_pos_dep,corrected_pos_dep_complete,corrected_pos_dep,418aad9039d2,new,"[""POS_ADJ_rate_alto""]","[""DEP_complete_ccomp_rate_baixo""]"
corrected_pos_dep_complete_vs_corrected_pos_dep,corrected_pos_dep_complete,corrected_pos_dep,4190c92b757d,new,"[""POS_ADV_rate_baixo""]","[""DEP_complete_advcl_rate_baixo""]"
corrected_pos_dep_complete_vs_corrected_pos_dep,corrected_pos_dep_complete,corrected_pos_dep,41c676a20bdc,removed,"[""DEP_advmod_rate_alto"", ""POS_PROPN_rate_baixo""]","[""POS_ADV_rate_alto""]"
corrected_pos_dep_complete_vs_corrected_pos_dep,corrected_pos_dep_complete,corrected_pos_dep,4203ea06f871,removed,"[""DEP_advmod_rate_alto"", ""uppercaseRatio_baixo""]","[""POS_ADV_rate_alto""]"
corrected_pos_dep_complete_vs_corrected_pos_dep,corrected_pos_dep_complete,corrected_pos_dep,432e5dd5f1a6,removed,"[""DEP_advmod_rate_alto"", ""punctuationDensity_spacy_alto""]","[""POS_ADV_rate_alto""]"
corrected_pos_dep_complete_vs_corrected_pos_dep,corrected_pos_dep_complete,corrected_pos_dep,4378f90fe3dc,new,"[""DEP_complete_advcl_rate_baixo"", ""punctuationDensity_spacy_baixo""]","[""DEP_complete_ccomp_rate_baixo""]"
corrected_pos_dep_complete_vs_corrected_pos_dep,corrected_pos_dep_complete,corrected_pos_dep,449e2deb3090,new,"[""POS_VERB_rate_baixo"", ""uppercaseRatio_baixo""]","[""DEP_complete_advcl_rate_baixo""]"
corrected_pos_dep_complete_vs_corrected_pos_dep,corrected_pos_dep_complete,corrected_pos_dep,46440f577adc,retained,"[""POS_ADJ_rate_alto""]","[""uppercaseRatio_baixo""]"
corrected_pos_dep_complete_vs_corrected_pos_dep,corrected_pos_dep_complete,corrected_pos_dep,472ef2408204,new,"[""POS_PRON_rate_baixo"", ""POS_PROPN_rate_alto""]","[""DEP_complete_advcl_rate_baixo""]"
corrected_pos_dep_complete_vs_corrected_pos_dep,corrected_pos_dep_complete,corrected_pos_dep,4a368dd7da93,new,"[""DEP_complete_advcl_rate_baixo"", ""POS_ADJ_rate_baixo""]","[""DEP_complete_amod_rate_baixo""]"
corrected_pos_dep_complete_vs_corrected_pos_dep,corrected_pos_dep_complete,corrected_pos_dep,4c2d6bec5732,retained,"[""POS_PROPN_rate_baixo"", ""uppercaseRatio_baixo""]","[""POS_NOUN_rate_alto""]"
corrected_pos_dep_complete_vs_corrected_pos_dep,corrected_pos_dep_complete,corrected_pos_dep,4c6216a0caaf,removed,"[""DEP_advcl_rate_baixo"", ""POS_ADJ_rate_alto""]","[""DEP_ccomp_rate_baixo""]"
corrected_pos_dep_complete_vs_corrected_pos_dep,corrected_pos_dep_complete,corrected_pos_dep,4c8747e58bd3,new,"[""DEP_complete_amod_rate_baixo"", ""DEP_complete_ccomp_rate_baixo""]","[""POS_ADJ_rate_baixo""]"
corrected_pos_dep_complete_vs_corrected_pos_dep,corrected_pos_dep_complete,corrected_pos_dep,4e4fe7096fbc,new,"[""DEP_complete_advcl_rate_baixo"", ""POS_ADJ_rate_alto""]","[""DEP_complete_amod_rate_alto""]"
corrected_pos_dep_complete_vs_corrected_pos_dep,corrected_pos_dep_complete,corrected_pos_dep,4e5185513dfb,new,"[""DEP_complete_advmod_rate_alto""]","[""POS_ADV_rate_alto""]"
corrected_pos_dep_complete_vs_corrected_pos_dep,corrected_pos_dep_complete,corrected_pos_dep,4f4f9162b6e0,new,"[""POS_ADV_rate_baixo"", ""POS_VERB_rate_baixo""]","[""DEP_complete_advmod_rate_baixo""]"
corrected_pos_dep_complete_vs_corrected_pos_dep,corrected_pos_dep_complete,corrected_pos_dep,4f57e9821bf1,removed,"[""DEP_nsubj_rate_baixo"", ""POS_ADV_rate_baixo""]","[""DEP_advmod_rate_baixo""]"
corrected_pos_dep_complete_vs_corrected_pos_dep,corrected_pos_dep_complete,corrected_pos_dep,51d9d303c0a9,new,"[""DEP_complete_advcl_rate_baixo"", ""POS_ADV_rate_baixo""]","[""DEP_complete_ccomp_rate_baixo""]"
corrected_pos_dep_complete_vs_corrected_pos_dep,corrected_pos_dep_complete,corrected_pos_dep,527f687a01c3,removed,"[""POS_ADV_rate_baixo"", ""uppercaseRatio_baixo""]","[""DEP_advmod_rate_baixo""]"
corrected_pos_dep_complete_vs_corrected_pos_dep,corrected_pos_dep_complete,corrected_pos_dep,52ce443b15a9,removed,"[""DEP_advcl_rate_baixo"", ""DEP_advmod_rate_baixo""]","[""POS_ADV_rate_baixo""]"
corrected_pos_dep_complete_vs_corrected_pos_dep,corrected_pos_dep_complete,corrected_pos_dep,530864404d97,removed,"[""DEP_advmod_rate_baixo"", ""POS_PRON_rate_baixo""]","[""DEP_ccomp_rate_baixo""]"
corrected_pos_dep_complete_vs_corrected_pos_dep,corrected_pos_dep_complete,corrected_pos_dep,53a638a824b4,new,"[""DEP_complete_amod_rate_alto"", ""uppercaseRatio_baixo""]","[""DEP_complete_ccomp_rate_baixo""]"
corrected_pos_dep_complete_vs_corrected_pos_dep,corrected_pos_dep_complete,corrected_pos_dep,557cbfa03898,new,"[""DEP_complete_ccomp_rate_baixo"", ""POS_PRON_rate_baixo""]","[""DEP_complete_advcl_rate_baixo""]"
corrected_pos_dep_complete_vs_corrected_pos_dep,corrected_pos_dep_complete,corrected_pos_dep,5642e26ff2c3,removed,"[""DEP_nsubj_rate_baixo"", ""POS_VERB_rate_baixo""]","[""DEP_advcl_rate_baixo""]"
corrected_pos_dep_complete_vs_corrected_pos_dep,corrected_pos_dep_complete,corrected_pos_dep,56957b554c4f,removed,"[""DEP_advmod_rate_alto""]","[""uppercaseRatio_baixo""]"
corrected_pos_dep_complete_vs_corrected_pos_dep,corrected_pos_dep_complete,corrected_pos_dep,5746f4bc866d,new,"[""DEP_complete_advmod_rate_baixo"", ""DEP_complete_amod_rate_baixo""]","[""DEP_complete_advcl_rate_baixo""]"
corrected_pos_dep_complete_vs_corrected_pos_dep,corrected_pos_dep_complete,corrected_pos_dep,58078f501ae2,new,"[""DEP_complete_ccomp_rate_baixo"", ""POS_NOUN_rate_alto""]","[""DEP_complete_advmod_rate_baixo""]"
corrected_pos_dep_complete_vs_corrected_pos_dep,corrected_pos_dep_complete,corrected_pos_dep,58f2585b6892,retained,"[""POS_PROPN_rate_baixo""]","[""uppercaseRatio_baixo""]"
corrected_pos_dep_complete_vs_corrected_pos_dep,corrected_pos_dep_complete,corrected_pos_dep,5ad52e17c926,new,"[""DEP_complete_advmod_rate_baixo"", ""POS_PROPN_rate_alto""]","[""DEP_complete_advcl_rate_baixo""]"
corrected_pos_dep_complete_vs_corrected_pos_dep,corrected_pos_dep_complete,corrected_pos_dep,5b29d22834ee,removed,"[""DEP_nsubj_rate_baixo""]","[""POS_PRON_rate_baixo""]"
corrected_pos_dep_complete_vs_corrected_pos_dep,corrected_pos_dep_complete,corrected_pos_dep,5bd1b89b2971,removed,"[""DEP_advmod_rate_baixo"", ""DEP_ccomp_rate_baixo""]","[""POS_ADV_rate_baixo""]"
corrected_pos_dep_complete_vs_corrected_pos_dep,corrected_pos_dep_complete,corrected_pos_dep,5c39aadcf927,removed,"[""DEP_ccomp_rate_baixo"", ""POS_NOUN_rate_alto""]","[""POS_PROPN_rate_baixo""]"
corrected_pos_dep_complete_vs_corrected_pos_dep,corrected_pos_dep_complete,corrected_pos_dep,5d4727b012a4,removed,"[""DEP_amod_rate_alto"", ""uppercaseRatio_baixo""]","[""POS_ADJ_rate_alto""]"
corrected_pos_dep_complete_vs_corrected_pos_dep,corrected_pos_dep_complete,corrected_pos_dep,5dbe05269112,removed,"[""DEP_advmod_rate_alto"", ""POS_NOUN_rate_baixo""]","[""POS_ADV_rate_alto""]"
corrected_pos_dep_complete_vs_corrected_pos_dep,corrected_pos_dep_complete,corrected_pos_dep,5df2b1b667ba,new,"[""DEP_complete_ccomp_rate_baixo"", ""POS_PROPN_rate_baixo""]","[""uppercaseRatio_baixo""]"
corrected_pos_dep_complete_vs_corrected_pos_dep,corrected_pos_dep_complete,corrected_pos_dep,5e06e3b1b794,removed,"[""DEP_ccomp_rate_baixo"", ""DEP_nsubj_rate_baixo""]","[""POS_PRON_rate_baixo""]"
corrected_pos_dep_complete_vs_corrected_pos_dep,corrected_pos_dep_complete,corrected_pos_dep,5fe9a1d29d86,new,"[""POS_VERB_rate_baixo"", ""uppercaseRatio_baixo""]","[""DEP_complete_ccomp_rate_baixo""]"
corrected_pos_dep_complete_vs_corrected_pos_dep,corrected_pos_dep_complete,corrected_pos_dep,60587117e65e,removed,"[""DEP_advcl_rate_baixo"", ""POS_PROPN_rate_baixo""]","[""uppercaseRatio_baixo""]"
corrected_pos_dep_complete_vs_corrected_pos_dep,corrected_pos_dep_complete,corrected_pos_dep,60d93eae3b97,new,"[""DEP_complete_amod_rate_alto"", ""DEP_complete_ccomp_rate_baixo""]","[""POS_ADJ_rate_alto""]"
corrected_pos_dep_complete_vs_corrected_pos_dep,corrected_pos_dep_complete,corrected_pos_dep,62da5c4d5c1f,new,"[""POS_PROPN_rate_alto"", ""POS_VERB_rate_baixo""]","[""DEP_complete_advcl_rate_baixo""]"
corrected_pos_dep_complete_vs_corrected_pos_dep,corrected_pos_dep_complete,corrected_pos_dep,6490c35101fc,new,"[""POS_ADV_rate_baixo"", ""POS_NOUN_rate_alto""]","[""DEP_complete_advmod_rate_baixo""]"
corrected_pos_dep_complete_vs_corrected_pos_dep,corrected_pos_dep_complete,corrected_pos_dep,64cfc41cd29c,removed,"[""DEP_ccomp_rate_baixo"", ""POS_ADJ_rate_alto""]","[""DEP_amod_rate_alto""]"
corrected_pos_dep_complete_vs_corrected_pos_dep,corrected_pos_dep_complete,corrected_pos_dep,6501a01f402f,new,"[""DEP_complete_nsubj_rate_alto""]","[""DEP_complete_advcl_rate_baixo""]"
corrected_pos_dep_complete_vs_corrected_pos_dep,corrected_pos_dep_complete,corrected_pos_dep,653477f82c3e,new,"[""DEP_complete_advmod_rate_baixo"", ""uppercaseRatio_baixo""]","[""DEP_complete_ccomp_rate_baixo""]"
corrected_pos_dep_complete_vs_corrected_pos_dep,corrected_pos_dep_complete,corrected_pos_dep,656d9ba782d9,removed,"[""DEP_advcl_rate_baixo"", ""POS_ADJ_rate_alto""]","[""DEP_amod_rate_alto""]"
corrected_pos_dep_complete_vs_corrected_pos_dep,corrected_pos_dep_complete,corrected_pos_dep,66936d02f809,new,"[""DEP_complete_advmod_rate_baixo"", ""POS_VERB_rate_baixo""]","[""DEP_complete_ccomp_rate_baixo""]"
corrected_pos_dep_complete_vs_corrected_pos_dep,corrected_pos_dep_complete,corrected_pos_dep,670282c704b5,removed,"[""diversidade_alto""]","[""DEP_ccomp_rate_baixo""]"
corrected_pos_dep_complete_vs_corrected_pos_dep,corrected_pos_dep_complete,corrected_pos_dep,679c1c019611,removed,"[""POS_ADJ_rate_alto""]","[""DEP_ccomp_rate_baixo""]"
corrected_pos_dep_complete_vs_corrected_pos_dep,corrected_pos_dep_complete,corrected_pos_dep,67ea8cfa0d8f,removed,"[""DEP_obj_rate_baixo"", ""POS_VERB_rate_baixo""]","[""DEP_advcl_rate_baixo""]"
corrected_pos_dep_complete_vs_corrected_pos_dep,corrected_pos_dep_complete,corrected_pos_dep,68d8821cbe7c,new,"[""POS_ADV_rate_baixo"", ""uppercaseRatio_baixo""]","[""DEP_complete_advmod_rate_baixo""]"
corrected_pos_dep_complete_vs_corrected_pos_dep,corrected_pos_dep_complete,corrected_pos_dep,692298c7e196,retained,"[""POS_NOUN_rate_alto""]","[""uppercaseRatio_baixo""]"
corrected_pos_dep_complete_vs_corrected_pos_dep,corrected_pos_dep_complete,corrected_pos_dep,69f8813a8df9,removed,"[""POS_VERB_rate_baixo"", ""uppercaseRatio_baixo""]","[""DEP_advcl_rate_baixo""]"
corrected_pos_dep_complete_vs_corrected_pos_dep,corrected_pos_dep_complete,corrected_pos_dep,6a7d0b0aeb06,removed,"[""DEP_advmod_rate_baixo""]","[""DEP_advcl_rate_baixo"", ""POS_ADV_rate_baixo""]"
corrected_pos_dep_complete_vs_corrected_pos_dep,corrected_pos_dep_complete,corrected_pos_dep,6b4e88a1a688,new,"[""POS_ADJ_rate_baixo""]","[""DEP_complete_amod_rate_baixo""]"
corrected_pos_dep_complete_vs_corrected_pos_dep,corrected_pos_dep_complete,corrected_pos_dep,6bc0044768d2,removed,"[""DEP_ccomp_rate_baixo"", ""POS_ADV_rate_baixo""]","[""DEP_advmod_rate_baixo""]"
corrected_pos_dep_complete_vs_corrected_pos_dep,corrected_pos_dep_complete,corrected_pos_dep,6bca368dfbfe,removed,"[""DEP_amod_rate_baixo""]","[""POS_ADJ_rate_baixo""]"
corrected_pos_dep_complete_vs_corrected_pos_dep,corrected_pos_dep_complete,corrected_pos_dep,6c031c5af223,new,"[""DEP_complete_nsubj_rate_baixo""]","[""DEP_complete_advcl_rate_baixo"", ""DEP_complete_ccomp_rate_baixo""]"
corrected_pos_dep_complete_vs_corrected_pos_dep,corrected_pos_dep_complete,corrected_pos_dep,6c46cc8fbadd,removed,"[""DEP_advmod_rate_baixo"", ""DEP_obj_rate_alto""]","[""POS_ADV_rate_baixo""]"
corrected_pos_dep_complete_vs_corrected_pos_dep,corrected_pos_dep_complete,corrected_pos_dep,6d5e756b10ee,new,"[""DEP_complete_advmod_rate_baixo""]","[""POS_ADV_rate_baixo""]"
corrected_pos_dep_complete_vs_corrected_pos_dep,corrected_pos_dep_complete,corrected_pos_dep,6e53c5f330fc,removed,"[""DEP_amod_rate_alto"", ""POS_ADJ_rate_alto""]","[""uppercaseRatio_baixo""]"
corrected_pos_dep_complete_vs_corrected_pos_dep,corrected_pos_dep_complete,corrected_pos_dep,6f53da7fd0c0,new,"[""DEP_complete_amod_rate_alto""]","[""DEP_complete_ccomp_rate_baixo""]"
corrected_pos_dep_complete_vs_corrected_pos_dep,corrected_pos_dep_complete,corrected_pos_dep,70201b19d6f4,new,"[""DEP_complete_nsubj_rate_baixo"", ""uppercaseRatio_baixo""]","[""DEP_complete_ccomp_rate_baixo""]"
corrected_pos_dep_complete_vs_corrected_pos_dep,corrected_pos_dep_complete,corrected_pos_dep,70cb1095ce1a,removed,"[""DEP_advcl_rate_baixo"", ""DEP_amod_rate_alto""]","[""DEP_ccomp_rate_baixo""]"
corrected_pos_dep_complete_vs_corrected_pos_dep,corrected_pos_dep_complete,corrected_pos_dep,714dc4c2aebf,removed,"[""POS_PROPN_rate_alto""]","[""DEP_advcl_rate_baixo""]"
corrected_pos_dep_complete_vs_corrected_pos_dep,corrected_pos_dep_complete,corrected_pos_dep,72c462423c12,removed,"[""POS_VERB_rate_baixo"", ""uppercaseRatio_baixo""]","[""DEP_ccomp_rate_baixo""]"
corrected_pos_dep_complete_vs_corrected_pos_dep,corrected_pos_dep_complete,corrected_pos_dep,73d91e3a484a,removed,"[""POS_PROPN_rate_alto"", ""POS_VERB_rate_baixo""]","[""DEP_ccomp_rate_baixo""]"
corrected_pos_dep_complete_vs_corrected_pos_dep,corrected_pos_dep_complete,corrected_pos_dep,752035929c84,new,"[""DEP_complete_amod_rate_alto"", ""POS_ADJ_rate_alto""]","[""DEP_complete_advcl_rate_baixo""]"
corrected_pos_dep_complete_vs_corrected_pos_dep,corrected_pos_dep_complete,corrected_pos_dep,7672be5fe501,new,"[""DEP_complete_advmod_rate_baixo"", ""POS_NOUN_rate_alto""]","[""POS_ADV_rate_baixo""]"
corrected_pos_dep_complete_vs_corrected_pos_dep,corrected_pos_dep_complete,corrected_pos_dep,77c2795fc58d,new,"[""DEP_complete_advcl_rate_baixo"", ""POS_VERB_rate_baixo""]","[""DEP_complete_ccomp_rate_baixo""]"
corrected_pos_dep_complete_vs_corrected_pos_dep,corrected_pos_dep_complete,corrected_pos_dep,78c9d6295152,new,"[""DEP_complete_advmod_rate_alto"", ""DEP_complete_ccomp_rate_baixo""]","[""POS_ADV_rate_alto""]"
corrected_pos_dep_complete_vs_corrected_pos_dep,corrected_pos_dep_complete,corrected_pos_dep,793bbc696d49,removed,"[""DEP_advcl_rate_baixo"", ""POS_NOUN_rate_alto""]","[""uppercaseRatio_baixo""]"
corrected_pos_dep_complete_vs_corrected_pos_dep,corrected_pos_dep_complete,corrected_pos_dep,7c15f7c85bf3,new,"[""POS_PROPN_rate_alto"", ""POS_VERB_rate_baixo""]","[""DEP_complete_ccomp_rate_baixo""]"
corrected_pos_dep_complete_vs_corrected_pos_dep,corrected_pos_dep_complete,corrected_pos_dep,7c209330a1d6,removed,"[""DEP_advmod_rate_baixo"", ""POS_PRON_rate_baixo""]","[""DEP_advcl_rate_baixo""]"
corrected_pos_dep_complete_vs_corrected_pos_dep,corrected_pos_dep_complete,corrected_pos_dep,7d817c58a054,removed,"[""DEP_amod_rate_alto""]","[""DEP_ccomp_rate_baixo""]"
corrected_pos_dep_complete_vs_corrected_pos_dep,corrected_pos_dep_complete,corrected_pos_dep,7e1c9731ccca,removed,"[""DEP_advcl_rate_baixo"", ""POS_ADV_rate_baixo""]","[""DEP_advmod_rate_baixo""]"
corrected_pos_dep_complete_vs_corrected_pos_dep,corrected_pos_dep_complete,corrected_pos_dep,7ecbee81e520,new,"[""DEP_complete_advmod_rate_baixo"", ""POS_PRON_rate_baixo""]","[""POS_ADV_rate_baixo""]"
corrected_pos_dep_complete_vs_corrected_pos_dep,corrected_pos_dep_complete,corrected_pos_dep,7f0951dd1322,removed,"[""DEP_advcl_rate_baixo"", ""DEP_amod_rate_alto""]","[""POS_ADJ_rate_alto""]"
corrected_pos_dep_complete_vs_corrected_pos_dep,corrected_pos_dep_complete,corrected_pos_dep,80421e74c8ae,new,"[""DEP_complete_ccomp_rate_baixo"", ""POS_ADJ_rate_alto""]","[""uppercaseRatio_baixo""]"
corrected_pos_dep_complete_vs_corrected_pos_dep,corrected_pos_dep_complete,corrected_pos_dep,8072226a0b07,new,"[""DEP_complete_advcl_rate_baixo"", ""POS_NOUN_rate_alto""]","[""uppercaseRatio_baixo""]"
corrected_pos_dep_complete_vs_corrected_pos_dep,corrected_pos_dep_complete,corrected_pos_dep,81331a3ce81f,new,"[""DEP_complete_advmod_rate_baixo"", ""POS_ADV_rate_baixo""]","[""DEP_complete_advcl_rate_baixo""]"
corrected_pos_dep_complete_vs_corrected_pos_dep,corrected_pos_dep_complete,corrected_pos_dep,84daeb9107cf,new,"[""DEP_complete_advcl_rate_baixo"", ""POS_ADJ_rate_alto""]","[""uppercaseRatio_baixo""]"
corrected_pos_dep_complete_vs_corrected_pos_dep,corrected_pos_dep_complete,corrected_pos_dep,8694bd72e0dc,removed,"[""DEP_ccomp_rate_baixo"", ""POS_PROPN_rate_alto""]","[""POS_VERB_rate_baixo""]"
corrected_pos_dep_complete_vs_corrected_pos_dep,corrected_pos_dep_complete,corrected_pos_dep,86dab6a5f8ff,removed,"[""DEP_advmod_rate_baixo"", ""uppercaseRatio_baixo""]","[""POS_ADV_rate_baixo""]"
corrected_pos_dep_complete_vs_corrected_pos_dep,corrected_pos_dep_complete,corrected_pos_dep,876e562ae5b3,new,"[""DEP_complete_advmod_rate_baixo"", ""DEP_complete_obj_rate_baixo""]","[""DEP_complete_advcl_rate_baixo""]"
corrected_pos_dep_complete_vs_corrected_pos_dep,corrected_pos_dep_complete,corrected_pos_dep,879aa9d69381,removed,"[""POS_ADV_rate_baixo"", ""POS_VERB_rate_baixo""]","[""DEP_advmod_rate_baixo""]"
corrected_pos_dep_complete_vs_corrected_pos_dep,corrected_pos_dep_complete,corrected_pos_dep,87bf87521500,removed,"[""POS_ADV_rate_baixo"", ""diversidade_baixo""]","[""DEP_advmod_rate_baixo""]"
corrected_pos_dep_complete_vs_corrected_pos_dep,corrected_pos_dep_complete,corrected_pos_dep,892218378884,new,"[""POS_PRON_rate_baixo"", ""uppercaseRatio_baixo""]","[""DEP_complete_ccomp_rate_baixo""]"
corrected_pos_dep_complete_vs_corrected_pos_dep,corrected_pos_dep_complete,corrected_pos_dep,89bfe376f7a5,removed,"[""DEP_advmod_rate_baixo"", ""POS_VERB_rate_baixo""]","[""DEP_ccomp_rate_baixo""]"
corrected_pos_dep_complete_vs_corrected_pos_dep,corrected_pos_dep_complete,corrected_pos_dep,8a6ff3cd0d60,new,"[""POS_ADV_rate_baixo""]","[""DEP_complete_advmod_rate_baixo""]"
corrected_pos_dep_complete_vs_corrected_pos_dep,corrected_pos_dep_complete,corrected_pos_dep,8ad14f0a9255,new,"[""DEP_complete_advmod_rate_baixo"", ""uppercaseRatio_alto""]","[""POS_ADV_rate_baixo""]"
corrected_pos_dep_complete_vs_corrected_pos_dep,corrected_pos_dep_complete,corrected_pos_dep,8b08b799cf35,new,"[""DEP_complete_advmod_rate_baixo"", ""punctuationDensity_spacy_baixo""]","[""POS_ADV_rate_baixo""]"
corrected_pos_dep_complete_vs_corrected_pos_dep,corrected_pos_dep_complete,corrected_pos_dep,8c878fca3934,new,"[""DEP_complete_ccomp_rate_baixo"", ""POS_ADV_rate_alto""]","[""DEP_complete_advmod_rate_alto""]"
corrected_pos_dep_complete_vs_corrected_pos_dep,corrected_pos_dep_complete,corrected_pos_dep,8cc2971bb606,new,"[""POS_ADV_rate_baixo"", ""uppercaseRatio_alto""]","[""DEP_complete_advmod_rate_baixo""]"
corrected_pos_dep_complete_vs_corrected_pos_dep,corrected_pos_dep_complete,corrected_pos_dep,8f07dbefebd7,removed,"[""POS_ADV_rate_baixo""]","[""DEP_advmod_rate_baixo"", ""DEP_ccomp_rate_baixo""]"
corrected_pos_dep_complete_vs_corrected_pos_dep,corrected_pos_dep_complete,corrected_pos_dep,8f1c607c1a6e,new,"[""DEP_complete_advcl_rate_baixo"", ""POS_NOUN_rate_alto""]","[""DEP_complete_advmod_rate_baixo""]"
corrected_pos_dep_complete_vs_corrected_pos_dep,corrected_pos_dep_complete,corrected_pos_dep,9061480ecf71,new,"[""DEP_complete_ccomp_rate_baixo"", ""DEP_complete_nsubj_rate_alto""]","[""DEP_complete_advcl_rate_baixo""]"
corrected_pos_dep_complete_vs_corrected_pos_dep,corrected_pos_dep_complete,corrected_pos_dep,909d0314f156,removed,"[""POS_ADV_rate_baixo""]","[""DEP_advmod_rate_baixo""]"
corrected_pos_dep_complete_vs_corrected_pos_dep,corrected_pos_dep_complete,corrected_pos_dep,90e2d0fa2385,new,"[""DEP_complete_ccomp_rate_baixo"", ""punctuationDensity_spacy_baixo""]","[""DEP_complete_advmod_rate_baixo""]"
corrected_pos_dep_complete_vs_corrected_pos_dep,corrected_pos_dep_complete,corrected_pos_dep,9100dd0175d1,removed,"[""POS_ADV_rate_baixo"", ""uppercaseRatio_alto""]","[""DEP_advmod_rate_baixo""]"
corrected_pos_dep_complete_vs_corrected_pos_dep,corrected_pos_dep_complete,corrected_pos_dep,9300fc3b3306,removed,"[""DEP_advcl_rate_baixo"", ""POS_ADV_rate_alto""]","[""DEP_advmod_rate_alto""]"
corrected_pos_dep_complete_vs_corrected_pos_dep,corrected_pos_dep_complete,corrected_pos_dep,93067993be40,new,"[""DEP_complete_amod_rate_alto""]","[""POS_ADJ_rate_alto""]"
corrected_pos_dep_complete_vs_corrected_pos_dep,corrected_pos_dep_complete,corrected_pos_dep,93993666a2b1,removed,"[""POS_NOUN_rate_alto""]","[""DEP_advcl_rate_baixo""]"
corrected_pos_dep_complete_vs_corrected_pos_dep,corrected_pos_dep_complete,corrected_pos_dep,93ed8a283308,new,"[""DEP_complete_advcl_rate_baixo"", ""POS_ADJ_rate_alto""]","[""DEP_complete_ccomp_rate_baixo""]"
corrected_pos_dep_complete_vs_corrected_pos_dep,corrected_pos_dep_complete,corrected_pos_dep,94a0c9d3b3e8,new,"[""POS_ADV_rate_baixo"", ""punctuationDensity_spacy_baixo""]","[""DEP_complete_advmod_rate_baixo""]"
corrected_pos_dep_complete_vs_corrected_pos_dep,corrected_pos_dep_complete,corrected_pos_dep,96de8162ee9b,new,"[""POS_ADJ_rate_alto"", ""uppercaseRatio_baixo""]","[""DEP_complete_ccomp_rate_baixo""]"
corrected_pos_dep_complete_vs_corrected_pos_dep,corrected_pos_dep_complete,corrected_pos_dep,997465f0e852,removed,"[""POS_VERB_rate_baixo""]","[""DEP_advcl_rate_baixo"", ""DEP_ccomp_rate_baixo""]"
corrected_pos_dep_complete_vs_corrected_pos_dep,corrected_pos_dep_complete,corrected_pos_dep,99bef7c3c3fd,new,"[""DEP_complete_amod_rate_alto""]","[""DEP_complete_advcl_rate_baixo"", ""DEP_complete_ccomp_rate_baixo""]"
corrected_pos_dep_complete_vs_corrected_pos_dep,corrected_pos_dep_complete,corrected_pos_dep,9a294293e096,removed,"[""DEP_obj_rate_alto"", ""POS_ADV_rate_baixo""]","[""DEP_advmod_rate_baixo""]"
corrected_pos_dep_complete_vs_corrected_pos_dep,corrected_pos_dep_complete,corrected_pos_dep,9a32ada49b69,removed,"[""DEP_advmod_rate_baixo"", ""POS_PROPN_rate_alto""]","[""POS_ADV_rate_baixo""]"
corrected_pos_dep_complete_vs_corrected_pos_dep,corrected_pos_dep_complete,corrected_pos_dep,9a59a88003cf,removed,"[""DEP_obj_rate_baixo"", ""POS_VERB_rate_baixo""]","[""DEP_ccomp_rate_baixo""]"
corrected_pos_dep_complete_vs_corrected_pos_dep,corrected_pos_dep_complete,corrected_pos_dep,9abddbcf520f,removed,"[""POS_PRON_rate_baixo"", ""POS_VERB_rate_baixo""]","[""DEP_advcl_rate_baixo""]"
corrected_pos_dep_complete_vs_corrected_pos_dep,corrected_pos_dep_complete,corrected_pos_dep,9bccb51eba98,new,"[""POS_ADJ_rate_alto"", ""uppercaseRatio_baixo""]","[""DEP_complete_amod_rate_alto""]"
corrected_pos_dep_complete_vs_corrected_pos_dep,corrected_pos_dep_complete,corrected_pos_dep,9c44989c1357,new,"[""DEP_complete_ccomp_rate_baixo"", ""POS_NOUN_rate_baixo""]","[""POS_PROPN_rate_alto""]"
corrected_pos_dep_complete_vs_corrected_pos_dep,corrected_pos_dep_complete,corrected_pos_dep,9c5cae8f2917,removed,"[""DEP_ccomp_rate_baixo"", ""DEP_obj_rate_baixo""]","[""DEP_advcl_rate_baixo""]"
corrected_pos_dep_complete_vs_corrected_pos_dep,corrected_pos_dep_complete,corrected_pos_dep,9cd4a8d1d951,new,"[""DEP_complete_amod_rate_alto""]","[""DEP_complete_ccomp_rate_baixo"", ""POS_ADJ_rate_alto""]"
corrected_pos_dep_complete_vs_corrected_pos_dep,corrected_pos_dep_complete,corrected_pos_dep,9d2f2cf10054,removed,"[""POS_NOUN_rate_alto"", ""uppercaseRatio_baixo""]","[""DEP_ccomp_rate_baixo""]"
corrected_pos_dep_complete_vs_corrected_pos_dep,corrected_pos_dep_complete,corrected_pos_dep,9dd991d064e5,removed,"[""DEP_amod_rate_alto"", ""POS_ADJ_rate_alto""]","[""DEP_ccomp_rate_baixo""]"
corrected_pos_dep_complete_vs_corrected_pos_dep,corrected_pos_dep_complete,corrected_pos_dep,9e262bbd2a5b,new,"[""DEP_complete_advcl_rate_baixo"", ""DEP_complete_obj_rate_alto""]","[""DEP_complete_ccomp_rate_baixo""]"
corrected_pos_dep_complete_vs_corrected_pos_dep,corrected_pos_dep_complete,corrected_pos_dep,9eda44033fa8,new,"[""DEP_complete_advmod_rate_baixo"", ""POS_VERB_rate_baixo""]","[""DEP_complete_advcl_rate_baixo""]"
corrected_pos_dep_complete_vs_corrected_pos_dep,corrected_pos_dep_complete,corrected_pos_dep,a02bd7dfc0b7,new,"[""DEP_complete_advcl_rate_baixo"", ""POS_ADV_rate_alto""]","[""DEP_complete_advmod_rate_alto""]"
corrected_pos_dep_complete_vs_corrected_pos_dep,corrected_pos_dep_complete,corrected_pos_dep,a2acdc4b20e2,removed,"[""DEP_ccomp_rate_baixo"", ""DEP_nsubj_rate_baixo""]","[""POS_VERB_rate_baixo""]"
corrected_pos_dep_complete_vs_corrected_pos_dep,corrected_pos_dep_complete,corrected_pos_dep,a4a0ab32082c,removed,"[""DEP_amod_rate_alto"", ""uppercaseRatio_baixo""]","[""DEP_ccomp_rate_baixo""]"
corrected_pos_dep_complete_vs_corrected_pos_dep,corrected_pos_dep_complete,corrected_pos_dep,a4dfda82672f,removed,"[""DEP_amod_rate_alto""]","[""POS_ADJ_rate_alto""]"
corrected_pos_dep_complete_vs_corrected_pos_dep,corrected_pos_dep_complete,corrected_pos_dep,a4eba1b783b0,new,"[""DEP_complete_advmod_rate_baixo"", ""uppercaseRatio_baixo""]","[""POS_ADV_rate_baixo""]"
corrected_pos_dep_complete_vs_corrected_pos_dep,corrected_pos_dep_complete,corrected_pos_dep,a52479906469,new,"[""DEP_complete_advcl_rate_baixo"", ""punctuationDensity_spacy_baixo""]","[""DEP_complete_advmod_rate_baixo""]"
corrected_pos_dep_complete_vs_corrected_pos_dep,corrected_pos_dep_complete,corrected_pos_dep,a5bde74790c4,new,"[""DEP_complete_ccomp_rate_baixo"", ""POS_ADV_rate_alto""]","[""uppercaseRatio_baixo""]"
corrected_pos_dep_complete_vs_corrected_pos_dep,corrected_pos_dep_complete,corrected_pos_dep,a686b7ddfc02,removed,"[""DEP_advmod_rate_baixo""]","[""DEP_ccomp_rate_baixo"", ""POS_ADV_rate_baixo""]"
corrected_pos_dep_complete_vs_corrected_pos_dep,corrected_pos_dep_complete,corrected_pos_dep,a6a2f99530b3,new,"[""DEP_complete_advmod_rate_baixo"", ""uppercaseRatio_alto""]","[""DEP_complete_advcl_rate_baixo""]"
corrected_pos_dep_complete_vs_corrected_pos_dep,corrected_pos_dep_complete,corrected_pos_dep,a8b3dfc151c7,new,"[""DEP_complete_amod_rate_baixo"", ""DEP_complete_ccomp_rate_baixo""]","[""DEP_complete_advcl_rate_baixo""]"
corrected_pos_dep_complete_vs_corrected_pos_dep,corrected_pos_dep_complete,corrected_pos_dep,a8b60cb484f2,removed,"[""DEP_advcl_rate_baixo"", ""POS_NOUN_rate_alto""]","[""DEP_ccomp_rate_baixo""]"
corrected_pos_dep_complete_vs_corrected_pos_dep,corrected_pos_dep_complete,corrected_pos_dep,a8f570de6562,new,"[""POS_NOUN_rate_alto"", ""uppercaseRatio_baixo""]","[""DEP_complete_ccomp_rate_baixo""]"
corrected_pos_dep_complete_vs_corrected_pos_dep,corrected_pos_dep_complete,corrected_pos_dep,a8f9652488ca,removed,"[""DEP_amod_rate_alto"", ""DEP_ccomp_rate_baixo""]","[""uppercaseRatio_baixo""]"
corrected_pos_dep_complete_vs_corrected_pos_dep,corrected_pos_dep_complete,corrected_pos_dep,a9cc0766f780,removed,"[""DEP_advmod_rate_baixo"", ""POS_ADV_rate_baixo""]","[""DEP_advcl_rate_baixo""]"
corrected_pos_dep_complete_vs_corrected_pos_dep,corrected_pos_dep_complete,corrected_pos_dep,aa24ffb4eb59,removed,"[""POS_ADJ_rate_alto""]","[""DEP_amod_rate_alto"", ""DEP_ccomp_rate_baixo""]"
corrected_pos_dep_complete_vs_corrected_pos_dep,corrected_pos_dep_complete,corrected_pos_dep,ac481854c364,removed,"[""DEP_ccomp_rate_baixo"", ""DEP_obj_rate_baixo""]","[""POS_VERB_rate_baixo""]"
corrected_pos_dep_complete_vs_corrected_pos_dep,corrected_pos_dep_complete,corrected_pos_dep,acff811bbbf2,removed,"[""DEP_advcl_rate_baixo"", ""POS_ADV_rate_baixo""]","[""DEP_ccomp_rate_baixo""]"
corrected_pos_dep_complete_vs_corrected_pos_dep,corrected_pos_dep_complete,corrected_pos_dep,ad056bd1509b,retained,"[""POS_NOUN_rate_alto"", ""uppercaseRatio_baixo""]","[""POS_PROPN_rate_baixo""]"
corrected_pos_dep_complete_vs_corrected_pos_dep,corrected_pos_dep_complete,corrected_pos_dep,ad53ca705d2e,removed,"[""DEP_ccomp_rate_baixo"", ""POS_ADV_rate_baixo""]","[""DEP_advcl_rate_baixo""]"
corrected_pos_dep_complete_vs_corrected_pos_dep,corrected_pos_dep_complete,corrected_pos_dep,aeaddd728517,removed,"[""DEP_ccomp_rate_baixo"", ""POS_ADJ_rate_baixo""]","[""DEP_amod_rate_baixo""]"
corrected_pos_dep_complete_vs_corrected_pos_dep,corrected_pos_dep_complete,corrected_pos_dep,afe6049321d6,new,"[""DEP_complete_advmod_rate_baixo"", ""POS_NOUN_rate_alto""]","[""DEP_complete_ccomp_rate_baixo""]"
corrected_pos_dep_complete_vs_corrected_pos_dep,corrected_pos_dep_complete,corrected_pos_dep,b09feee3000a,new,"[""DEP_complete_amod_rate_alto"", ""POS_ADJ_rate_alto""]","[""uppercaseRatio_baixo""]"
corrected_pos_dep_complete_vs_corrected_pos_dep,corrected_pos_dep_complete,corrected_pos_dep,b208a328a620,removed,"[""DEP_advcl_rate_baixo"", ""diversidade_alto""]","[""DEP_ccomp_rate_baixo""]"
corrected_pos_dep_complete_vs_corrected_pos_dep,corrected_pos_dep_complete,corrected_pos_dep,b31b004f90be,new,"[""DEP_complete_obj_rate_baixo"", ""POS_VERB_rate_baixo""]","[""DEP_complete_ccomp_rate_baixo""]"
corrected_pos_dep_complete_vs_corrected_pos_dep,corrected_pos_dep_complete,corrected_pos_dep,b337b9d9f141,new,"[""DEP_complete_ccomp_rate_baixo"", ""POS_ADJ_rate_baixo""]","[""DEP_complete_amod_rate_baixo""]"
corrected_pos_dep_complete_vs_corrected_pos_dep,corrected_pos_dep_complete,corrected_pos_dep,b353e43e74ed,removed,"[""DEP_advcl_rate_baixo"", ""POS_PROPN_rate_alto""]","[""POS_VERB_rate_baixo""]"
corrected_pos_dep_complete_vs_corrected_pos_dep,corrected_pos_dep_complete,corrected_pos_dep,b3bf88b905b0,new,"[""DEP_complete_advmod_rate_baixo"", ""POS_PRON_rate_baixo""]","[""DEP_complete_ccomp_rate_baixo""]"
corrected_pos_dep_complete_vs_corrected_pos_dep,corrected_pos_dep_complete,corrected_pos_dep,b5170c164a80,removed,"[""DEP_amod_rate_alto"", ""DEP_ccomp_rate_baixo""]","[""POS_ADJ_rate_alto""]"
corrected_pos_dep_complete_vs_corrected_pos_dep,corrected_pos_dep_complete,corrected_pos_dep,b5d3857df26e,removed,"[""DEP_advmod_rate_baixo"", ""POS_PROPN_rate_alto""]","[""DEP_advcl_rate_baixo""]"
corrected_pos_dep_complete_vs_corrected_pos_dep,corrected_pos_dep_complete,corrected_pos_dep,b7009ff15128,new,"[""DEP_complete_advcl_rate_baixo"", ""POS_NOUN_rate_alto""]","[""DEP_complete_ccomp_rate_baixo""]"
corrected_pos_dep_complete_vs_corrected_pos_dep,corrected_pos_dep_complete,corrected_pos_dep,b72ca52a0586,new,"[""DEP_complete_advmod_rate_baixo"", ""DEP_complete_amod_rate_baixo""]","[""DEP_complete_ccomp_rate_baixo""]"
corrected_pos_dep_complete_vs_corrected_pos_dep,corrected_pos_dep_complete,corrected_pos_dep,b74f2e5e05ec,removed,"[""DEP_ccomp_rate_baixo"", ""POS_PROPN_rate_baixo""]","[""uppercaseRatio_baixo""]"
corrected_pos_dep_complete_vs_corrected_pos_dep,corrected_pos_dep_complete,corrected_pos_dep,b86a16fc9dbf,new,"[""DEP_complete_amod_rate_alto"", ""uppercaseRatio_baixo""]","[""POS_ADJ_rate_alto""]"
corrected_pos_dep_complete_vs_corrected_pos_dep,corrected_pos_dep_complete,corrected_pos_dep,b8a91c1713be,removed,"[""DEP_nsubj_rate_baixo""]","[""DEP_ccomp_rate_baixo""]"
corrected_pos_dep_complete_vs_corrected_pos_dep,corrected_pos_dep_complete,corrected_pos_dep,b8e3def79042,removed,"[""POS_ADV_rate_alto"", ""POS_NOUN_rate_baixo""]","[""DEP_advmod_rate_alto""]"
corrected_pos_dep_complete_vs_corrected_pos_dep,corrected_pos_dep_complete,corrected_pos_dep,ba493ead10fc,new,"[""DEP_complete_nsubj_rate_baixo"", ""DEP_complete_obj_rate_baixo""]","[""DEP_complete_ccomp_rate_baixo""]"
corrected_pos_dep_complete_vs_corrected_pos_dep,corrected_pos_dep_complete,corrected_pos_dep,ba4f4bdbb3e8,removed,"[""DEP_advcl_rate_baixo"", ""POS_PROPN_rate_alto""]","[""DEP_ccomp_rate_baixo""]"
corrected_pos_dep_complete_vs_corrected_pos_dep,corrected_pos_dep_complete,corrected_pos_dep,bd22c807cf6a,new,"[""DEP_complete_ccomp_rate_baixo"", ""uppercaseRatio_alto""]","[""DEP_complete_advcl_rate_baixo""]"
corrected_pos_dep_complete_vs_corrected_pos_dep,corrected_pos_dep_complete,corrected_pos_dep,bdbbd0a85df4,removed,"[""DEP_ccomp_rate_baixo"", ""POS_ADJ_rate_alto""]","[""uppercaseRatio_baixo""]"
corrected_pos_dep_complete_vs_corrected_pos_dep,corrected_pos_dep_complete,corrected_pos_dep,c0151b5459e7,removed,"[""DEP_advmod_rate_alto"", ""POS_ADV_rate_alto""]","[""uppercaseRatio_baixo""]"
corrected_pos_dep_complete_vs_corrected_pos_dep,corrected_pos_dep_complete,corrected_pos_dep,c382115c091a,new,"[""DEP_complete_advmod_rate_baixo""]","[""DEP_complete_advcl_rate_baixo""]"
corrected_pos_dep_complete_vs_corrected_pos_dep,corrected_pos_dep_complete,corrected_pos_dep,c39dc0f07e9d,removed,"[""DEP_advmod_rate_baixo"", ""DEP_ccomp_rate_baixo""]","[""DEP_advcl_rate_baixo""]"
corrected_pos_dep_complete_vs_corrected_pos_dep,corrected_pos_dep_complete,corrected_pos_dep,c672065287b4,removed,"[""DEP_obj_rate_baixo""]","[""DEP_advcl_rate_baixo""]"
corrected_pos_dep_complete_vs_corrected_pos_dep,corrected_pos_dep_complete,corrected_pos_dep,c700c7c21e22,new,"[""DEP_complete_advcl_rate_baixo"", ""POS_PROPN_rate_baixo""]","[""DEP_complete_ccomp_rate_baixo""]"
corrected_pos_dep_complete_vs_corrected_pos_dep,corrected_pos_dep_complete,corrected_pos_dep,c7a30d04837d,removed,"[""DEP_advmod_rate_baixo"", ""punctuationDensity_spacy_baixo""]","[""POS_ADV_rate_baixo""]"
corrected_pos_dep_complete_vs_corrected_pos_dep,corrected_pos_dep_complete,corrected_pos_dep,c844c1179639,new,"[""POS_ADV_rate_baixo""]","[""DEP_complete_advcl_rate_baixo"", ""DEP_complete_advmod_rate_baixo""]"
corrected_pos_dep_complete_vs_corrected_pos_dep,corrected_pos_dep_complete,corrected_pos_dep,c867b0c147ef,new,"[""DEP_complete_ccomp_rate_baixo"", ""POS_PRON_rate_alto""]","[""uppercaseRatio_baixo""]"
corrected_pos_dep_complete_vs_corrected_pos_dep,corrected_pos_dep_complete,corrected_pos_dep,c882a83d95db,removed,"[""POS_PRON_rate_baixo"", ""POS_VERB_rate_baixo""]","[""DEP_ccomp_rate_baixo""]"
corrected_pos_dep_complete_vs_corrected_pos_dep,corrected_pos_dep_complete,corrected_pos_dep,c990f45e3bd8,removed,"[""DEP_advcl_rate_baixo"", ""POS_ADJ_rate_baixo""]","[""DEP_amod_rate_baixo""]"
corrected_pos_dep_complete_vs_corrected_pos_dep,corrected_pos_dep_complete,corrected_pos_dep,caf71c79d835,new,"[""DEP_complete_advcl_rate_baixo"", ""DEP_complete_advmod_rate_baixo""]","[""DEP_complete_ccomp_rate_baixo""]"
corrected_pos_dep_complete_vs_corrected_pos_dep,corrected_pos_dep_complete,corrected_pos_dep,cd52a0e7dc43,new,"[""DEP_complete_ccomp_rate_baixo"", ""POS_PROPN_rate_baixo""]","[""POS_NOUN_rate_alto""]"
corrected_pos_dep_complete_vs_corrected_pos_dep,corrected_pos_dep_complete,corrected_pos_dep,cd646a1e0e24,new,"[""POS_ADV_rate_alto""]","[""DEP_complete_advmod_rate_alto""]"
corrected_pos_dep_complete_vs_corrected_pos_dep,corrected_pos_dep_complete,corrected_pos_dep,ce8ff73ea2ff,removed,"[""POS_ADV_rate_baixo"", ""punctuationDensity_spacy_baixo""]","[""DEP_advmod_rate_baixo""]"
corrected_pos_dep_complete_vs_corrected_pos_dep,corrected_pos_dep_complete,corrected_pos_dep,cead9c6146a2,removed,"[""DEP_ccomp_rate_baixo"", ""POS_VERB_rate_baixo""]","[""DEP_advcl_rate_baixo""]"
corrected_pos_dep_complete_vs_corrected_pos_dep,corrected_pos_dep_complete,corrected_pos_dep,cf014d4cf764,removed,"[""DEP_amod_rate_alto""]","[""uppercaseRatio_baixo""]"
corrected_pos_dep_complete_vs_corrected_pos_dep,corrected_pos_dep_complete,corrected_pos_dep,cf1d68483f9f,new,"[""DEP_complete_advmod_rate_baixo"", ""punctuationDensity_spacy_baixo""]","[""DEP_complete_ccomp_rate_baixo""]"
corrected_pos_dep_complete_vs_corrected_pos_dep,corrected_pos_dep_complete,corrected_pos_dep,cfdddf8dd714,removed,"[""DEP_advmod_rate_baixo"", ""diversidade_baixo""]","[""POS_ADV_rate_baixo""]"
corrected_pos_dep_complete_vs_corrected_pos_dep,corrected_pos_dep_complete,corrected_pos_dep,cfeb8222ad8a,removed,"[""diversidade_baixo""]","[""DEP_advcl_rate_baixo""]"
corrected_pos_dep_complete_vs_corrected_pos_dep,corrected_pos_dep_complete,corrected_pos_dep,d0a1d36e551d,new,"[""POS_ADJ_rate_alto""]","[""DEP_complete_amod_rate_alto""]"
corrected_pos_dep_complete_vs_corrected_pos_dep,corrected_pos_dep_complete,corrected_pos_dep,d155d66d0689,new,"[""DEP_complete_obj_rate_baixo"", ""POS_VERB_rate_baixo""]","[""DEP_complete_advcl_rate_baixo""]"
corrected_pos_dep_complete_vs_corrected_pos_dep,corrected_pos_dep_complete,corrected_pos_dep,d1f335943bb3,new,"[""DEP_complete_advcl_rate_baixo"", ""POS_PRON_rate_baixo""]","[""DEP_complete_ccomp_rate_baixo""]"
corrected_pos_dep_complete_vs_corrected_pos_dep,corrected_pos_dep_complete,corrected_pos_dep,d22dba7f65e2,retained,"[""POS_NOUN_rate_alto"", ""POS_PROPN_rate_baixo""]","[""uppercaseRatio_baixo""]"
corrected_pos_dep_complete_vs_corrected_pos_dep,corrected_pos_dep_complete,corrected_pos_dep,d3dcb752be03,new,"[""DEP_complete_advmod_rate_baixo""]","[""DEP_complete_ccomp_rate_baixo""]"
corrected_pos_dep_complete_vs_corrected_pos_dep,corrected_pos_dep_complete,corrected_pos_dep,d4448b7c5c68,retained,"[""POS_ADV_rate_alto""]","[""uppercaseRatio_baixo""]"
corrected_pos_dep_complete_vs_corrected_pos_dep,corrected_pos_dep_complete,corrected_pos_dep,d638798b4791,removed,"[""DEP_ccomp_rate_baixo"", ""diversidade_baixo""]","[""DEP_advcl_rate_baixo""]"
corrected_pos_dep_complete_vs_corrected_pos_dep,corrected_pos_dep_complete,corrected_pos_dep,d8a685f8cc64,removed,"[""DEP_advmod_rate_baixo"", ""POS_VERB_rate_baixo""]","[""DEP_advcl_rate_baixo""]"
corrected_pos_dep_complete_vs_corrected_pos_dep,corrected_pos_dep_complete,corrected_pos_dep,d91dba5be2c6,new,"[""POS_NOUN_rate_alto""]","[""DEP_complete_advcl_rate_baixo""]"
corrected_pos_dep_complete_vs_corrected_pos_dep,corrected_pos_dep_complete,corrected_pos_dep,db2a08de416e,new,"[""POS_ADV_rate_baixo"", ""POS_PROPN_rate_alto""]","[""DEP_complete_advmod_rate_baixo""]"
corrected_pos_dep_complete_vs_corrected_pos_dep,corrected_pos_dep_complete,corrected_pos_dep,dba1f65c01fb,new,"[""DEP_complete_advcl_rate_baixo"", ""DEP_complete_advmod_rate_alto""]","[""POS_ADV_rate_alto""]"
corrected_pos_dep_complete_vs_corrected_pos_dep,corrected_pos_dep_complete,corrected_pos_dep,dc1a3dbe2e2c,new,"[""POS_ADV_rate_baixo"", ""POS_PRON_rate_baixo""]","[""DEP_complete_ccomp_rate_baixo""]"
corrected_pos_dep_complete_vs_corrected_pos_dep,corrected_pos_dep_complete,corrected_pos_dep,dc8fc3b0d4be,new,"[""DEP_complete_nsubj_rate_baixo""]","[""DEP_complete_ccomp_rate_baixo""]"
corrected_pos_dep_complete_vs_corrected_pos_dep,corrected_pos_dep_complete,corrected_pos_dep,dcb32a5cb82c,removed,"[""POS_ADV_rate_alto"", ""POS_PRON_rate_alto""]","[""DEP_advmod_rate_alto""]"
corrected_pos_dep_complete_vs_corrected_pos_dep,corrected_pos_dep_complete,corrected_pos_dep,dd1a1cb0c8bd,removed,"[""POS_PRON_rate_baixo""]","[""DEP_ccomp_rate_baixo""]"
corrected_pos_dep_complete_vs_corrected_pos_dep,corrected_pos_dep_complete,corrected_pos_dep,dd22a4178d9a,new,"[""DEP_complete_advmod_rate_baixo"", ""DEP_complete_nsubj_rate_baixo""]","[""DEP_complete_ccomp_rate_baixo""]"
corrected_pos_dep_complete_vs_corrected_pos_dep,corrected_pos_dep_complete,corrected_pos_dep,dd4e0b9bb519,new,"[""POS_PRON_rate_baixo"", ""POS_PROPN_rate_alto""]","[""DEP_complete_ccomp_rate_baixo""]"
corrected_pos_dep_complete_vs_corrected_pos_dep,corrected_pos_dep_complete,corrected_pos_dep,dd8daeeb9161,new,"[""DEP_complete_advmod_rate_baixo"", ""DEP_complete_ccomp_rate_baixo""]","[""POS_ADV_rate_baixo""]"
corrected_pos_dep_complete_vs_corrected_pos_dep,corrected_pos_dep_complete,corrected_pos_dep,e07a82436496,new,"[""DEP_complete_advmod_rate_baixo"", ""POS_PROPN_rate_alto""]","[""DEP_complete_ccomp_rate_baixo""]"
corrected_pos_dep_complete_vs_corrected_pos_dep,corrected_pos_dep_complete,corrected_pos_dep,e16ef8f4fcce,removed,"[""DEP_advmod_rate_baixo""]","[""POS_ADV_rate_baixo""]"
corrected_pos_dep_complete_vs_corrected_pos_dep,corrected_pos_dep_complete,corrected_pos_dep,e269d730129b,new,"[""DEP_complete_ccomp_rate_baixo"", ""POS_ADJ_rate_alto""]","[""DEP_complete_amod_rate_alto""]"
corrected_pos_dep_complete_vs_corrected_pos_dep,corrected_pos_dep_complete,corrected_pos_dep,e326c83039ac,removed,"[""DEP_advcl_rate_baixo"", ""punctuationDensity_spacy_baixo""]","[""DEP_ccomp_rate_baixo""]"
corrected_pos_dep_complete_vs_corrected_pos_dep,corrected_pos_dep_complete,corrected_pos_dep,e3f4f788feaf,removed,"[""POS_ADV_rate_baixo"", ""POS_NOUN_rate_alto""]","[""DEP_advmod_rate_baixo""]"
corrected_pos_dep_complete_vs_corrected_pos_dep,corrected_pos_dep_complete,corrected_pos_dep,e437af574e63,new,"[""DEP_complete_obj_rate_baixo"", ""uppercaseRatio_baixo""]","[""DEP_complete_advcl_rate_baixo""]"
corrected_pos_dep_complete_vs_corrected_pos_dep,corrected_pos_dep_complete,corrected_pos_dep,e55317482dd0,new,"[""DEP_complete_advcl_rate_baixo"", ""DEP_complete_amod_rate_alto""]","[""POS_ADJ_rate_alto""]"
corrected_pos_dep_complete_vs_corrected_pos_dep,corrected_pos_dep_complete,corrected_pos_dep,e59bc16c1973,removed,"[""POS_ADV_rate_baixo"", ""POS_PROPN_rate_alto""]","[""DEP_advmod_rate_baixo""]"
corrected_pos_dep_complete_vs_corrected_pos_dep,corrected_pos_dep_complete,corrected_pos_dep,e5c8790b4684,new,"[""DEP_complete_advcl_rate_baixo"", ""POS_PRON_rate_alto""]","[""uppercaseRatio_baixo""]"
corrected_pos_dep_complete_vs_corrected_pos_dep,corrected_pos_dep_complete,corrected_pos_dep,e5d1dba7ba86,new,"[""POS_NOUN_rate_alto"", ""POS_PROPN_rate_baixo""]","[""DEP_complete_ccomp_rate_baixo""]"
corrected_pos_dep_complete_vs_corrected_pos_dep,corrected_pos_dep_complete,corrected_pos_dep,e6a63a4d1dc8,new,"[""DEP_complete_ccomp_rate_baixo"", ""POS_PRON_rate_baixo""]","[""DEP_complete_advmod_rate_baixo""]"
corrected_pos_dep_complete_vs_corrected_pos_dep,corrected_pos_dep_complete,corrected_pos_dep,e7885bcb6024,removed,"[""DEP_advcl_rate_baixo"", ""DEP_amod_rate_alto""]","[""uppercaseRatio_baixo""]"
corrected_pos_dep_complete_vs_corrected_pos_dep,corrected_pos_dep_complete,corrected_pos_dep,e8649812878d,new,"[""DEP_complete_ccomp_rate_baixo"", ""POS_PROPN_rate_alto""]","[""DEP_complete_advmod_rate_baixo""]"
corrected_pos_dep_complete_vs_corrected_pos_dep,corrected_pos_dep_complete,corrected_pos_dep,e9d40e61c25e,removed,"[""DEP_ccomp_rate_baixo"", ""POS_ADV_rate_alto""]","[""DEP_advmod_rate_alto""]"
corrected_pos_dep_complete_vs_corrected_pos_dep,corrected_pos_dep_complete,corrected_pos_dep,ea36579b5c9c,new,"[""DEP_complete_advcl_rate_baixo"", ""DEP_complete_obj_rate_baixo""]","[""DEP_complete_ccomp_rate_baixo""]"
corrected_pos_dep_complete_vs_corrected_pos_dep,corrected_pos_dep_complete,corrected_pos_dep,eab81eb4daeb,new,"[""DEP_complete_ccomp_rate_baixo"", ""POS_PROPN_rate_alto""]","[""DEP_complete_advcl_rate_baixo""]"
corrected_pos_dep_complete_vs_corrected_pos_dep,corrected_pos_dep_complete,corrected_pos_dep,eb4fc0af2c78,new,"[""POS_VERB_rate_baixo""]","[""DEP_complete_advcl_rate_baixo""]"
corrected_pos_dep_complete_vs_corrected_pos_dep,corrected_pos_dep_complete,corrected_pos_dep,ee788efc87e0,new,"[""DEP_complete_advcl_rate_baixo"", ""POS_PROPN_rate_alto""]","[""DEP_complete_advmod_rate_baixo""]"
corrected_pos_dep_complete_vs_corrected_pos_dep,corrected_pos_dep_complete,corrected_pos_dep,eed415da02ef,removed,"[""DEP_ccomp_rate_baixo"", ""POS_PRON_rate_alto""]","[""uppercaseRatio_baixo""]"
corrected_pos_dep_complete_vs_corrected_pos_dep,corrected_pos_dep_complete,corrected_pos_dep,ef0bbdadd026,new,"[""DEP_complete_amod_rate_alto"", ""DEP_complete_ccomp_rate_baixo""]","[""DEP_complete_advcl_rate_baixo""]"
corrected_pos_dep_complete_vs_corrected_pos_dep,corrected_pos_dep_complete,corrected_pos_dep,ef28546d317c,new,"[""DEP_complete_ccomp_rate_baixo"", ""POS_VERB_rate_baixo""]","[""DEP_complete_advcl_rate_baixo""]"
corrected_pos_dep_complete_vs_corrected_pos_dep,corrected_pos_dep_complete,corrected_pos_dep,efd1e877b3a6,new,"[""DEP_complete_amod_rate_alto"", ""POS_ADJ_rate_alto""]","[""DEP_complete_ccomp_rate_baixo""]"
corrected_pos_dep_complete_vs_corrected_pos_dep,corrected_pos_dep_complete,corrected_pos_dep,f0e5fd666c3c,new,"[""DEP_complete_amod_rate_baixo""]","[""POS_ADJ_rate_baixo""]"
corrected_pos_dep_complete_vs_corrected_pos_dep,corrected_pos_dep_complete,corrected_pos_dep,f180989978fc,new,"[""POS_ADV_rate_baixo"", ""POS_PRON_rate_baixo""]","[""DEP_complete_advmod_rate_baixo""]"
corrected_pos_dep_complete_vs_corrected_pos_dep,corrected_pos_dep_complete,corrected_pos_dep,f22fb20d69b1,new,"[""DEP_complete_advmod_rate_baixo"", ""diversidade_baixo""]","[""DEP_complete_advcl_rate_baixo""]"
corrected_pos_dep_complete_vs_corrected_pos_dep,corrected_pos_dep_complete,corrected_pos_dep,f29a269a9955,removed,"[""DEP_advcl_rate_baixo"", ""DEP_advmod_rate_baixo""]","[""DEP_ccomp_rate_baixo""]"
corrected_pos_dep_complete_vs_corrected_pos_dep,corrected_pos_dep_complete,corrected_pos_dep,f3247c4cde1d,removed,"[""DEP_advmod_rate_baixo"", ""POS_VERB_rate_baixo""]","[""POS_ADV_rate_baixo""]"
corrected_pos_dep_complete_vs_corrected_pos_dep,corrected_pos_dep_complete,corrected_pos_dep,f41c8a789ada,removed,"[""POS_NOUN_rate_alto"", ""POS_PROPN_rate_baixo""]","[""DEP_ccomp_rate_baixo""]"
corrected_pos_dep_complete_vs_corrected_pos_dep,corrected_pos_dep_complete,corrected_pos_dep,f531e9bc9352,new,"[""DEP_complete_advcl_rate_baixo"", ""DEP_complete_nsubj_rate_baixo""]","[""DEP_complete_ccomp_rate_baixo""]"
corrected_pos_dep_complete_vs_corrected_pos_dep,corrected_pos_dep_complete,corrected_pos_dep,f5aa05536552,removed,"[""DEP_advmod_rate_baixo"", ""DEP_nsubj_rate_baixo""]","[""POS_ADV_rate_baixo""]"
corrected_pos_dep_complete_vs_corrected_pos_dep,corrected_pos_dep_complete,corrected_pos_dep,f5ab4e4371a9,removed,"[""POS_ADV_rate_baixo"", ""POS_PRON_rate_baixo""]","[""DEP_advmod_rate_baixo""]"
corrected_pos_dep_complete_vs_corrected_pos_dep,corrected_pos_dep_complete,corrected_pos_dep,f5e829055ee4,retained,"[""POS_NOUN_rate_alto""]","[""POS_PROPN_rate_baixo""]"
corrected_pos_dep_complete_vs_corrected_pos_dep,corrected_pos_dep_complete,corrected_pos_dep,f6036e82b3f4,removed,"[""POS_ADV_rate_alto"", ""POS_PROPN_rate_baixo""]","[""DEP_advmod_rate_alto""]"
corrected_pos_dep_complete_vs_corrected_pos_dep,corrected_pos_dep_complete,corrected_pos_dep,f6d74532bc6f,new,"[""DEP_complete_ccomp_rate_baixo"", ""DEP_complete_obj_rate_baixo""]","[""DEP_complete_advcl_rate_baixo""]"
corrected_pos_dep_complete_vs_corrected_pos_dep,corrected_pos_dep_complete,corrected_pos_dep,f9012a0d0c49,new,"[""POS_PRON_rate_baixo"", ""POS_VERB_rate_baixo""]","[""DEP_complete_advcl_rate_baixo""]"
corrected_pos_dep_complete_vs_corrected_pos_dep,corrected_pos_dep_complete,corrected_pos_dep,f96a83c59f01,new,"[""POS_ADV_rate_baixo"", ""diversidade_baixo""]","[""DEP_complete_advmod_rate_baixo""]"
corrected_pos_dep_complete_vs_corrected_pos_dep,corrected_pos_dep_complete,corrected_pos_dep,fbadc1bd5861,removed,"[""DEP_nsubj_rate_baixo"", ""uppercaseRatio_baixo""]","[""DEP_ccomp_rate_baixo""]"
corrected_pos_dep_complete_vs_corrected_pos_dep,corrected_pos_dep_complete,corrected_pos_dep,fd8219d3e32f,removed,"[""DEP_advmod_rate_baixo"", ""uppercaseRatio_alto""]","[""POS_ADV_rate_baixo""]"
corrected_pos_dep_complete_vs_corrected_pos_dep,corrected_pos_dep_complete,corrected_pos_dep,fe0fe5fb5992,new,"[""DEP_complete_amod_rate_baixo"", ""DEP_complete_ccomp_rate_baixo""]","[""DEP_complete_advmod_rate_baixo""]"
