variant,replicate,records,eligible_rules,retained_rules,new_rules,removed_rules
legacy_author,1,4318,30,28,2,0
legacy_author,2,4318,27,27,0,1
legacy_author,3,4318,27,27,0,1
legacy_author,4,4318,31,28,3,0
legacy_author,5,4320,30,28,2,0
legacy_author,6,4322,29,27,2,1
legacy_author,7,4320,29,27,2,1
legacy_author,8,4320,30,28,2,0
legacy_author,9,4322,28,28,0,0
legacy_author,10,4320,28,28,0,0
legacy_author,11,4318,28,28,0,0
legacy_author,12,4320,28,28,0,0
legacy_author,13,4320,28,28,0,0
legacy_author,14,4320,28,28,0,0
legacy_author,15,4320,30,28,2,0
legacy_author,16,4318,27,27,0,1
legacy_author,17,4318,27,27,0,1
legacy_author,18,4320,29,27,2,1
legacy_author,19,4320,26,26,0,2
legacy_author,20,4318,26,26,0,2
legacy_author,21,4320,30,28,2,0
legacy_author,22,4320,28,28,0,0
legacy_author,23,4320,29,28,1,0
legacy_author,24,4320,29,27,2,1
legacy_author,25,4320,27,27,0,1
legacy_author,26,4318,31,28,3,0
legacy_author,27,4320,28,28,0,0
legacy_author,28,4318,28,28,0,0
legacy_author,29,4320,27,27,0,1
legacy_author,30,4318,27,27,0,1
legacy_author,31,4320,27,27,0,1
legacy_author,32,4320,26,26,0,2
legacy_author,33,4320,27,27,0,1
legacy_author,34,4322,28,28,0,0
legacy_author,35,4322,32,28,4,0
legacy_author,36,4318,27,27,0,1
legacy_author,37,4322,31,28,3,0
legacy_author,38,4318,28,28,0,0
legacy_author,39,4320,28,28,0,0
legacy_author,40,4320,33,28,5,0
legacy_author,41,4320,33,28,5,0
legacy_author,42,4318,29,28,1,0
legacy_author,43,4320,32,28,4,0
legacy_author,44,4320,35,28,7,0
legacy_author,45,4320,32,28,4,0
legacy_author,46,4318,28,28,0,0
legacy_author,47,4324,30,28,2,0
legacy_author,48,4320,28,28,0,0
legacy_author,49,4318,28,27,1,1
legacy_author,50,4318,28,26,2,2
legacy_author,51,4322,27,27,0,1
legacy_author,52,4322,28,28,0,0
legacy_author,53,4318,27,27,0,1
legacy_author,54,4320,29,27,2,1
legacy_author,55,4320,30,28,2,0
legacy_author,56,4320,26,26,0,2
legacy_author,57,4320,31,28,3,0
legacy_author,58,4320,29,27,2,1
legacy_author,59,4318,30,28,2,0
legacy_author,60,4318,29,28,1,0
legacy_author,61,4318,28,28,0,0
legacy_author,62,4318,30,28,2,0
legacy_author,63,4320,27,27,0,1
legacy_author,64,4318,30,28,2,0
legacy_author,65,4320,28,28,0,0
legacy_author,66,4318,27,27,0,1
legacy_author,67,4318,33,28,5,0
legacy_author,68,4320,27,27,0,1
legacy_author,69,4320,30,28,2,0
legacy_author,70,4320,27,27,0,1
legacy_author,71,4318,28,28,0,0
legacy_author,72,4318,32,28,4,0
legacy_author,73,4326,28,28,0,0
legacy_author,74,4320,34,28,6,0
legacy_author,75,4322,31,28,3,0
legacy_author,76,4318,30,28,2,0
legacy_author,77,4322,28,28,0,0
legacy_author,78,4320,27,27,0,1
legacy_author,79,4324,27,27,0,1
legacy_author,80,4318,29,28,1,0
legacy_author,81,4322,29,28,1,0
legacy_author,82,4322,26,26,0,2
legacy_author,83,4320,31,28,3,0
legacy_author,84,4320,29,27,2,1
legacy_author,85,4320,28,28,0,0
legacy_author,86,4324,30,28,2,0
legacy_author,87,4322,28,28,0,0
legacy_author,88,4318,31,28,3,0
legacy_author,89,4322,29,27,2,1
legacy_author,90,4320,30,28,2,0
legacy_author,91,4318,27,27,0,1
legacy_author,92,4322,28,28,0,0
legacy_author,93,4318,27,27,0,1
legacy_author,94,4320,27,27,0,1
legacy_author,95,4318,27,27,0,1
legacy_author,96,4322,27,27,0,1
legacy_author,97,4318,27,27,0,1
legacy_author,98,4318,29,27,2,1
legacy_author,99,4318,27,27,0,1
legacy_author,100,4320,28,28,0,0
legacy_style,1,4318,10,8,2,0
legacy_style,2,4318,8,8,0,0
legacy_style,3,4318,8,8,0,0
legacy_style,4,4318,11,8,3,0
legacy_style,5,4320,10,8,2,0
legacy_style,6,4322,10,8,2,0
legacy_style,7,4320,10,8,2,0
legacy_style,8,4320,10,8,2,0
legacy_style,9,4322,8,8,0,0
legacy_style,10,4320,8,8,0,0
legacy_style,11,4318,8,8,0,0
legacy_style,12,4320,8,8,0,0
legacy_style,13,4320,8,8,0,0
legacy_style,14,4320,8,8,0,0
legacy_style,15,4320,10,8,2,0
legacy_style,16,4318,8,8,0,0
legacy_style,17,4318,8,8,0,0
legacy_style,18,4320,10,8,2,0
legacy_style,19,4320,8,8,0,0
legacy_style,20,4318,8,8,0,0
legacy_style,21,4320,10,8,2,0
legacy_style,22,4320,8,8,0,0
legacy_style,23,4320,8,8,0,0
legacy_style,24,4320,10,8,2,0
legacy_style,25,4320,8,8,0,0
legacy_style,26,4318,11,8,3,0
legacy_style,27,4320,8,8,0,0
legacy_style,28,4318,8,8,0,0
legacy_style,29,4320,8,8,0,0
legacy_style,30,4318,8,8,0,0
legacy_style,31,4320,8,8,0,0
legacy_style,32,4320,8,8,0,0
legacy_style,33,4320,8,8,0,0
legacy_style,34,4322,8,8,0,0
legacy_style,35,4322,11,8,3,0
legacy_style,36,4318,8,8,0,0
legacy_style,37,4322,11,8,3,0
legacy_style,38,4318,8,8,0,0
legacy_style,39,4320,8,8,0,0
legacy_style,40,4320,10,8,2,0
legacy_style,41,4320,11,8,3,0
legacy_style,42,4318,8,8,0,0
legacy_style,43,4320,11,8,3,0
legacy_style,44,4320,11,8,3,0
legacy_style,45,4320,11,8,3,0
legacy_style,46,4318,8,8,0,0
legacy_style,47,4324,10,8,2,0
legacy_style,48,4320,8,8,0,0
legacy_style,49,4318,8,8,0,0
legacy_style,50,4318,10,8,2,0
legacy_style,51,4322,8,8,0,0
legacy_style,52,4322,8,8,0,0
legacy_style,53,4318,8,8,0,0
legacy_style,54,4320,10,8,2,0
legacy_style,55,4320,10,8,2,0
legacy_style,56,4320,8,8,0,0
legacy_style,57,4320,11,8,3,0
legacy_style,58,4320,10,8,2,0
legacy_style,59,4318,10,8,2,0
legacy_style,60,4318,8,8,0,0
legacy_style,61,4318,8,8,0,0
legacy_style,62,4318,10,8,2,0
legacy_style,63,4320,8,8,0,0
legacy_style,64,4318,10,8,2,0
legacy_style,65,4320,8,8,0,0
legacy_style,66,4318,8,8,0,0
legacy_style,67,4318,12,8,4,0
legacy_style,68,4320,8,8,0,0
legacy_style,69,4320,10,8,2,0
legacy_style,70,4320,8,8,0,0
legacy_style,71,4318,8,8,0,0
legacy_style,72,4318,11,8,3,0
legacy_style,73,4326,8,8,0,0
legacy_style,74,4320,10,8,2,0
legacy_style,75,4322,10,8,2,0
legacy_style,76,4318,10,8,2,0
legacy_style,77,4322,8,8,0,0
legacy_style,78,4320,8,8,0,0
legacy_style,79,4324,8,8,0,0
legacy_style,80,4318,8,8,0,0
legacy_style,81,4322,8,8,0,0
legacy_style,82,4322,8,8,0,0
legacy_style,83,4320,11,8,3,0
legacy_style,84,4320,10,8,2,0
legacy_style,85,4320,8,8,0,0
legacy_style,86,4324,8,8,0,0
legacy_style,87,4322,8,8,0,0
legacy_style,88,4318,10,8,2,0
legacy_style,89,4322,10,8,2,0
legacy_style,90,4320,10,8,2,0
legacy_style,91,4318,8,8,0,0
legacy_style,92,4322,8,8,0,0
legacy_style,93,4318,8,8,0,0
legacy_style,94,4320,8,8,0,0
legacy_style,95,4318,8,8,0,0
legacy_style,96,4322,8,8,0,0
legacy_style,97,4318,8,8,0,0
legacy_style,98,4318,10,8,2,0
legacy_style,99,4318,8,8,0,0
legacy_style,100,4320,8,8,0,0
legacy_pos,1,4318,17,15,2,3
legacy_pos,2,4318,16,16,0,2
legacy_pos,3,4318,16,16,0,2
legacy_pos,4,4318,19,16,3,2
legacy_pos,5,4320,21,18,3,0
legacy_pos,6,4322,20,18,2,0
legacy_pos,7,4320,19,17,2,1
legacy_pos,8,4320,17,15,2,3
legacy_pos,9,4322,18,17,1,1
legacy_pos,10,4320,18,18,0,0
legacy_pos,11,4318,20,18,2,0
legacy_pos,12,4320,18,18,0,0
legacy_pos,13,4320,17,17,0,1
legacy_pos,14,4320,18,18,0,0
legacy_pos,15,4320,19,16,3,2
legacy_pos,16,4318,14,14,0,4
legacy_pos,17,4318,19,18,1,0
legacy_pos,18,4320,18,16,2,2
legacy_pos,19,4320,17,17,0,1
legacy_pos,20,4318,17,17,0,1
legacy_pos,21,4320,20,18,2,0
legacy_pos,22,4320,16,16,0,2
legacy_pos,23,4320,17,17,0,1
legacy_pos,24,4320,17,15,2,3
legacy_pos,25,4320,17,17,0,1
legacy_pos,26,4318,21,18,3,0
legacy_pos,27,4320,18,18,0,0
legacy_pos,28,4318,19,17,2,1
legacy_pos,29,4320,18,18,0,0
legacy_pos,30,4318,18,18,0,0
legacy_pos,31,4320,16,16,0,2
legacy_pos,32,4320,12,12,0,6
legacy_pos,33,4320,18,18,0,0
legacy_pos,34,4322,18,18,0,0
legacy_pos,35,4322,21,17,4,1
legacy_pos,36,4318,19,17,2,1
legacy_pos,37,4322,21,18,3,0
legacy_pos,38,4318,17,17,0,1
legacy_pos,39,4320,18,18,0,0
legacy_pos,40,4320,22,18,4,0
legacy_pos,41,4320,21,18,3,0
legacy_pos,42,4318,17,17,0,1
legacy_pos,43,4320,20,17,3,1
legacy_pos,44,4320,21,18,3,0
legacy_pos,45,4320,20,17,3,1
legacy_pos,46,4318,18,18,0,0
legacy_pos,47,4324,19,17,2,1
legacy_pos,48,4320,17,17,0,1
legacy_pos,49,4318,17,17,0,1
legacy_pos,50,4318,19,17,2,1
legacy_pos,51,4322,18,18,0,0
legacy_pos,52,4322,18,18,0,0
legacy_pos,53,4318,17,17,0,1
legacy_pos,54,4320,20,17,3,1
legacy_pos,55,4320,20,18,2,0
legacy_pos,56,4320,13,13,0,5
legacy_pos,57,4320,23,18,5,0
legacy_pos,58,4320,18,16,2,2
legacy_pos,59,4318,18,16,2,2
legacy_pos,60,4318,17,17,0,1
legacy_pos,61,4318,18,18,0,0
legacy_pos,62,4318,13,11,2,7
legacy_pos,63,4320,18,17,1,1
legacy_pos,64,4318,15,13,2,5
legacy_pos,65,4320,16,16,0,2
legacy_pos,66,4318,17,17,0,1
legacy_pos,67,4318,23,18,5,0
legacy_pos,68,4320,16,16,0,2
legacy_pos,69,4320,20,18,2,0
legacy_pos,70,4320,18,16,2,2
legacy_pos,71,4318,14,13,1,5
legacy_pos,72,4318,21,18,3,0
legacy_pos,73,4326,18,18,0,0
legacy_pos,74,4320,20,17,3,1
legacy_pos,75,4322,19,17,2,1
legacy_pos,76,4318,20,18,2,0
legacy_pos,77,4322,17,17,0,1
legacy_pos,78,4320,18,17,1,1
legacy_pos,79,4324,18,18,0,0
legacy_pos,80,4318,18,18,0,0
legacy_pos,81,4322,18,18,0,0
legacy_pos,82,4322,18,18,0,0
legacy_pos,83,4320,22,18,4,0
legacy_pos,84,4320,20,18,2,0
legacy_pos,85,4320,15,15,0,3
legacy_pos,86,4324,17,17,0,1
legacy_pos,87,4322,16,16,0,2
legacy_pos,88,4318,17,15,2,3
legacy_pos,89,4322,19,16,3,2
legacy_pos,90,4320,19,17,2,1
legacy_pos,91,4318,18,18,0,0
legacy_pos,92,4322,18,18,0,0
legacy_pos,93,4318,17,17,0,1
legacy_pos,94,4320,17,17,0,1
legacy_pos,95,4318,18,17,1,1
legacy_pos,96,4322,15,14,1,4
legacy_pos,97,4318,20,18,2,0
legacy_pos,98,4318,19,17,2,1
legacy_pos,99,4318,17,17,0,1
legacy_pos,100,4320,16,16,0,2
corrected_style,1,4318,0,0,0,0
corrected_style,2,4318,0,0,0,0
corrected_style,3,4318,0,0,0,0
corrected_style,4,4318,0,0,0,0
corrected_style,5,4320,0,0,0,0
corrected_style,6,4322,0,0,0,0
corrected_style,7,4320,0,0,0,0
corrected_style,8,4320,0,0,0,0
corrected_style,9,4322,0,0,0,0
corrected_style,10,4320,0,0,0,0
corrected_style,11,4318,0,0,0,0
corrected_style,12,4320,0,0,0,0
corrected_style,13,4320,0,0,0,0
corrected_style,14,4320,0,0,0,0
corrected_style,15,4320,0,0,0,0
corrected_style,16,4318,0,0,0,0
corrected_style,17,4318,0,0,0,0
corrected_style,18,4320,0,0,0,0
corrected_style,19,4320,0,0,0,0
corrected_style,20,4318,0,0,0,0
corrected_style,21,4320,0,0,0,0
corrected_style,22,4320,0,0,0,0
corrected_style,23,4320,0,0,0,0
corrected_style,24,4320,0,0,0,0
corrected_style,25,4320,0,0,0,0
corrected_style,26,4318,0,0,0,0
corrected_style,27,4320,0,0,0,0
corrected_style,28,4318,0,0,0,0
corrected_style,29,4320,0,0,0,0
corrected_style,30,4318,0,0,0,0
corrected_style,31,4320,0,0,0,0
corrected_style,32,4320,0,0,0,0
corrected_style,33,4320,0,0,0,0
corrected_style,34,4322,1,0,1,0
corrected_style,35,4322,0,0,0,0
corrected_style,36,4318,0,0,0,0
corrected_style,37,4322,0,0,0,0
corrected_style,38,4318,0,0,0,0
corrected_style,39,4320,0,0,0,0
corrected_style,40,4320,0,0,0,0
corrected_style,41,4320,0,0,0,0
corrected_style,42,4318,0,0,0,0
corrected_style,43,4320,0,0,0,0
corrected_style,44,4320,1,0,1,0
corrected_style,45,4320,0,0,0,0
corrected_style,46,4318,0,0,0,0
corrected_style,47,4324,0,0,0,0
corrected_style,48,4320,0,0,0,0
corrected_style,49,4318,0,0,0,0
corrected_style,50,4318,0,0,0,0
corrected_style,51,4322,0,0,0,0
corrected_style,52,4322,0,0,0,0
corrected_style,53,4318,0,0,0,0
corrected_style,54,4320,0,0,0,0
corrected_style,55,4320,0,0,0,0
corrected_style,56,4320,0,0,0,0
corrected_style,57,4320,0,0,0,0
corrected_style,58,4320,0,0,0,0
corrected_style,59,4318,0,0,0,0
corrected_style,60,4318,0,0,0,0
corrected_style,61,4318,0,0,0,0
corrected_style,62,4318,0,0,0,0
corrected_style,63,4320,0,0,0,0
corrected_style,64,4318,0,0,0,0
corrected_style,65,4320,0,0,0,0
corrected_style,66,4318,0,0,0,0
corrected_style,67,4318,0,0,0,0
corrected_style,68,4320,0,0,0,0
corrected_style,69,4320,0,0,0,0
corrected_style,70,4320,0,0,0,0
corrected_style,71,4318,0,0,0,0
corrected_style,72,4318,0,0,0,0
corrected_style,73,4326,0,0,0,0
corrected_style,74,4320,0,0,0,0
corrected_style,75,4322,0,0,0,0
corrected_style,76,4318,0,0,0,0
corrected_style,77,4322,0,0,0,0
corrected_style,78,4320,0,0,0,0
corrected_style,79,4324,0,0,0,0
corrected_style,80,4318,0,0,0,0
corrected_style,81,4322,0,0,0,0
corrected_style,82,4322,0,0,0,0
corrected_style,83,4320,0,0,0,0
corrected_style,84,4320,0,0,0,0
corrected_style,85,4320,0,0,0,0
corrected_style,86,4324,0,0,0,0
corrected_style,87,4322,0,0,0,0
corrected_style,88,4318,0,0,0,0
corrected_style,89,4322,0,0,0,0
corrected_style,90,4320,0,0,0,0
corrected_style,91,4318,0,0,0,0
corrected_style,92,4322,0,0,0,0
corrected_style,93,4318,0,0,0,0
corrected_style,94,4320,0,0,0,0
corrected_style,95,4318,0,0,0,0
corrected_style,96,4322,0,0,0,0
corrected_style,97,4318,0,0,0,0
corrected_style,98,4318,0,0,0,0
corrected_style,99,4318,0,0,0,0
corrected_style,100,4320,0,0,0,0
corrected_pos,1,4318,7,7,0,3
corrected_pos,2,4318,8,8,0,2
corrected_pos,3,4318,8,8,0,2
corrected_pos,4,4318,8,8,0,2
corrected_pos,5,4320,11,10,1,0
corrected_pos,6,4322,10,10,0,0
corrected_pos,7,4320,9,9,0,1
corrected_pos,8,4320,7,7,0,3
corrected_pos,9,4322,10,9,1,1
corrected_pos,10,4320,10,10,0,0
corrected_pos,11,4318,12,10,2,0
corrected_pos,12,4320,10,10,0,0
corrected_pos,13,4320,9,9,0,1
corrected_pos,14,4320,10,10,0,0
corrected_pos,15,4320,9,8,1,2
corrected_pos,16,4318,6,6,0,4
corrected_pos,17,4318,11,10,1,0
corrected_pos,18,4320,8,8,0,2
corrected_pos,19,4320,9,9,0,1
corrected_pos,20,4318,9,9,0,1
corrected_pos,21,4320,10,10,0,0
corrected_pos,22,4320,8,8,0,2
corrected_pos,23,4320,9,9,0,1
corrected_pos,24,4320,7,7,0,3
corrected_pos,25,4320,9,9,0,1
corrected_pos,26,4318,10,10,0,0
corrected_pos,27,4320,10,10,0,0
corrected_pos,28,4318,11,9,2,1
corrected_pos,29,4320,10,10,0,0
corrected_pos,30,4318,10,10,0,0
corrected_pos,31,4320,8,8,0,2
corrected_pos,32,4320,4,4,0,6
corrected_pos,33,4320,10,10,0,0
corrected_pos,34,4322,11,10,1,0
corrected_pos,35,4322,10,9,1,1
corrected_pos,36,4318,11,9,2,1
corrected_pos,37,4322,10,10,0,0
corrected_pos,38,4318,9,9,0,1
corrected_pos,39,4320,10,10,0,0
corrected_pos,40,4320,12,10,2,0
corrected_pos,41,4320,10,10,0,0
corrected_pos,42,4318,9,9,0,1
corrected_pos,43,4320,9,9,0,1
corrected_pos,44,4320,11,10,1,0
corrected_pos,45,4320,9,9,0,1
corrected_pos,46,4318,10,10,0,0
corrected_pos,47,4324,9,9,0,1
corrected_pos,48,4320,9,9,0,1
corrected_pos,49,4318,9,9,0,1
corrected_pos,50,4318,9,9,0,1
corrected_pos,51,4322,10,10,0,0
corrected_pos,52,4322,10,10,0,0
corrected_pos,53,4318,9,9,0,1
corrected_pos,54,4320,10,9,1,1
corrected_pos,55,4320,10,10,0,0
corrected_pos,56,4320,5,5,0,5
corrected_pos,57,4320,12,10,2,0
corrected_pos,58,4320,8,8,0,2
corrected_pos,59,4318,8,8,0,2
corrected_pos,60,4318,9,9,0,1
corrected_pos,61,4318,10,10,0,0
corrected_pos,62,4318,3,3,0,7
corrected_pos,63,4320,10,9,1,1
corrected_pos,64,4318,5,5,0,5
corrected_pos,65,4320,8,8,0,2
corrected_pos,66,4318,9,9,0,1
corrected_pos,67,4318,11,10,1,0
corrected_pos,68,4320,8,8,0,2
corrected_pos,69,4320,10,10,0,0
corrected_pos,70,4320,10,8,2,2
corrected_pos,71,4318,6,5,1,5
corrected_pos,72,4318,10,10,0,0
corrected_pos,73,4326,10,10,0,0
corrected_pos,74,4320,10,9,1,1
corrected_pos,75,4322,9,9,0,1
corrected_pos,76,4318,10,10,0,0
corrected_pos,77,4322,9,9,0,1
corrected_pos,78,4320,10,9,1,1
corrected_pos,79,4324,10,10,0,0
corrected_pos,80,4318,10,10,0,0
corrected_pos,81,4322,10,10,0,0
corrected_pos,82,4322,10,10,0,0
corrected_pos,83,4320,11,10,1,0
corrected_pos,84,4320,10,10,0,0
corrected_pos,85,4320,7,7,0,3
corrected_pos,86,4324,9,9,0,1
corrected_pos,87,4322,8,8,0,2
corrected_pos,88,4318,7,7,0,3
corrected_pos,89,4322,9,8,1,2
corrected_pos,90,4320,9,9,0,1
corrected_pos,91,4318,10,10,0,0
corrected_pos,92,4322,10,10,0,0
corrected_pos,93,4318,9,9,0,1
corrected_pos,94,4320,9,9,0,1
corrected_pos,95,4318,10,9,1,1
corrected_pos,96,4322,7,6,1,4
corrected_pos,97,4318,12,10,2,0
corrected_pos,98,4318,9,9,0,1
corrected_pos,99,4318,9,9,0,1
corrected_pos,100,4320,8,8,0,2
corrected_pos_dep,1,4318,158,142,16,10
corrected_pos_dep,2,4318,146,133,13,19
corrected_pos_dep,3,4318,148,129,19,23
corrected_pos_dep,4,4318,156,136,20,16
corrected_pos_dep,5,4320,151,137,14,15
corrected_pos_dep,6,4322,171,144,27,8
corrected_pos_dep,7,4320,154,134,20,18
corrected_pos_dep,8,4320,146,134,12,18
corrected_pos_dep,9,4322,157,136,21,16
corrected_pos_dep,10,4320,146,137,9,15
corrected_pos_dep,11,4318,173,139,34,13
corrected_pos_dep,12,4320,146,132,14,20
corrected_pos_dep,13,4320,159,140,19,12
corrected_pos_dep,14,4320,152,139,13,13
corrected_pos_dep,15,4320,138,129,9,23
corrected_pos_dep,16,4318,144,129,15,23
corrected_pos_dep,17,4318,159,133,26,19
corrected_pos_dep,18,4320,152,132,20,20
corrected_pos_dep,19,4320,152,137,15,15
corrected_pos_dep,20,4318,159,132,27,20
corrected_pos_dep,21,4320,162,139,23,13
corrected_pos_dep,22,4320,142,126,16,26
corrected_pos_dep,23,4320,144,126,18,26
corrected_pos_dep,24,4320,134,125,9,27
corrected_pos_dep,25,4320,150,133,17,19
corrected_pos_dep,26,4318,146,135,11,17
corrected_pos_dep,27,4320,141,133,8,19
corrected_pos_dep,28,4318,139,129,10,23
corrected_pos_dep,29,4320,155,137,18,15
corrected_pos_dep,30,4318,138,127,11,25
corrected_pos_dep,31,4320,146,128,18,24
corrected_pos_dep,32,4320,149,127,22,25
corrected_pos_dep,33,4320,136,127,9,25
corrected_pos_dep,34,4322,139,127,12,25
corrected_pos_dep,35,4322,154,136,18,16
corrected_pos_dep,36,4318,141,134,7,18
corrected_pos_dep,37,4322,142,128,14,24
corrected_pos_dep,38,4318,149,136,13,16
corrected_pos_dep,39,4320,167,141,26,11
corrected_pos_dep,40,4320,162,138,24,14
corrected_pos_dep,41,4320,165,139,26,13
corrected_pos_dep,42,4318,150,136,14,16
corrected_pos_dep,43,4320,158,141,17,11
corrected_pos_dep,44,4320,162,137,25,15
corrected_pos_dep,45,4320,136,125,11,27
corrected_pos_dep,46,4318,153,141,12,11
corrected_pos_dep,47,4324,141,130,11,22
corrected_pos_dep,48,4320,170,142,28,10
corrected_pos_dep,49,4318,161,138,23,14
corrected_pos_dep,50,4318,148,135,13,17
corrected_pos_dep,51,4322,153,136,17,16
corrected_pos_dep,52,4322,136,129,7,23
corrected_pos_dep,53,4318,162,136,26,16
corrected_pos_dep,54,4320,134,124,10,28
corrected_pos_dep,55,4320,149,131,18,21
corrected_pos_dep,56,4320,125,118,7,34
corrected_pos_dep,57,4320,165,137,28,15
corrected_pos_dep,58,4320,150,128,22,24
corrected_pos_dep,59,4318,158,137,21,15
corrected_pos_dep,60,4318,150,135,15,17
corrected_pos_dep,61,4318,162,139,23,13
corrected_pos_dep,62,4318,142,122,20,30
corrected_pos_dep,63,4320,164,140,24,12
corrected_pos_dep,64,4318,129,125,4,27
corrected_pos_dep,65,4320,149,136,13,16
corrected_pos_dep,66,4318,157,138,19,14
corrected_pos_dep,67,4318,156,139,17,13
corrected_pos_dep,68,4320,158,138,20,14
corrected_pos_dep,69,4320,165,140,25,12
corrected_pos_dep,70,4320,140,125,15,27
corrected_pos_dep,71,4318,141,129,12,23
corrected_pos_dep,72,4318,149,135,14,17
corrected_pos_dep,73,4326,161,134,27,18
corrected_pos_dep,74,4320,150,135,15,17
corrected_pos_dep,75,4322,124,117,7,35
corrected_pos_dep,76,4318,154,137,17,15
corrected_pos_dep,77,4322,139,128,11,24
corrected_pos_dep,78,4320,143,137,6,15
corrected_pos_dep,79,4324,168,141,27,11
corrected_pos_dep,80,4318,152,133,19,19
corrected_pos_dep,81,4322,152,134,18,18
corrected_pos_dep,82,4322,157,140,17,12
corrected_pos_dep,83,4320,156,144,12,8
corrected_pos_dep,84,4320,151,136,15,16
corrected_pos_dep,85,4320,151,140,11,12
corrected_pos_dep,86,4324,146,133,13,19
corrected_pos_dep,87,4322,153,134,19,18
corrected_pos_dep,88,4318,179,148,31,4
corrected_pos_dep,89,4322,149,126,23,26
corrected_pos_dep,90,4320,124,116,8,36
corrected_pos_dep,91,4318,155,136,19,16
corrected_pos_dep,92,4322,157,141,16,11
corrected_pos_dep,93,4318,159,139,20,13
corrected_pos_dep,94,4320,155,133,22,19
corrected_pos_dep,95,4318,158,135,23,17
corrected_pos_dep,96,4322,142,126,16,26
corrected_pos_dep,97,4318,140,132,8,20
corrected_pos_dep,98,4318,162,138,24,14
corrected_pos_dep,99,4318,147,128,19,24
corrected_pos_dep,100,4320,154,136,18,16
corrected_pos_dep_complete,1,4318,180,154,26,18
corrected_pos_dep_complete,2,4318,160,148,12,24
corrected_pos_dep_complete,3,4318,172,152,20,20
corrected_pos_dep_complete,4,4318,186,156,30,16
corrected_pos_dep_complete,5,4320,180,157,23,15
corrected_pos_dep_complete,6,4322,189,159,30,13
corrected_pos_dep_complete,7,4320,174,146,28,26
corrected_pos_dep_complete,8,4320,176,149,27,23
corrected_pos_dep_complete,9,4322,170,149,21,23
corrected_pos_dep_complete,10,4320,170,150,20,22
corrected_pos_dep_complete,11,4318,192,161,31,11
corrected_pos_dep_complete,12,4320,154,140,14,32
corrected_pos_dep_complete,13,4320,153,146,7,26
corrected_pos_dep_complete,14,4320,190,152,38,20
corrected_pos_dep_complete,15,4320,170,151,19,21
corrected_pos_dep_complete,16,4318,160,139,21,33
corrected_pos_dep_complete,17,4318,191,163,28,9
corrected_pos_dep_complete,18,4320,163,145,18,27
corrected_pos_dep_complete,19,4320,153,136,17,36
corrected_pos_dep_complete,20,4318,175,149,26,23
corrected_pos_dep_complete,21,4320,184,157,27,15
corrected_pos_dep_complete,22,4320,168,145,23,27
corrected_pos_dep_complete,23,4320,172,148,24,24
corrected_pos_dep_complete,24,4320,173,154,19,18
corrected_pos_dep_complete,25,4320,154,138,16,34
corrected_pos_dep_complete,26,4318,158,148,10,24
corrected_pos_dep_complete,27,4320,157,149,8,23
corrected_pos_dep_complete,28,4318,164,147,17,25
corrected_pos_dep_complete,29,4320,171,150,21,22
corrected_pos_dep_complete,30,4318,171,156,15,16
corrected_pos_dep_complete,31,4320,169,147,22,25
corrected_pos_dep_complete,32,4320,168,147,21,25
corrected_pos_dep_complete,33,4320,174,157,17,15
corrected_pos_dep_complete,34,4322,175,156,19,16
corrected_pos_dep_complete,35,4322,183,159,24,13
corrected_pos_dep_complete,36,4318,168,150,18,22
corrected_pos_dep_complete,37,4322,167,153,14,19
corrected_pos_dep_complete,38,4318,160,144,16,28
corrected_pos_dep_complete,39,4320,193,158,35,14
corrected_pos_dep_complete,40,4320,188,158,30,14
corrected_pos_dep_complete,41,4320,190,160,30,12
corrected_pos_dep_complete,42,4318,166,148,18,24
corrected_pos_dep_complete,43,4320,176,160,16,12
corrected_pos_dep_complete,44,4320,183,157,26,15
corrected_pos_dep_complete,45,4320,141,135,6,37
corrected_pos_dep_complete,46,4318,181,156,25,16
corrected_pos_dep_complete,47,4324,170,152,18,20
corrected_pos_dep_complete,48,4320,189,160,29,12
corrected_pos_dep_complete,49,4318,169,150,19,22
corrected_pos_dep_complete,50,4318,177,154,23,18
corrected_pos_dep_complete,51,4322,191,160,31,12
corrected_pos_dep_complete,52,4322,163,146,17,26
corrected_pos_dep_complete,53,4318,182,155,27,17
corrected_pos_dep_complete,54,4320,163,144,19,28
corrected_pos_dep_complete,55,4320,190,159,31,13
corrected_pos_dep_complete,56,4320,168,143,25,29
corrected_pos_dep_complete,57,4320,187,158,29,14
corrected_pos_dep_complete,58,4320,174,148,26,24
corrected_pos_dep_complete,59,4318,173,155,18,17
corrected_pos_dep_complete,60,4318,158,149,9,23
corrected_pos_dep_complete,61,4318,189,163,26,9
corrected_pos_dep_complete,62,4318,162,142,20,30
corrected_pos_dep_complete,63,4320,170,151,19,21
corrected_pos_dep_complete,64,4318,156,137,19,35
corrected_pos_dep_complete,65,4320,169,147,22,25
corrected_pos_dep_complete,66,4318,169,152,17,20
corrected_pos_dep_complete,67,4318,183,157,26,15
corrected_pos_dep_complete,68,4320,191,159,32,13
corrected_pos_dep_complete,69,4320,178,152,26,20
corrected_pos_dep_complete,70,4320,151,137,14,35
corrected_pos_dep_complete,71,4318,171,151,20,21
corrected_pos_dep_complete,72,4318,179,158,21,14
corrected_pos_dep_complete,73,4326,199,161,38,11
corrected_pos_dep_complete,74,4320,186,151,35,21
corrected_pos_dep_complete,75,4322,152,141,11,31
corrected_pos_dep_complete,76,4318,187,156,31,16
corrected_pos_dep_complete,77,4322,150,139,11,33
corrected_pos_dep_complete,78,4320,154,143,11,29
corrected_pos_dep_complete,79,4324,179,156,23,16
corrected_pos_dep_complete,80,4318,203,165,38,7
corrected_pos_dep_complete,81,4322,191,158,33,14
corrected_pos_dep_complete,82,4322,167,151,16,21
corrected_pos_dep_complete,83,4320,175,155,20,17
corrected_pos_dep_complete,84,4320,170,152,18,20
corrected_pos_dep_complete,85,4320,174,155,19,17
corrected_pos_dep_complete,86,4324,166,148,18,24
corrected_pos_dep_complete,87,4322,165,149,16,23
corrected_pos_dep_complete,88,4318,192,158,34,14
corrected_pos_dep_complete,89,4322,179,148,31,24
corrected_pos_dep_complete,90,4320,155,142,13,30
corrected_pos_dep_complete,91,4318,188,167,21,5
corrected_pos_dep_complete,92,4322,180,153,27,19
corrected_pos_dep_complete,93,4318,173,151,22,21
corrected_pos_dep_complete,94,4320,180,149,31,23
corrected_pos_dep_complete,95,4318,192,160,32,12
corrected_pos_dep_complete,96,4322,152,137,15,35
corrected_pos_dep_complete,97,4318,178,152,26,20
corrected_pos_dep_complete,98,4318,187,154,33,18
corrected_pos_dep_complete,99,4318,163,147,16,25
corrected_pos_dep_complete,100,4320,175,154,21,18
