config,C,w_meta,k_chi2,n_feats,f1_treino,f1_cv,f1_cv_std,gap,delta_cv,delta_std,folds_melhores,fit_time_s
B0,0.1,,all,114301,0.986631,0.920303,0.014187,0.066328,-0.009201,0.006279,0,9.869324
B0,0.3,,all,114301,0.999653,0.926379,0.011058,0.073274,-0.003125,0.002727,1,10.100654
B0,1.0,,all,114301,1.0,0.929504,0.009936,0.070496,0.0,0.0,0,10.351366
B0,3.0,,all,114301,1.0,0.928289,0.007419,0.071711,-0.001215,0.003584,2,10.870057
B0,10.0,,all,114301,1.0,0.928289,0.006578,0.071711,-0.001215,0.004745,2,13.500944
M2,0.1,0.03,all,114325,0.987283,0.925158,0.013199,0.062124,-0.004346,0.006454,2,9.903055
M2,0.1,0.1,all,114325,0.979123,0.915424,0.007767,0.063699,-0.01408,0.005935,0,10.060644
M2,0.1,0.3,all,114325,0.974826,0.909688,0.007429,0.065138,-0.019816,0.005659,0,10.545193
M2,0.1,1.0,all,114325,0.974262,0.908648,0.007353,0.065614,-0.020856,0.004993,0,12.986934
M2,0.1,3.0,all,114325,0.974045,0.908474,0.007715,0.065571,-0.02103,0.004882,0,18.056405
M2,0.3,0.03,all,114325,0.999436,0.930712,0.011725,0.068723,0.001209,0.003371,3,10.905239
M2,0.3,0.1,all,114325,0.998828,0.927412,0.007095,0.071416,-0.002092,0.004044,2,10.550317
M2,0.3,0.3,all,114325,0.998611,0.924804,0.007349,0.073807,-0.0047,0.005034,1,10.890311
M2,0.3,1.0,all,114325,0.998611,0.924456,0.007735,0.074155,-0.005048,0.005592,1,12.609449
M2,0.3,3.0,all,114325,0.998611,0.924455,0.00821,0.074156,-0.005048,0.005344,1,17.469318
M2,1.0,0.03,all,114325,1.0,0.934362,0.010285,0.065638,0.004859,0.002611,5,10.630837
M2,1.0,0.1,all,114325,1.0,0.931064,0.00656,0.068936,0.00156,0.004822,2,10.850281
M2,1.0,0.3,all,114325,1.0,0.928286,0.007424,0.071714,-0.001218,0.00473,2,11.899238
M2,1.0,1.0,all,114325,1.0,0.928286,0.007258,0.071714,-0.001217,0.005154,2,15.439025
M2,1.0,3.0,all,114325,1.0,0.92846,0.007602,0.07154,-0.001044,0.00509,2,24.453999
M2,3.0,0.03,all,114325,1.0,0.933323,0.010797,0.066677,0.003819,0.003138,4,14.231427
M2,3.0,0.1,all,114325,1.0,0.930198,0.008158,0.069802,0.000694,0.0045,3,15.995053
M2,3.0,0.3,all,114325,1.0,0.928634,0.006711,0.071366,-0.00087,0.006601,2,13.782793
M2,3.0,1.0,all,114325,1.0,0.928459,0.007603,0.071541,-0.001045,0.005293,2,17.105441
M2,3.0,3.0,all,114325,1.0,0.92846,0.007173,0.07154,-0.001044,0.005651,2,21.171532
M2,10.0,0.03,all,114325,1.0,0.933323,0.010237,0.066677,0.003819,0.003873,4,16.301958
M2,10.0,0.1,all,114325,1.0,0.930371,0.007756,0.069629,0.000867,0.005145,3,14.548367
M2,10.0,0.3,all,114325,1.0,0.929676,0.007449,0.070324,0.000172,0.00589,2,17.177399
M2,10.0,1.0,all,114325,1.0,0.928809,0.00668,0.071191,-0.000695,0.006043,3,16.447467
M2,10.0,3.0,all,114325,1.0,0.929851,0.006528,0.070149,0.000348,0.00595,2,18.647982
S1,0.1,,all,24,0.785196,0.782442,0.008228,0.002754,-0.147062,0.007717,0,0.031375
S1,0.3,,all,24,0.785153,0.782093,0.008272,0.00306,-0.147411,0.007329,0,0.031142
S1,1.0,,all,24,0.785282,0.782093,0.008272,0.00319,-0.147411,0.007329,0,0.030905
S1,3.0,,all,24,0.785282,0.782093,0.008272,0.00319,-0.147411,0.007329,0,0.029745
S1,10.0,,all,24,0.785282,0.782093,0.008272,0.00319,-0.147411,0.007329,0,0.030538
M2,1.0,0.03,20000,20024,0.995226,0.935752,0.00614,0.059474,0.006248,0.007556,3,9.630348
M2,1.0,0.03,50000,50024,0.99987,0.939747,0.006556,0.060123,0.010243,0.005362,5,10.648407
