modelo,C,f1_treino,f1_cv,f1_cv_std,gap,fold1,fold2,fold3,fold4,fold5
SVC,0.01,0.921083881184766,0.8801700493064892,0.012333836312773641,0.040913831878276796,0.8923598133658055,0.8593682179889077,0.8931788592205381,0.8775154715592511,0.8784278843979436
SVC,0.03,0.9564233796190745,0.9024263585103022,0.014991711712495878,0.05399702110877236,0.9088540979863657,0.8758679620195267,0.9175316772854177,0.8966838724555894,0.9131941828046115
SVC,0.1,0.9866313916700424,0.9203031278786682,0.014187086262679996,0.06632826379137424,0.922738339878058,0.8975496816515531,0.9418349745249186,0.9166664154924271,0.922726227846384
SVC,0.3,0.9996527776878394,0.9263787392347413,0.011058446991108,0.0732740384530981,0.9279448191875856,0.9097048041674706,0.9444402579042716,0.925345197081084,0.9244586178332955
SVC,1.0,1.0,0.9295038420963457,0.009935818364693288,0.07049615790365427,0.9331512093659449,0.9166603868564074,0.9461747151383614,0.9279448191875856,0.9235880799334291
SVC,3.0,1.0,0.928288705240975,0.007418884305732527,0.07171129475902505,0.9279422126931614,0.9192634721017526,0.9418328704872507,0.925343621895346,0.927061349027364
SVC,10.0,1.0,0.9282891866242711,0.006578105597960814,0.07171081337572893,0.9270692649044955,0.9201328707373904,0.9400965382629896,0.925345197081084,0.9288020621353954
LR,0.01,0.8702684467257742,0.8417427742632521,0.010131260944770947,0.028525672462522134,0.8479499260490588,0.821902467166661,0.843379900420554,0.8459500930400876,0.8495314846398989
LR,0.03,0.894206098198319,0.8576863129158498,0.01221022157264537,0.03651978528246913,0.8714809063635405,0.8349978289188016,0.8635424313596489,0.8600658054070285,0.8583445925302301
LR,0.1,0.9261208872702242,0.8836504837729915,0.012859672819167247,0.042470403497232745,0.895833019365534,0.8628368867011704,0.8983896465756337,0.8827572845103466,0.8784355817122734
LR,0.3,0.957551706867257,0.9019067101021181,0.014648945036621796,0.0556449967651389,0.9079861111111112,0.875,0.9175316772854177,0.8992946283233858,0.9097211337906754
LR,1.0,0.9851122098005785,0.9182231387653959,0.013609438257516622,0.0668890710351826,0.9175316772854177,0.8966919696785867,0.9383668945104248,0.9140624352442877,0.924462717108263
LR,3.0,0.9986979156078452,0.9241259502762402,0.012528519049077019,0.07457196533160493,0.9227402029305491,0.9045035268583831,0.943575325960248,0.921875,0.927935695632021
LR,10.0,1.0,0.9281183801528711,0.010862217952243475,0.07188161984712893,0.9262147773897121,0.9097124253933804,0.9427067791552506,0.9279500316107783,0.9340078872152342
