antecedents,consequents,antecedent support,consequent support,support,confidence,lift,representativity,leverage,conviction,zhangs_metric,jaccard,certainty,kulczynski,passes_filters,features,itemset_size,rule_size,pattern_id,rule_id
"[""POS_ADV_rate_alto"", ""uppercaseRatio_baixo""]","[""DEP_complete_advmod_rate_alto""]",0.13726851851851851,0.24629629629629629,0.09768518518518518,0.71163575042158511,2.8893481596064357,1,0.063876457475994519,2.6137210309724925,0.75794287109437108,0.34170040485829956,0.61740369834804898,0.55412614588748421,True,"[""DEP_complete_advmod_rate_alto"", ""POS_ADV_rate_alto"", ""uppercaseRatio_baixo""]",3,3,e9d1653f6fde,085a0170a18a
"[""DEP_complete_advmod_rate_alto"", ""uppercaseRatio_baixo""]","[""POS_ADV_rate_alto""]",0.12384259259259259,0.27337962962962964,0.09768518518518518,0.78878504672897198,2.8853102471373062,1,0.063829143089849105,3.4401937889216656,0.74577560462539205,0.32612055641421944,0.70931870081846404,0.57305467408421507,True,"[""DEP_complete_advmod_rate_alto"", ""POS_ADV_rate_alto"", ""uppercaseRatio_baixo""]",3,3,e9d1653f6fde,3e0549b9ca99
"[""DEP_complete_amod_rate_alto"", ""uppercaseRatio_baixo""]","[""POS_ADJ_rate_alto""]",0.12199074074074075,0.25208333333333333,0.08819444444444445,0.7229601518026566,2.8679410980601254,1,0.057442611882716058,2.6996718036529685,0.74181199931079012,0.30850202429149803,0.62958460408154648,0.53641120537791231,True,"[""DEP_complete_amod_rate_alto"", ""POS_ADJ_rate_alto"", ""uppercaseRatio_baixo""]",3,3,c831946199a6,b86a16fc9dbf
"[""DEP_complete_ccomp_rate_baixo"", ""POS_ADJ_rate_alto""]","[""DEP_complete_amod_rate_alto""]",0.1763888888888889,0.24814814814814815,0.12546296296296297,0.71128608923884518,2.8663767775296747,1,0.081692386831275721,2.6041414141414143,0.79057640492087888,0.41950464396284837,0.61599627632752807,0.60844155208210915,True,"[""DEP_complete_amod_rate_alto"", ""DEP_complete_ccomp_rate_baixo"", ""POS_ADJ_rate_alto""]",3,3,6b5319dd01d4,e269d730129b
"[""DEP_complete_amod_rate_alto""]","[""DEP_complete_ccomp_rate_baixo"", ""POS_ADJ_rate_alto""]",0.24814814814814815,0.1763888888888889,0.12546296296296297,0.50559701492537312,2.8663767775296742,1,0.081692386831275721,1.6658700209643604,0.86603166524276065,0.41950464396284837,0.3997130703984294,0.60844155208210915,True,"[""DEP_complete_amod_rate_alto"", ""DEP_complete_ccomp_rate_baixo"", ""POS_ADJ_rate_alto""]",3,3,6b5319dd01d4,9cd4a8d1d951
"[""DEP_complete_advmod_rate_alto"", ""DEP_complete_ccomp_rate_baixo""]","[""POS_ADV_rate_alto""]",0.15046296296296297,0.27337962962962964,0.11736111111111111,0.78000000000000003,2.8531752751905164,1,0.076227602023319616,3.3028198653198659,0.76454971005379735,0.38293051359516617,0.69722841669321445,0.6046486028789162,True,"[""DEP_complete_advmod_rate_alto"", ""DEP_complete_ccomp_rate_baixo"", ""POS_ADV_rate_alto""]",3,3,bdc3eca659c3,78c9d6295152
"[""DEP_complete_advmod_rate_alto""]","[""POS_ADV_rate_alto""]",0.24629629629629629,0.27337962962962964,0.19143518518518518,0.77725563909774431,2.8431366307385737,1,0.12410279492455417,3.2621268948273161,0.8601202059485008,0.58321579689703806,0.69345153262257264,0.73875483055649283,True,"[""DEP_complete_advmod_rate_alto"", ""POS_ADV_rate_alto""]",2,2,8791b16a98cf,4e5185513dfb
"[""POS_ADV_rate_alto""]","[""DEP_complete_advmod_rate_alto""]",0.27337962962962964,0.24629629629629629,0.19143518518518518,0.70025402201524123,2.8431366307385733,1,0.12410279492455417,2.5144747855199827,0.89217948090739696,0.58321579689703806,0.60230263363201531,0.73875483055649283,True,"[""DEP_complete_advmod_rate_alto"", ""POS_ADV_rate_alto""]",2,2,8791b16a98cf,cd646a1e0e24
"[""DEP_complete_advcl_rate_baixo"", ""POS_ADV_rate_alto""]","[""DEP_complete_advmod_rate_alto""]",0.16620370370370371,0.24629629629629629,0.1150462962962963,0.69220055710306405,2.8104383521477789,1,0.074110939643347057,2.4486844310373721,0.77259112699517485,0.38677042801556427,0.59161744677065009,0.57965291013047937,True,"[""DEP_complete_advcl_rate_baixo"", ""DEP_complete_advmod_rate_alto"", ""POS_ADV_rate_alto""]",3,3,2e76ac323433,a02bd7dfc0b7
"[""DEP_complete_advcl_rate_baixo"", ""POS_ADJ_rate_alto""]","[""DEP_complete_amod_rate_alto""]",0.16805555555555557,0.24814814814814815,0.11643518518518518,0.69283746556473824,2.7920315776489453,1,0.074732510288065837,2.44773293472845,0.77149125281698783,0.38841698841698835,0.59145869804177009,0.58102694173759306,True,"[""DEP_complete_advcl_rate_baixo"", ""DEP_complete_amod_rate_alto"", ""POS_ADJ_rate_alto""]",3,3,d3157b07ed0e,4e4fe7096fbc
"[""DEP_complete_advcl_rate_baixo"", ""DEP_complete_advmod_rate_alto""]","[""POS_ADV_rate_alto""]",0.15138888888888888,0.27337962962962964,0.1150462962962963,0.75993883792048933,2.7797932089894273,1,0.073659657921810701,3.0268135173389958,0.75448105984515934,0.37144992526158455,0.66961955393963479,0.59038432158513876,True,"[""DEP_complete_advcl_rate_baixo"", ""DEP_complete_advmod_rate_alto"", ""POS_ADV_rate_alto""]",3,3,2e76ac323433,dba1f65c01fb
"[""DEP_complete_ccomp_rate_baixo"", ""POS_ADV_rate_alto""]","[""DEP_complete_advmod_rate_alto""]",0.1738425925925926,0.24629629629629629,0.11736111111111111,0.67509986684420764,2.7410069781644522,1,0.074544324417009603,2.3198011536126288,0.768825128503556,0.38761467889908252,0.568928570260128,0.57580181312135192,True,"[""DEP_complete_advmod_rate_alto"", ""DEP_complete_ccomp_rate_baixo"", ""POS_ADV_rate_alto""]",3,3,bdc3eca659c3,8c878fca3934
"[""DEP_complete_advcl_rate_baixo"", ""DEP_complete_amod_rate_alto""]","[""POS_ADJ_rate_alto""]",0.16921296296296295,0.25208333333333333,0.11643518518518518,0.68809849521203836,2.7296469231551934,1,0.073779417438271599,2.3979258040935676,0.76271321638295053,0.38192862566438879,0.58297291838935494,0.57499506946093193,True,"[""DEP_complete_advcl_rate_baixo"", ""DEP_complete_amod_rate_alto"", ""POS_ADJ_rate_alto""]",3,3,d3157b07ed0e,e55317482dd0
"[""DEP_complete_amod_rate_alto""]","[""POS_ADJ_rate_alto""]",0.24814814814814815,0.25208333333333333,0.17060185185185187,0.68750000000000011,2.727272727272728,1,0.10804783950617286,2.3933333333333344,0.8423645320197044,0.51755617977528101,0.58217270194986093,0.68213383838383845,True,"[""DEP_complete_amod_rate_alto"", ""POS_ADJ_rate_alto""]",2,2,99f5ddc61283,93067993be40
"[""POS_ADJ_rate_alto""]","[""DEP_complete_amod_rate_alto""]",0.25208333333333333,0.24814814814814815,0.17060185185185187,0.6767676767676768,2.7272727272727275,1,0.10804783950617286,2.3260416666666668,0.84679665738161569,0.51755617977528101,0.57008508732646668,0.68213383838383845,True,"[""DEP_complete_amod_rate_alto"", ""POS_ADJ_rate_alto""]",2,2,99f5ddc61283,d0a1d36e551d
"[""DEP_complete_amod_rate_alto"", ""DEP_complete_ccomp_rate_baixo""]","[""POS_ADJ_rate_alto""]",0.18356481481481482,0.25208333333333333,0.12546296296296297,0.68348045397225732,2.7113274207163927,1,0.079189332561728401,2.3629399070385131,0.77308888626170069,0.40447761194029863,0.57679837857014904,0.59059238492919575,True,"[""DEP_complete_amod_rate_alto"", ""DEP_complete_ccomp_rate_baixo"", ""POS_ADJ_rate_alto""]",3,3,6b5319dd01d4,60d93eae3b97
"[""POS_ADJ_rate_alto"", ""uppercaseRatio_baixo""]","[""DEP_complete_amod_rate_alto""]",0.13148148148148148,0.24814814814814815,0.08819444444444445,0.67077464788732399,2.7031217153668279,1,0.055567558299039789,2.2836997425232726,0.7254391708499125,0.30262112787926926,0.56211406369249994,0.51309254782425906,True,"[""DEP_complete_amod_rate_alto"", ""POS_ADJ_rate_alto"", ""uppercaseRatio_baixo""]",3,3,c831946199a6,9bccb51eba98
"[""DEP_complete_advmod_rate_baixo"", ""POS_PROPN_rate_alto""]","[""POS_ADV_rate_baixo""]",0.12986111111111112,0.29583333333333334,0.099537037037037035,0.76648841354723696,2.590946750018829,1,0.061119791666666659,3.0155534351145019,0.70568124872399252,0.30518097941802691,0.66838591272980397,0.55147581866720219,True,"[""DEP_complete_advmod_rate_baixo"", ""POS_ADV_rate_baixo"", ""POS_PROPN_rate_alto""]",3,3,b4538c62c388,1682d9e0f598
"[""DEP_complete_advmod_rate_baixo"", ""diversidade_baixo""]","[""POS_ADV_rate_baixo""]",0.11134259259259259,0.29583333333333334,0.083796296296296299,0.75259875259875264,2.5439957834324032,1,0.050857445987654328,2.8462535014005605,0.68296014011475714,0.25912670007158195,0.6486609504360985,0.51792691933537005,True,"[""DEP_complete_advmod_rate_baixo"", ""POS_ADV_rate_baixo"", ""diversidade_baixo""]",3,3,5b2d95cb7042,1c91a4d2d5e3
"[""POS_NOUN_rate_alto"", ""uppercaseRatio_baixo""]","[""POS_PROPN_rate_baixo""]",0.13333333333333333,0.25185185185185183,0.084027777777777785,0.63020833333333337,2.5022977941176476,1,0.050447530864197544,2.023161189358373,0.69273151091332918,0.27901614142966952,0.50572400990099009,0.48192401960784315,True,"[""POS_NOUN_rate_alto"", ""POS_PROPN_rate_baixo"", ""uppercaseRatio_baixo""]",3,3,23e40fe6924d,ad056bd1509b
"[""DEP_complete_ccomp_rate_baixo"", ""POS_ADJ_rate_baixo""]","[""DEP_complete_amod_rate_baixo""]",0.16018518518518518,0.25231481481481483,0.10023148148148148,0.62572254335260113,2.4799278782415017,1,0.059814386145404658,1.9976762476762473,0.71058816339937514,0.32097850259451444,0.49941838615580092,0.51148512488730968,True,"[""DEP_complete_amod_rate_baixo"", ""DEP_complete_ccomp_rate_baixo"", ""POS_ADJ_rate_baixo""]",3,3,fbe65fdd4c47,b337b9d9f141
"[""DEP_complete_advmod_rate_baixo"", ""POS_NOUN_rate_alto""]","[""POS_ADV_rate_baixo""]",0.12453703703703704,0.29583333333333334,0.091203703703703703,0.73234200743494415,2.4755222786533322,1,0.054361496913580241,2.6308449074074063,0.68083387244414495,0.27707454289732764,0.619893975055542,0.52031810856880223,True,"[""DEP_complete_advmod_rate_baixo"", ""POS_ADV_rate_baixo"", ""POS_NOUN_rate_alto""]",3,3,f4d7d942f5b9,7672be5fe501
"[""DEP_complete_advcl_rate_baixo"", ""POS_ADJ_rate_baixo""]","[""DEP_complete_amod_rate_baixo""]",0.16458333333333333,0.25231481481481483,0.1025462962962963,0.62306610407876239,2.4693996051561959,1,0.061019483024691359,1.9835976368159207,0.71227124063430591,0.32621502209131076,0.49586550143041908,0.51474406121369309,True,"[""DEP_complete_advcl_rate_baixo"", ""DEP_complete_amod_rate_baixo"", ""POS_ADJ_rate_baixo""]",3,3,3f00ff4e1e5c,4a368dd7da93
"[""POS_ADJ_rate_baixo""]","[""DEP_complete_amod_rate_baixo""]",0.26111111111111113,0.25231481481481483,0.16018518518518518,0.61347517730496448,2.4313878586765565,1,0.094302983539094637,1.934378185524974,0.79675344430440254,0.45347313237221493,0.48303800803636121,0.62416878131303266,True,"[""DEP_complete_amod_rate_baixo"", ""POS_ADJ_rate_baixo""]",2,2,d6fbfa466360,6b4e88a1a688
"[""DEP_complete_amod_rate_baixo""]","[""POS_ADJ_rate_baixo""]",0.25231481481481483,0.26111111111111113,0.16018518518518518,0.63486238532110084,2.431387858676556,1,0.094302983539094637,2.0235901730876602,0.78737987437140966,0.45347313237221493,0.50582879216389587,0.62416878131303266,True,"[""DEP_complete_amod_rate_baixo"", ""POS_ADJ_rate_baixo""]",2,2,d6fbfa466360,f0e5fd666c3c
"[""DEP_complete_advcl_rate_baixo"", ""POS_ADV_rate_baixo""]","[""DEP_complete_advmod_rate_baixo""]",0.20000000000000001,0.40370370370370373,0.19560185185185186,0.9780092592592593,2.4225917431192658,1,0.11486111111111111,27.115789473684263,0.73402366863905311,0.47929665343165057,0.96312111801242239,0.73126380394155621,True,"[""DEP_complete_advcl_rate_baixo"", ""DEP_complete_advmod_rate_baixo"", ""POS_ADV_rate_baixo""]",3,3,42af3e872bff,28e765366809
"[""DEP_complete_advmod_rate_baixo"", ""uppercaseRatio_alto""]","[""POS_ADV_rate_baixo""]",0.11643518518518518,0.29583333333333334,0.083101851851851857,0.71371769383697814,2.4125668524066866,1,0.048656442901234574,2.4596932870370369,0.66266073999692043,0.25246132208157529,0.59344524568564949,0.49731268103429505,True,"[""DEP_complete_advmod_rate_baixo"", ""POS_ADV_rate_baixo"", ""uppercaseRatio_alto""]",3,3,66da8bd24b0a,8ad14f0a9255
"[""DEP_complete_advmod_rate_baixo"", ""POS_PRON_rate_baixo""]","[""POS_ADV_rate_baixo""]",0.15717592592592591,0.29583333333333334,0.11180555555555556,0.71134020618556715,2.404530274430086,1,0.065307677469135808,2.439434523809525,0.69304897125729914,0.32767978290366351,0.59006893186116049,0.54463723924301832,True,"[""DEP_complete_advmod_rate_baixo"", ""POS_ADV_rate_baixo"", ""POS_PRON_rate_baixo""]",3,3,432397db65dd,7ecbee81e520
"[""DEP_complete_ccomp_rate_baixo"", ""POS_ADV_rate_baixo""]","[""DEP_complete_advmod_rate_baixo""]",0.18981481481481483,0.40370370370370373,0.18379629629629629,0.96829268292682924,2.3985231595435219,1,0.10716735253772289,18.80626780626779,0.7196833393306945,0.44858757062146887,0.94682623844871983,0.71178395614231371,True,"[""DEP_complete_advmod_rate_baixo"", ""DEP_complete_ccomp_rate_baixo"", ""POS_ADV_rate_baixo""]",3,3,54483f415ed6,0188b93c3da2
"[""DEP_complete_amod_rate_baixo"", ""DEP_complete_ccomp_rate_baixo""]","[""POS_ADJ_rate_baixo""]",0.16064814814814815,0.26111111111111113,0.10023148148148148,0.62391930835734866,2.389478202219633,1,0.058284465020576125,1.9647083865474668,0.69279478847278242,0.31173506119510436,0.4910186128144568,0.50389227829214955,True,"[""DEP_complete_amod_rate_baixo"", ""DEP_complete_ccomp_rate_baixo"", ""POS_ADJ_rate_baixo""]",3,3,fbe65fdd4c47,4c8747e58bd3
"[""POS_ADV_rate_baixo"", ""POS_NOUN_rate_alto""]","[""DEP_complete_advmod_rate_baixo""]",0.094675925925925927,0.40370370370370373,0.091203703703703703,0.96332518337408313,2.386218344137637,1,0.052982681755829902,16.259012345679011,0.64167835870971757,0.22399090392268331,0.93849564913666095,0.59462130728337181,True,"[""DEP_complete_advmod_rate_baixo"", ""POS_ADV_rate_baixo"", ""POS_NOUN_rate_alto""]",3,3,f4d7d942f5b9,6490c35101fc
"[""POS_ADV_rate_baixo"", ""diversidade_baixo""]","[""DEP_complete_advmod_rate_baixo""]",0.087499999999999994,0.40370370370370373,0.083796296296296299,0.95767195767195779,2.3722149410222806,1,0.048472222222222222,14.087500000000038,0.63392113827291308,0.20568181818181819,0.92901508429458746,0.58262038250570369,True,"[""DEP_complete_advmod_rate_baixo"", ""POS_ADV_rate_baixo"", ""diversidade_baixo""]",3,3,5b2d95cb7042,f96a83c59f01
"[""DEP_complete_advcl_rate_baixo"", ""DEP_complete_amod_rate_baixo""]","[""POS_ADJ_rate_baixo""]",0.16574074074074074,0.26111111111111113,0.1025462962962963,0.61871508379888274,2.3695471294425294,1,0.059269547325102881,1.9378917378917382,0.6928043332840611,0.31620271234832265,0.4839753013819465,0.50572279012639176,True,"[""DEP_complete_advcl_rate_baixo"", ""DEP_complete_amod_rate_baixo"", ""POS_ADJ_rate_baixo""]",3,3,3f00ff4e1e5c,21b5fe3df3c8
"[""POS_ADV_rate_baixo"", ""uppercaseRatio_alto""]","[""DEP_complete_advmod_rate_baixo""]",0.087037037037037038,0.40370370370370373,0.083101851851851857,0.95478723404255328,2.3650692953347647,1,0.047964677640603567,13.188671023965167,0.63220462519846088,0.20386144236229417,0.92417734901546189,0.58031792894788214,True,"[""DEP_complete_advmod_rate_baixo"", ""POS_ADV_rate_baixo"", ""uppercaseRatio_alto""]",3,3,66da8bd24b0a,8cc2971bb606
"[""DEP_complete_advmod_rate_baixo"", ""POS_VERB_rate_baixo""]","[""POS_ADV_rate_baixo""]",0.11828703703703704,0.29583333333333334,0.082638888888888887,0.69863013698630139,2.3615666602353849,1,0.047645640432098763,2.3365530303030302,0.65390020539588889,0.24930167597765363,0.57201912944800204,0.48898642999549813,True,"[""DEP_complete_advmod_rate_baixo"", ""POS_ADV_rate_baixo"", ""POS_VERB_rate_baixo""]",3,3,713e579fa07e,336d08903261
"[""POS_ADV_rate_baixo"", ""POS_PRON_rate_baixo""]","[""DEP_complete_advmod_rate_baixo""]",0.11828703703703704,0.40370370370370373,0.11180555555555556,0.9452054794520548,2.3413346738720624,1,0.064052640603566524,10.882407407407408,0.64975021021912249,0.27257336343115118,0.90810856802518503,0.61107751036822922,True,"[""DEP_complete_advmod_rate_baixo"", ""POS_ADV_rate_baixo"", ""POS_PRON_rate_baixo""]",3,3,432397db65dd,f180989978fc
"[""DEP_complete_advcl_rate_baixo"", ""DEP_complete_advmod_rate_baixo""]","[""POS_ADV_rate_baixo""]",0.28240740740740738,0.29583333333333334,0.19560185185185186,0.69262295081967218,2.3412606788270609,1,0.11205632716049384,2.290888888888889,0.79833556022141627,0.51119177253478532,0.56348821418178296,0.67690615459606462,True,"[""DEP_complete_advcl_rate_baixo"", ""DEP_complete_advmod_rate_baixo"", ""POS_ADV_rate_baixo""]",3,3,42af3e872bff,27aae3df2bcf
"[""POS_ADV_rate_baixo""]","[""DEP_complete_advcl_rate_baixo"", ""DEP_complete_advmod_rate_baixo""]",0.29583333333333334,0.28240740740740738,0.19560185185185186,0.66118935837245696,2.3412606788270609,1,0.11205632716049384,2.1179753656658966,0.81355694828612446,0.51119177253478532,0.52785097682871429,0.67690615459606462,True,"[""DEP_complete_advcl_rate_baixo"", ""DEP_complete_advmod_rate_baixo"", ""POS_ADV_rate_baixo""]",3,3,42af3e872bff,c844c1179639
"[""POS_ADV_rate_baixo"", ""punctuationDensity_spacy_baixo""]","[""DEP_complete_advmod_rate_baixo""]",0.086574074074074067,0.40370370370370373,0.081712962962962959,0.94385026737967914,2.3379777265368196,1,0.046762688614540464,10.619753086419752,0.6265203476393062,0.19999999999999996,0.90583585212741224,0.57312926213020654,True,"[""DEP_complete_advmod_rate_baixo"", ""POS_ADV_rate_baixo"", ""punctuationDensity_spacy_baixo""]",3,3,9b67e91ef8ab,94a0c9d3b3e8
"[""POS_ADV_rate_baixo""]","[""DEP_complete_advmod_rate_baixo""]",0.29583333333333334,0.40370370370370373,0.27824074074074073,0.94053208137715172,2.3297583667140453,1,0.15881172839506169,10.027192982456127,0.81056227786037072,0.66043956043956031,0.90027119237162068,0.8148761324316951,True,"[""DEP_complete_advmod_rate_baixo"", ""POS_ADV_rate_baixo""]",2,2,9799f1017519,8a6ff3cd0d60
"[""DEP_complete_advmod_rate_baixo""]","[""POS_ADV_rate_baixo""]",0.40370370370370373,0.29583333333333334,0.27824074074074073,0.68922018348623848,2.3297583667140453,1,0.15881172839506169,2.2658056580565802,0.9571934973801427,0.66043956043956031,0.55865588187394821,0.8148761324316951,True,"[""DEP_complete_advmod_rate_baixo"", ""POS_ADV_rate_baixo""]",2,2,9799f1017519,6d5e756b10ee
"[""POS_ADV_rate_baixo"", ""uppercaseRatio_baixo""]","[""DEP_complete_advmod_rate_baixo""]",0.11203703703703703,0.40370370370370373,0.10486111111111111,0.93595041322314054,2.3184092804609904,1,0.059631344307270233,9.3099163679808914,0.64042060000874712,0.25521126760563384,0.89258764950464542,0.59784905982257941,True,"[""DEP_complete_advmod_rate_baixo"", ""POS_ADV_rate_baixo"", ""uppercaseRatio_baixo""]",3,3,caf9746e4703,68d8821cbe7c
"[""DEP_complete_advmod_rate_baixo"", ""punctuationDensity_spacy_baixo""]","[""POS_ADV_rate_baixo""]",0.11990740740740741,0.29583333333333334,0.081712962962962959,0.68146718146718144,2.3035510359454019,1,0.046240354938271604,2.2106565656565653,0.64298647051723179,0.2446292446292446,0.54764570149185532,0.47884000700902107,True,"[""DEP_complete_advmod_rate_baixo"", ""POS_ADV_rate_baixo"", ""punctuationDensity_spacy_baixo""]",3,3,9b67e91ef8ab,8b08b799cf35
"[""POS_ADV_rate_baixo"", ""POS_PROPN_rate_alto""]","[""DEP_complete_advmod_rate_baixo""]",0.10833333333333334,0.40370370370370373,0.099537037037037035,0.91880341880341876,2.2759350741002113,1,0.05580246913580246,7.3438596491228036,0.62873288415561834,0.24130190796857462,0.86383182035355921,0.58268152591547084,True,"[""DEP_complete_advmod_rate_baixo"", ""POS_ADV_rate_baixo"", ""POS_PROPN_rate_alto""]",3,3,b4538c62c388,db2a08de416e
"[""DEP_complete_advmod_rate_baixo"", ""uppercaseRatio_baixo""]","[""POS_ADV_rate_baixo""]",0.15648148148148147,0.29583333333333334,0.10486111111111111,0.67011834319526631,2.2651887657304774,1,0.058568672839506175,2.1346038863976085,0.6621498825975386,0.30179880079946703,0.53152900808795223,0.51228921854598997,True,"[""DEP_complete_advmod_rate_baixo"", ""POS_ADV_rate_baixo"", ""uppercaseRatio_baixo""]",3,3,caf9746e4703,a4eba1b783b0
"[""POS_ADV_rate_baixo"", ""POS_VERB_rate_baixo""]","[""DEP_complete_advmod_rate_baixo""]",0.091898148148148145,0.40370370370370373,0.082638888888888887,0.89924433249370272,2.2274859612229334,1,0.045539266117969816,5.918240740740738,0.60682993564491816,0.20011210762331835,0.83103086815714111,0.55197308367804399,True,"[""DEP_complete_advmod_rate_baixo"", ""POS_ADV_rate_baixo"", ""POS_VERB_rate_baixo""]",3,3,713e579fa07e,4f4f9162b6e0
"[""DEP_complete_advmod_rate_baixo"", ""DEP_complete_ccomp_rate_baixo""]","[""POS_ADV_rate_baixo""]",0.28032407407407406,0.29583333333333334,0.18379629629629629,0.65565648224607764,2.2163036019585722,1,0.10086709104938271,2.0449540367705836,0.76256306343896363,0.46843657817109147,0.51099145407727009,0.6384698686660748,True,"[""DEP_complete_advmod_rate_baixo"", ""DEP_complete_ccomp_rate_baixo"", ""POS_ADV_rate_baixo""]",3,3,54483f415ed6,dd8daeeb9161
"[""POS_ADV_rate_baixo""]","[""DEP_complete_advmod_rate_baixo"", ""DEP_complete_ccomp_rate_baixo""]",0.29583333333333334,0.28032407407407406,0.18379629629629629,0.62128325508607196,2.2163036019585722,1,0.10086709104938271,1.9003013085399449,0.77935850237729731,0.46843657817109147,0.47376766226176609,0.6384698686660748,True,"[""DEP_complete_advmod_rate_baixo"", ""DEP_complete_ccomp_rate_baixo"", ""POS_ADV_rate_baixo""]",3,3,54483f415ed6,0202ceddbc66
"[""DEP_complete_ccomp_rate_baixo"", ""POS_PROPN_rate_baixo""]","[""POS_NOUN_rate_alto""]",0.16574074074074074,0.25277777777777777,0.092592592592592587,0.55865921787709494,2.2100804223709249,1,0.050697016460905346,1.6930731364275666,0.65630410654827975,0.28409090909090906,0.40935806109945794,0.46247979208873058,True,"[""DEP_complete_ccomp_rate_baixo"", ""POS_NOUN_rate_alto"", ""POS_PROPN_rate_baixo""]",3,3,2c1b89a531c7,cd52a0e7dc43
"[""DEP_complete_ccomp_rate_baixo"", ""POS_NOUN_rate_baixo""]","[""POS_PROPN_rate_alto""]",0.14861111111111111,0.25046296296296294,0.080324074074074076,0.54049844236760125,2.1579974778447668,1,0.04310249485596708,1.6311958568738232,0.63027299951577498,0.25199709513435004,0.38695283231255012,0.43060042266254372,True,"[""DEP_complete_ccomp_rate_baixo"", ""POS_NOUN_rate_baixo"", ""POS_PROPN_rate_alto""]",3,3,1fd456a08560,9c44989c1357
"[""DEP_complete_advcl_rate_baixo"", ""POS_PROPN_rate_baixo""]","[""POS_NOUN_rate_alto""]",0.14953703703703702,0.25277777777777777,0.080787037037037032,0.54024767801857587,2.1372435613921685,1,0.042987397119341561,1.6252712308267865,0.62566817394125529,0.25125989920806335,0.38471808210664432,0.42992237380782272,True,"[""DEP_complete_advcl_rate_baixo"", ""POS_NOUN_rate_alto"", ""POS_PROPN_rate_baixo""]",3,3,192428b35c3b,0d6db68b5807
"[""DEP_complete_ccomp_rate_baixo"", ""POS_NOUN_rate_alto""]","[""POS_PROPN_rate_baixo""]",0.1787037037037037,0.25185185185185183,0.092592592592592587,0.51813471502590669,2.0572996037793354,1,0.047585733882030176,1.5526085225009956,0.62574971815107094,0.27397260273972607,0.35592263889601389,0.44289088692471806,True,"[""DEP_complete_ccomp_rate_baixo"", ""POS_NOUN_rate_alto"", ""POS_PROPN_rate_baixo""]",3,3,2c1b89a531c7,0d9cb1febcce
"[""POS_PROPN_rate_baixo""]","[""POS_NOUN_rate_alto""]",0.25185185185185183,0.25277777777777777,0.12870370370370371,0.51102941176470595,2.0216548157724632,1,0.065041152263374494,1.528153717627402,0.6754754612151862,0.34236453201970451,0.34561556964793361,0.5100934604611076,True,"[""POS_NOUN_rate_alto"", ""POS_PROPN_rate_baixo""]",2,2,3827d0dd8fe9,1a7ef3000b3a
"[""POS_NOUN_rate_alto""]","[""POS_PROPN_rate_baixo""]",0.25277777777777777,0.25185185185185183,0.12870370370370371,0.50915750915750924,2.0216548157724632,1,0.065041152263374494,1.5242122719734663,0.67631248161322244,0.34236453201970451,0.34392340332934401,0.5100934604611076,True,"[""POS_NOUN_rate_alto"", ""POS_PROPN_rate_baixo""]",2,2,3827d0dd8fe9,f5e829055ee4
"[""POS_PROPN_rate_baixo"", ""uppercaseRatio_baixo""]","[""POS_NOUN_rate_alto""]",0.1650462962962963,0.25277777777777777,0.084027777777777785,0.50911640953716697,2.014086894872309,1,0.042307741769547332,1.5221984126984129,0.60302396396355118,0.25173370319001392,0.3430554179679558,0.42076699597737471,True,"[""POS_NOUN_rate_alto"", ""POS_PROPN_rate_baixo"", ""uppercaseRatio_baixo""]",3,3,23e40fe6924d,4c2d6bec5732
"[""DEP_complete_ccomp_rate_baixo"", ""DEP_complete_obj_rate_baixo""]","[""POS_VERB_rate_baixo""]",0.16898148148148148,0.26203703703703701,0.08773148148148148,0.51917808219178085,1.9813156493537929,1,0.043452074759945135,1.5347947662762478,0.59599738352650655,0.25556304787592721,0.34844708753716858,0.42699186795101413,True,"[""DEP_complete_ccomp_rate_baixo"", ""DEP_complete_obj_rate_baixo"", ""POS_VERB_rate_baixo""]",3,3,5168d659e546,388b557e547c
"[""DEP_complete_ccomp_rate_baixo"", ""POS_PROPN_rate_baixo""]","[""uppercaseRatio_baixo""]",0.16574074074074074,0.43564814814814817,0.10879629629629629,0.65642458100558654,1.5067769340829615,1,0.036591649519890246,1.6425850647395357,0.40315016412024446,0.22086466165413529,0.39120352335690478,0.45307945309577946,True,"[""DEP_complete_ccomp_rate_baixo"", ""POS_PROPN_rate_baixo"", ""uppercaseRatio_baixo""]",3,3,5f5ef14a62db,5df2b1b667ba
"[""POS_PROPN_rate_baixo""]","[""uppercaseRatio_baixo""]",0.25185185185185183,0.43564814814814817,0.1650462962962963,0.65533088235294124,1.5042664249546791,1,0.055327503429355288,1.6373728395061729,0.44807187591129377,0.31590607000443066,0.38926555035467847,0.51709158357817087,True,"[""POS_PROPN_rate_baixo"", ""uppercaseRatio_baixo""]",2,2,955c07a3d79c,58f2585b6892
"[""POS_VERB_rate_baixo""]","[""DEP_complete_advcl_rate_baixo"", ""DEP_complete_ccomp_rate_baixo""]",0.26203703703703701,0.42708333333333331,0.16782407407407407,0.64045936395759717,1.4996121692665692,1,0.05591242283950619,1.5934684684684686,0.45146021719378721,0.3219360568383659,0.37243816254416962,0.51670664674844624,True,"[""DEP_complete_advcl_rate_baixo"", ""DEP_complete_ccomp_rate_baixo"", ""POS_VERB_rate_baixo""]",3,3,e620b1f73e61,3576611920a8
"[""POS_NOUN_rate_alto"", ""POS_PROPN_rate_baixo""]","[""uppercaseRatio_baixo""]",0.12870370370370371,0.43564814814814817,0.084027777777777785,0.65287769784172667,1.4986353106675128,1,0.027958247599451307,1.6258011897908271,0.38187497621368749,0.17493975903614459,0.38491864424785038,0.4228788064128931,True,"[""POS_NOUN_rate_alto"", ""POS_PROPN_rate_baixo"", ""uppercaseRatio_baixo""]",3,3,23e40fe6924d,d22dba7f65e2
"[""DEP_complete_advcl_rate_baixo"", ""POS_PROPN_rate_baixo""]","[""uppercaseRatio_baixo""]",0.14953703703703702,0.43564814814814817,0.094907407407407413,0.63467492260061931,1.4568521071385097,1,0.029761874142661182,1.544793628374137,0.36872684785639365,0.19357884796978281,0.35266434193382912,0.42626413505163802,True,"[""DEP_complete_advcl_rate_baixo"", ""POS_PROPN_rate_baixo"", ""uppercaseRatio_baixo""]",3,3,ea1a63771872,1318195231d0
"[""DEP_complete_nsubj_rate_baixo"", ""POS_VERB_rate_baixo""]","[""DEP_complete_ccomp_rate_baixo""]",0.10185185185185185,0.6386574074074074,0.093518518518518515,0.91818181818181821,1.4376750469537711,1,0.028470078875171473,4.4164094650205774,0.33895580279677456,0.14454382826475851,0.77357171976006067,0.53230584203762898,True,"[""DEP_complete_ccomp_rate_baixo"", ""DEP_complete_nsubj_rate_baixo"", ""POS_VERB_rate_baixo""]",3,3,b1134acc38e7,289d0411178f
"[""DEP_complete_ccomp_rate_baixo"", ""POS_PROPN_rate_alto""]","[""DEP_complete_advmod_rate_baixo""]",0.16782407407407407,0.40370370370370373,0.093981481481481485,0.56000000000000005,1.3871559633027524,1,0.026230281207133055,1.3552188552188555,0.3353864494337373,0.19680077556955888,0.26211180124223604,0.39639908256880735,True,"[""DEP_complete_advmod_rate_baixo"", ""DEP_complete_ccomp_rate_baixo"", ""POS_PROPN_rate_alto""]",3,3,adc7186f6426,e8649812878d
"[""DEP_complete_advcl_rate_baixo"", ""POS_PROPN_rate_alto""]","[""DEP_complete_advmod_rate_baixo""]",0.17268518518518519,0.40370370370370373,0.096527777777777782,0.55898123324396787,1.3846324126226726,1,0.026814128943758564,1.3520882584712375,0.33576898973266811,0.20115774240231546,0.26040331040913861,0.39904336891556191,True,"[""DEP_complete_advcl_rate_baixo"", ""DEP_complete_advmod_rate_baixo"", ""POS_PROPN_rate_alto""]",3,3,d73694a18749,ee788efc87e0
"[""DEP_complete_advmod_rate_baixo"", ""POS_VERB_rate_baixo""]","[""DEP_complete_ccomp_rate_baixo""]",0.11828703703703704,0.6386574074074074,0.10277777777777777,0.86888454011741678,1.3604861229819647,1,0.027232885373799726,2.755911415146489,0.30051572969661711,0.15711252653927812,0.63714363440566335,0.51490620626747963,True,"[""DEP_complete_advmod_rate_baixo"", ""DEP_complete_ccomp_rate_baixo"", ""POS_VERB_rate_baixo""]",3,3,62101ba3d6ae,66936d02f809
"[""DEP_complete_obj_rate_baixo"", ""POS_VERB_rate_baixo""]","[""DEP_complete_advcl_rate_baixo""]",0.11041666666666666,0.64351851851851849,0.095138888888888884,0.86163522012578619,1.338943939188272,1,0.02408371913580247,2.5763888888888897,0.28456326888778727,0.14441321152494729,0.61185983827493273,0.50473847337224564,True,"[""DEP_complete_advcl_rate_baixo"", ""DEP_complete_obj_rate_baixo"", ""POS_VERB_rate_baixo""]",3,3,ca0bbc0e00ab,d155d66d0689
"[""DEP_complete_advmod_rate_baixo"", ""DEP_complete_nsubj_rate_baixo""]","[""DEP_complete_ccomp_rate_baixo""]",0.11527777777777778,0.6386574074074074,0.098379629629629636,0.85341365461847385,1.3362620471010538,1,0.024756622942386841,2.4650494672754939,0.2844325422476684,0.15007062146892655,0.5943286277718175,0.50372748696853376,True,"[""DEP_complete_advmod_rate_baixo"", ""DEP_complete_ccomp_rate_baixo"", ""DEP_complete_nsubj_rate_baixo""]",3,3,9ea2847b0b1a,dd22a4178d9a
"[""DEP_complete_ccomp_rate_baixo"", ""POS_NOUN_rate_alto""]","[""DEP_complete_advmod_rate_baixo""]",0.1787037037037037,0.40370370370370373,0.095601851851851855,0.53497409326424872,1.3251651851499737,1,0.023458504801097388,1.282286185907356,0.29876805402764156,0.19638611507370421,0.22014288932513754,0.38589300993487663,True,"[""DEP_complete_advmod_rate_baixo"", ""DEP_complete_ccomp_rate_baixo"", ""POS_NOUN_rate_alto""]",3,3,26c16f09530e,58078f501ae2
"[""DEP_complete_nsubj_rate_baixo"", ""DEP_complete_obj_rate_baixo""]","[""DEP_complete_ccomp_rate_baixo""]",0.09930555555555555,0.6386574074074074,0.083796296296296299,0.84382284382284389,1.3212449022525139,1,0.020374067644032934,2.3136712271973479,0.26994509215912643,0.12809624911535739,0.56778647361607026,0.4875149014329877,True,"[""DEP_complete_ccomp_rate_baixo"", ""DEP_complete_nsubj_rate_baixo"", ""DEP_complete_obj_rate_baixo""]",3,3,498ec0efbf5a,ba493ead10fc
"[""DEP_complete_ccomp_rate_baixo"", ""punctuationDensity_spacy_baixo""]","[""DEP_complete_advmod_rate_baixo""]",0.16111111111111112,0.40370370370370373,0.085185185185185183,0.52873563218390796,1.3097121164188545,1,0.020144032921810689,1.2653116531165309,0.28188885689605514,0.17760617760617758,0.2096808738487897,0.36987240324791726,True,"[""DEP_complete_advmod_rate_baixo"", ""DEP_complete_ccomp_rate_baixo"", ""punctuationDensity_spacy_baixo""]",3,3,e2e477749904,90e2d0fa2385
"[""DEP_complete_advmod_rate_baixo"", ""DEP_complete_obj_rate_baixo""]","[""DEP_complete_advcl_rate_baixo""]",0.10486111111111111,0.64351851851851849,0.087499999999999994,0.83443708609271516,1.2966792129210538,1,0.020019933127572012,2.1531481481481474,0.25560193907750145,0.13239929947460596,0.53556377397436983,0.48520415455714894,True,"[""DEP_complete_advcl_rate_baixo"", ""DEP_complete_advmod_rate_baixo"", ""DEP_complete_obj_rate_baixo""]",3,3,ac4e3e930cbc,876e562ae5b3
"[""DEP_complete_advcl_rate_baixo"", ""DEP_complete_nsubj_rate_baixo""]","[""DEP_complete_ccomp_rate_baixo""]",0.16574074074074074,0.6386574074074074,0.13703703703703704,0.82681564245810057,1.2946152864874936,1,0.031185485253772294,2.0864620669056158,0.27278061913189555,0.20534165799514398,0.52071977925624247,0.52069306950741201,True,"[""DEP_complete_advcl_rate_baixo"", ""DEP_complete_ccomp_rate_baixo"", ""DEP_complete_nsubj_rate_baixo""]",3,3,29bec1fea9c7,f531e9bc9352
"[""DEP_complete_advcl_rate_baixo"", ""POS_VERB_rate_baixo""]","[""DEP_complete_ccomp_rate_baixo""]",0.20300925925925925,0.6386574074074074,0.16782407407407407,0.82668187001140248,1.2944058276365562,1,0.03817070687585733,2.0848516691033137,0.2853794305287089,0.24905530745448298,0.52034956979452829,0.54472911913038413,True,"[""DEP_complete_advcl_rate_baixo"", ""DEP_complete_ccomp_rate_baixo"", ""POS_VERB_rate_baixo""]",3,3,e620b1f73e61,77c2795fc58d
"[""DEP_complete_advcl_rate_baixo"", ""punctuationDensity_spacy_baixo""]","[""DEP_complete_advmod_rate_baixo""]",0.15509259259259259,0.40370370370370373,0.081018518518518517,0.5223880597014926,1.2939887717376422,1,0.018407064471879286,1.2484953703703705,0.26890019569471618,0.16957364341085268,0.19903587651803101,0.36153806654799403,True,"[""DEP_complete_advcl_rate_baixo"", ""DEP_complete_advmod_rate_baixo"", ""punctuationDensity_spacy_baixo""]",3,3,b322c5e57772,a52479906469
"[""DEP_complete_advmod_rate_baixo"", ""POS_VERB_rate_baixo""]","[""DEP_complete_advcl_rate_baixo""]",0.11828703703703704,0.64351851851851849,0.098148148148148151,0.82974559686888461,1.2893888411775474,1,0.022028249314128945,2.0938165176670935,0.25454856174799506,0.14788978025810956,0.52240323277505296,0.49113179124019768,True,"[""DEP_complete_advcl_rate_baixo"", ""DEP_complete_advmod_rate_baixo"", ""POS_VERB_rate_baixo""]",3,3,923a7e7de6eb,9eda44033fa8
"[""POS_VERB_rate_baixo"", ""uppercaseRatio_baixo""]","[""DEP_complete_ccomp_rate_baixo""]",0.10694444444444444,0.6386574074074074,0.087962962962962965,0.82251082251082253,1.2878748652579752,1,0.01966210133744857,2.0358570460704608,0.25029467135958106,0.13375571981696585,0.50880637619907321,0.48012094224490021,True,"[""DEP_complete_ccomp_rate_baixo"", ""POS_VERB_rate_baixo"", ""uppercaseRatio_baixo""]",3,3,723948e54100,5fe9a1d29d86
"[""POS_PROPN_rate_alto""]","[""DEP_complete_advmod_rate_baixo""]",0.25046296296296294,0.40370370370370373,0.12986111111111112,0.51848428835489846,1.2843188794112164,1,0.028748285322359401,1.2383734982583354,0.29535187650218714,0.24768211920529803,0.19248917922871164,0.42007930014075201,True,"[""DEP_complete_advmod_rate_baixo"", ""POS_PROPN_rate_alto""]",2,2,554fcfcfd50a,3bd5f36ac709
"[""DEP_complete_nsubj_rate_baixo"", ""POS_PRON_rate_baixo""]","[""DEP_complete_ccomp_rate_baixo""]",0.125,0.6386574074074074,0.10231481481481482,0.81851851851851853,1.2816237767306995,1,0.022482638888888892,1.9910714285714288,0.25113122171945707,0.15470773538676935,0.49775784753363234,0.48936074530492801,True,"[""DEP_complete_ccomp_rate_baixo"", ""DEP_complete_nsubj_rate_baixo"", ""POS_PRON_rate_baixo""]",3,3,2dd17c2f686e,03376b315508
"[""DEP_complete_nsubj_rate_baixo""]","[""DEP_complete_ccomp_rate_baixo""]",0.25763888888888886,0.6386574074074074,0.21041666666666667,0.81671159029649609,1.2787945161583412,1,0.045873681841563818,1.9714426742919404,0.29367585963460724,0.30678366520418499,0.49275725181349339,0.57308939427836769,True,"[""DEP_complete_ccomp_rate_baixo"", ""DEP_complete_nsubj_rate_baixo""]",2,2,55f3b588fc9a,dc8fc3b0d4be
"[""DEP_complete_advcl_rate_baixo"", ""POS_NOUN_rate_alto""]","[""DEP_complete_advmod_rate_baixo""]",0.17152777777777778,0.40370370370370373,0.08773148148148148,0.51147098515519562,1.2669464769899341,1,0.018485082304526737,1.2205954573357887,0.25432436795997743,0.17996201329534661,0.18072773908014167,0.36439374945833175,True,"[""DEP_complete_advcl_rate_baixo"", ""DEP_complete_advmod_rate_baixo"", ""POS_NOUN_rate_alto""]",3,3,a1b37839689b,8f1c607c1a6e
"[""DEP_complete_nsubj_rate_baixo"", ""uppercaseRatio_baixo""]","[""DEP_complete_ccomp_rate_baixo""]",0.1150462962962963,0.6386574074074074,0.093055555555555558,0.80885311871227361,1.2664898415502073,1,0.019580386231138544,1.8903923001949314,0.23777073304677238,0.14085494043447794,0.4710092715163498,0.47727904213975403,True,"[""DEP_complete_ccomp_rate_baixo"", ""DEP_complete_nsubj_rate_baixo"", ""uppercaseRatio_baixo""]",3,3,99e74d5bae0a,70201b19d6f4
"[""DEP_complete_ccomp_rate_baixo"", ""POS_VERB_rate_baixo""]","[""DEP_complete_advcl_rate_baixo""]",0.20833333333333334,0.64351851851851849,0.16782407407407407,0.80555555555555547,1.2517985611510791,1,0.033757716049382713,1.8333333333333326,0.25408348457350272,0.24534686971235192,0.45454545454545436,0.53317346123101517,True,"[""DEP_complete_advcl_rate_baixo"", ""DEP_complete_ccomp_rate_baixo"", ""POS_VERB_rate_baixo""]",3,3,e620b1f73e61,ef28546d317c
"[""DEP_complete_nsubj_rate_baixo""]","[""DEP_complete_advcl_rate_baixo"", ""DEP_complete_ccomp_rate_baixo""]",0.25763888888888886,0.42708333333333331,0.13703703703703704,0.5318957771787961,1.2454145026625469,1,0.027003761574074095,1.2239083493282152,0.26544288675953803,0.25021132713440408,0.18294535653026231,0.42638149292544142,True,"[""DEP_complete_advcl_rate_baixo"", ""DEP_complete_ccomp_rate_baixo"", ""DEP_complete_nsubj_rate_baixo""]",3,3,29bec1fea9c7,6c031c5af223
"[""POS_PRON_rate_alto""]","[""uppercaseRatio_baixo""]",0.26921296296296299,0.43564814814814817,0.14606481481481481,0.54256233877901971,1.2454140826383449,1,0.028782686042523986,1.2337240671122247,0.26964655305268326,0.26139188069594033,0.18944598175773794,0.43892197704094449,True,"[""POS_PRON_rate_alto"", ""uppercaseRatio_baixo""]",2,2,aaea6e78e590,3583c1292032
"[""DEP_complete_ccomp_rate_baixo"", ""POS_PRON_rate_baixo""]","[""DEP_complete_advmod_rate_baixo""]",0.22384259259259259,0.40370370370370373,0.1125,0.50258531540847984,1.2449361023879775,1,0.022133916323731129,1.1987910987910988,0.2534871419121012,0.21842696629213484,0.16582630534341333,0.39062752008956103,True,"[""DEP_complete_advmod_rate_baixo"", ""DEP_complete_ccomp_rate_baixo"", ""POS_PRON_rate_baixo""]",3,3,84151be68c73,e6a63a4d1dc8
"[""POS_VERB_rate_baixo""]","[""DEP_complete_ccomp_rate_baixo""]",0.26203703703703701,0.6386574074074074,0.20833333333333334,0.795053003533569,1.2448818322816304,1,0.040981438614540483,1.7631026500638578,0.26655931967098856,0.30090270812437314,0.43281804949712882,0.56062907516294258,True,"[""DEP_complete_ccomp_rate_baixo"", ""POS_VERB_rate_baixo""]",2,2,0a5b5a1abce0,0ee49bd2a657
"[""DEP_complete_ccomp_rate_baixo"", ""POS_ADJ_rate_alto""]","[""uppercaseRatio_baixo""]",0.1763888888888889,0.43564814814814817,0.095601851851851855,0.54199475065616798,1.2441112236103324,1,0.018758359053497931,1.2321951607768225,0.23823542621953447,0.18511878081577768,0.18844024726605646,0.38072107352149526,True,"[""DEP_complete_ccomp_rate_baixo"", ""POS_ADJ_rate_alto"", ""uppercaseRatio_baixo""]",3,3,66241e1a8614,80421e74c8ae
"[""DEP_complete_obj_rate_baixo"", ""POS_VERB_rate_baixo""]","[""DEP_complete_ccomp_rate_baixo""]",0.11041666666666666,0.6386574074074074,0.08773148148148148,0.79454926624737943,1.2440930881437764,1,0.017213059413580242,1.7587797619047618,0.22055452225442271,0.13265663283164159,0.43142397833996105,0.46595893903162738,True,"[""DEP_complete_ccomp_rate_baixo"", ""DEP_complete_obj_rate_baixo"", ""POS_VERB_rate_baixo""]",3,3,5168d659e546,b31b004f90be
"[""POS_PRON_rate_baixo"", ""POS_VERB_rate_baixo""]","[""DEP_complete_ccomp_rate_baixo""]",0.11898148148148148,0.6386574074074074,0.094444444444444442,0.79377431906614782,1.2428796877005286,1,0.018456039951989023,1.7521706848357788,0.22180792968790244,0.14240837696335079,0.42927934552579028,0.47082699280599888,True,"[""DEP_complete_ccomp_rate_baixo"", ""POS_PRON_rate_baixo"", ""POS_VERB_rate_baixo""]",3,3,cb199dcfcb5e,1ab9e1ce56bd
"[""DEP_complete_amod_rate_baixo"", ""DEP_complete_ccomp_rate_baixo""]","[""DEP_complete_advmod_rate_baixo""]",0.16064814814814815,0.40370370370370373,0.080555555555555561,0.50144092219020175,1.2421013668931602,1,0.015701303155006854,1.1960393919931493,0.23221814354819273,0.16650717703349283,0.16390713659226375,0.35049110329693572,True,"[""DEP_complete_advmod_rate_baixo"", ""DEP_complete_amod_rate_baixo"", ""DEP_complete_ccomp_rate_baixo""]",3,3,3d400f6730cc,fe0fe5fb5992
"[""DEP_complete_ccomp_rate_baixo"", ""DEP_complete_obj_rate_baixo""]","[""DEP_complete_advcl_rate_baixo""]",0.16898148148148148,0.64351851851851849,0.13495370370370371,0.79863013698630148,1.2410367596333893,1,0.026210991083676277,1.7702821869488548,0.23371572454454681,0.19918004783054324,0.43511830635118343,0.50417118360106439,True,"[""DEP_complete_advcl_rate_baixo"", ""DEP_complete_ccomp_rate_baixo"", ""DEP_complete_obj_rate_baixo""]",3,3,edb22e2e0031,f6d74532bc6f
"[""DEP_complete_obj_rate_baixo""]","[""DEP_complete_advcl_rate_baixo"", ""DEP_complete_ccomp_rate_baixo""]",0.25578703703703703,0.42708333333333331,0.13495370370370371,0.52760180995475114,1.2353603355038076,1,0.025711323302469155,1.2127833652618136,0.25600142983282176,0.24630333755809045,0.17545043192102019,0.42179548492317509,True,"[""DEP_complete_advcl_rate_baixo"", ""DEP_complete_ccomp_rate_baixo"", ""DEP_complete_obj_rate_baixo""]",3,3,edb22e2e0031,2d9852ed4aa1
"[""POS_PROPN_rate_alto"", ""POS_VERB_rate_baixo""]","[""DEP_complete_ccomp_rate_baixo""]",0.10324074074074074,0.6386574074074074,0.081250000000000003,0.78699551569506732,1.2322655410665788,1,0.015314536179698218,1.6964083820662772,0.21018639862212399,0.12298528381219342,0.41051930032203127,0.4571077614720353,True,"[""DEP_complete_ccomp_rate_baixo"", ""POS_PROPN_rate_alto"", ""POS_VERB_rate_baixo""]",3,3,bb74b0168856,7c15f7c85bf3
"[""DEP_complete_ccomp_rate_baixo"", ""POS_PRON_rate_alto""]","[""uppercaseRatio_baixo""]",0.16319444444444445,0.43564814814814817,0.087037037037037038,0.53333333333333333,1.2242295430393197,1,0.015941679526748964,1.2093253968253965,0.21887966804979245,0.17005879692446854,0.17309269893355206,0.36656039674105562,True,"[""DEP_complete_ccomp_rate_baixo"", ""POS_PRON_rate_alto"", ""uppercaseRatio_baixo""]",3,3,b3fdde70f48a,c867b0c147ef
"[""POS_NOUN_rate_alto""]","[""uppercaseRatio_baixo""]",0.25277777777777777,0.43564814814814817,0.13333333333333333,0.52747252747252749,1.2107764711377889,1,0.023211162551440331,1.1943260120585701,0.23297449401073939,0.24020016680567136,0.16270767788405197,0.41676495661617874,True,"[""POS_NOUN_rate_alto"", ""uppercaseRatio_baixo""]",2,2,db6f966588f8,692298c7e196
"[""POS_PRON_rate_baixo"", ""POS_VERB_rate_baixo""]","[""DEP_complete_advcl_rate_baixo""]",0.11898148148148148,0.64351851851851849,0.092592592592592587,0.77821011673151752,1.2093049295971783,1,0.016025805898491077,1.6072936972059781,0.19645296899632153,0.138217000691085,0.37783617161049077,0.46104750440892422,True,"[""DEP_complete_advcl_rate_baixo"", ""POS_PRON_rate_baixo"", ""POS_VERB_rate_baixo""]",3,3,c75064e3977e,f9012a0d0c49
"[""POS_PROPN_rate_alto"", ""POS_VERB_rate_baixo""]","[""DEP_complete_advcl_rate_baixo""]",0.10324074074074074,0.64351851851851849,0.080324074074074076,0.77802690582959644,1.2090202277639772,1,0.013886745541838136,1.6059670781893007,0.1927875037752608,0.12052796109760333,0.37732222934016668,0.45142352485724424,True,"[""DEP_complete_advcl_rate_baixo"", ""POS_PROPN_rate_alto"", ""POS_VERB_rate_baixo""]",3,3,ec67fb46eb6e,62da5c4d5c1f
"[""DEP_complete_obj_rate_baixo""]","[""DEP_complete_advcl_rate_baixo""]",0.25578703703703703,0.64351851851851849,0.1988425925925926,0.77737556561085974,1.2080080731794656,1,0.034238897462277096,1.6012684432399882,0.23137323771538029,0.28387309980171843,0.37549509314215207,0.54318418568312776,True,"[""DEP_complete_advcl_rate_baixo"", ""DEP_complete_obj_rate_baixo""]",2,2,a4d62ec02cb7,179e2a0e90b1
"[""POS_VERB_rate_baixo""]","[""DEP_complete_advcl_rate_baixo""]",0.26203703703703701,0.64351851851851849,0.20300925925925925,0.77473498233215554,1.2039047207463713,1,0.034383573388203026,1.5824981844589694,0.22950946322369098,0.28896210873146627,0.36808774264604677,0.545101304115718,True,"[""DEP_complete_advcl_rate_baixo"", ""POS_VERB_rate_baixo""]",2,2,93568cf6cdd4,eb4fc0af2c78
"[""DEP_complete_advmod_rate_baixo"", ""POS_NOUN_rate_alto""]","[""DEP_complete_ccomp_rate_baixo""]",0.12453703703703704,0.6386574074074074,0.095601851851851855,0.76765799256505574,1.2019871431246976,1,0.016065350651577506,1.5552185185185183,0.19194912053143284,0.14320388349514565,0.35700354124345984,0.45867495496320926,True,"[""DEP_complete_advmod_rate_baixo"", ""DEP_complete_ccomp_rate_baixo"", ""POS_NOUN_rate_alto""]",3,3,26c16f09530e,afe6049321d6
"[""POS_ADJ_rate_alto""]","[""uppercaseRatio_baixo""]",0.25208333333333333,0.43564814814814817,0.13148148148148148,0.52157943067033974,1.1972492776279848,1,0.021661844135802466,1.179614523352527,0.22028129781474359,0.23637120266333753,0.15226543908772255,0.41169300970286382,True,"[""POS_ADJ_rate_alto"", ""uppercaseRatio_baixo""]",2,2,64748c9e68b0,46440f577adc
"[""POS_VERB_rate_baixo"", ""uppercaseRatio_baixo""]","[""DEP_complete_advcl_rate_baixo""]",0.10694444444444444,0.64351851851851849,0.08217592592592593,0.76839826839826852,1.194057740820331,1,0.013355195473251036,1.5392004153686407,0.18198146890675318,0.12296501558711467,0.35031202563670139,0.44804805506244361,True,"[""DEP_complete_advcl_rate_baixo"", ""POS_VERB_rate_baixo"", ""uppercaseRatio_baixo""]",3,3,6f9fbac67477,449e2deb3090
"[""DEP_complete_amod_rate_alto""]","[""DEP_complete_advcl_rate_baixo"", ""DEP_complete_ccomp_rate_baixo""]",0.24814814814814815,0.42708333333333331,0.12615740740740741,0.50839552238805974,1.1903895158354569,1,0.020177469135802484,1.1654016445287796,0.21272653319473961,0.2297639123102867,0.14192672998643155,0.40189423815879954,True,"[""DEP_complete_advcl_rate_baixo"", ""DEP_complete_amod_rate_alto"", ""DEP_complete_ccomp_rate_baixo""]",3,3,29499b48b237,99bef7c3c3fd
"[""DEP_complete_amod_rate_alto"", ""POS_ADJ_rate_alto""]","[""uppercaseRatio_baixo""]",0.17060185185185187,0.43564814814814817,0.08819444444444445,0.51696065128900948,1.1866471910565999,1,0.013872063614540464,1.1683351539741986,0.18964298455157516,0.17024128686327078,0.1440812196753572,0.35970242978903183,True,"[""DEP_complete_amod_rate_alto"", ""POS_ADJ_rate_alto"", ""uppercaseRatio_baixo""]",3,3,c831946199a6,b09feee3000a
"[""DEP_complete_ccomp_rate_baixo"", ""POS_NOUN_rate_alto""]","[""uppercaseRatio_baixo""]",0.1787037037037037,0.43564814814814817,0.092129629629629631,0.51554404145077726,1.1833954617786173,1,0.014277692043895743,1.1649187958011487,0.18869431713244908,0.17641843971631208,0.1415710660653641,0.36351059670838543,True,"[""DEP_complete_ccomp_rate_baixo"", ""POS_NOUN_rate_alto"", ""uppercaseRatio_baixo""]",3,3,a342722d084d,1aded5a07755
"[""DEP_complete_advcl_rate_baixo"", ""POS_ADJ_rate_alto""]","[""uppercaseRatio_baixo""]",0.16805555555555557,0.43564814814814817,0.08611111111111111,0.51239669421487599,1.1761709452753795,1,0.012898019547325099,1.1573995605775265,0.1800402103864864,0.16636851520572452,0.13599414233316826,0.35502937792571643,True,"[""DEP_complete_advcl_rate_baixo"", ""POS_ADJ_rate_alto"", ""uppercaseRatio_baixo""]",3,3,bfeff6b67d1a,84daeb9107cf
"[""DEP_complete_advcl_rate_baixo"", ""POS_PRON_rate_alto""]","[""uppercaseRatio_baixo""]",0.16250000000000001,0.43564814814814817,0.083101851851851857,0.51139601139601143,1.1738739475190059,1,0.012309027777777773,1.1550291545189504,0.17685943541346186,0.16134831460674157,0.13422098819965927,0.35107526393392496,True,"[""DEP_complete_advcl_rate_baixo"", ""POS_PRON_rate_alto"", ""uppercaseRatio_baixo""]",3,3,d16307cd048b,e5c8790b4684
"[""DEP_complete_advmod_rate_alto"", ""POS_ADV_rate_alto""]","[""uppercaseRatio_baixo""]",0.19143518518518518,0.43564814814814817,0.09768518518518518,0.51027811366384523,1.1713078910881038,1,0.014286801268861449,1.1523925468678553,0.18088037958109851,0.1845212068211631,0.13224013577842961,0.36725382835158255,True,"[""DEP_complete_advmod_rate_alto"", ""POS_ADV_rate_alto"", ""uppercaseRatio_baixo""]",3,3,e9d1653f6fde,3010985ae814
"[""DEP_complete_amod_rate_alto"", ""uppercaseRatio_baixo""]","[""DEP_complete_ccomp_rate_baixo""]",0.12199074074074075,0.6386574074074074,0.091203703703703703,0.74762808349146104,1.1706246178626718,1,0.013293413494513032,1.4317860623781673,0.16600644253841901,0.13623789764868602,0.30157163400583709,0.44521672387693745,True,"[""DEP_complete_amod_rate_alto"", ""DEP_complete_ccomp_rate_baixo"", ""uppercaseRatio_baixo""]",3,3,ac250fe4a38b,53a638a824b4
"[""DEP_complete_advcl_rate_baixo"", ""DEP_complete_amod_rate_alto""]","[""DEP_complete_ccomp_rate_baixo""]",0.16921296296296295,0.6386574074074074,0.12615740740740741,0.74555403556771549,1.1673771053470572,1,0.018088295181755837,1.4201152429311035,0.17258186967824729,0.18505942275042447,0.29583179606183918,0.47154468722930898,True,"[""DEP_complete_advcl_rate_baixo"", ""DEP_complete_amod_rate_alto"", ""DEP_complete_ccomp_rate_baixo""]",3,3,29499b48b237,3610fc9e1bab
"[""DEP_complete_advmod_rate_baixo"", ""diversidade_baixo""]","[""DEP_complete_advcl_rate_baixo""]",0.11134259259259259,0.64351851851851849,0.083333333333333329,0.74844074844074837,1.1630446162820263,1,0.011682313100137176,1.4170875420875417,0.15775230818210764,0.12409513960703206,0.29432729432729421,0.43896857565922309,True,"[""DEP_complete_advcl_rate_baixo"", ""DEP_complete_advmod_rate_baixo"", ""diversidade_baixo""]",3,3,159534c8f5dd,f22fb20d69b1
"[""DEP_complete_ccomp_rate_baixo"", ""POS_ADV_rate_alto""]","[""uppercaseRatio_baixo""]",0.1738425925925926,0.43564814814814817,0.08773148148148148,0.50466045272969373,1.1584129414411672,1,0.01199727794924553,1.1393232277976899,0.16552532767136519,0.16814551907719605,0.12228595397550322,0.35302098088131872,True,"[""DEP_complete_ccomp_rate_baixo"", ""POS_ADV_rate_alto"", ""uppercaseRatio_baixo""]",3,3,101d0bd1799d,a5bde74790c4
"[""DEP_complete_amod_rate_alto""]","[""DEP_complete_ccomp_rate_baixo""]",0.24814814814814815,0.6386574074074074,0.18356481481481482,0.73973880597014929,1.1582717077894327,1,0.025083161865569276,1.38838444178946,0.18174420265997429,0.26102699144173802,0.27973839960989427,0.51358089265524498,True,"[""DEP_complete_amod_rate_alto"", ""DEP_complete_ccomp_rate_baixo""]",2,2,3668a49b4faa,6f53da7fd0c0
"[""DEP_complete_advcl_rate_baixo"", ""POS_NOUN_rate_alto""]","[""uppercaseRatio_baixo""]",0.17152777777777778,0.43564814814814817,0.086342592592592596,0.50337381916329282,1.155459563647941,1,0.011616833847736624,1.1363715277777775,0.16239951998813448,0.16577777777777777,0.12000611106867307,0.35078361521395246,True,"[""DEP_complete_advcl_rate_baixo"", ""POS_NOUN_rate_alto"", ""uppercaseRatio_baixo""]",3,3,8fba65659c42,8072226a0b07
"[""DEP_complete_obj_rate_baixo"", ""uppercaseRatio_baixo""]","[""DEP_complete_advcl_rate_baixo""]",0.11643518518518518,0.64351851851851849,0.086574074074074067,0.74353876739562619,1.1554271493342105,1,0.011645876200274352,1.3900014355440711,0.15224600331475155,0.12856651770367825,0.28057628256435402,0.43903557074817279,True,"[""DEP_complete_advcl_rate_baixo"", ""DEP_complete_obj_rate_baixo"", ""uppercaseRatio_baixo""]",3,3,1cb70fd55510,e437af574e63
"[""DEP_complete_advmod_rate_baixo"", ""POS_PROPN_rate_alto""]","[""DEP_complete_advcl_rate_baixo""]",0.12986111111111112,0.64351851851851849,0.096527777777777782,0.74331550802139035,1.1550802139037433,1,0.012959747942386829,1.3887924382716048,0.15429635541367379,0.14261285909712723,0.2799499965275366,0.44665775401069518,True,"[""DEP_complete_advcl_rate_baixo"", ""DEP_complete_advmod_rate_baixo"", ""POS_PROPN_rate_alto""]",3,3,d73694a18749,5ad52e17c926
"[""DEP_complete_advmod_rate_alto""]","[""uppercaseRatio_baixo""]",0.24629629629629629,0.43564814814814817,0.12384259259259259,0.50281954887218039,1.1541872747756743,1,0.0165440672153635,1.1351046698872782,0.17724402397299582,0.22189962671090829,0.11902397503191928,0.39354579994087235,True,"[""DEP_complete_advmod_rate_alto"", ""uppercaseRatio_baixo""]",2,2,f0690716edd1,1ad51b98e420
"[""POS_ADV_rate_alto""]","[""uppercaseRatio_baixo""]",0.27337962962962964,0.43564814814814817,0.13726851851851851,0.50211685012701102,1.1525742787187501,1,0.018171189128943735,1.1335026140085662,0.18218173476585411,0.24008097165991901,0.11777883205442474,0.40860358978189015,True,"[""POS_ADV_rate_alto"", ""uppercaseRatio_baixo""]",2,2,728cda3555ce,d4448b7c5c68
"[""DEP_complete_amod_rate_alto"", ""POS_ADJ_rate_alto""]","[""DEP_complete_ccomp_rate_baixo""]",0.17060185185185187,0.6386574074074074,0.12546296296296297,0.73541383989145181,1.1514997420554809,1,0.016506826560356652,1.3656896961063627,0.15862987683742311,0.18348002708192285,0.26776924300517096,0.46593091414652332,True,"[""DEP_complete_amod_rate_alto"", ""DEP_complete_ccomp_rate_baixo"", ""POS_ADJ_rate_alto""]",3,3,6b5319dd01d4,efd1e877b3a6
"[""DEP_complete_ccomp_rate_baixo"", ""POS_PROPN_rate_alto""]","[""DEP_complete_advcl_rate_baixo""]",0.16782407407407407,0.64351851851851849,0.12314814814814815,0.73379310344827586,1.1402828082361698,1,0.015150248628257895,1.3391143734407984,0.14783481652671324,0.17894382778338377,0.2532377966860726,0.462580004961548,True,"[""DEP_complete_advcl_rate_baixo"", ""DEP_complete_ccomp_rate_baixo"", ""POS_PROPN_rate_alto""]",3,3,545510418faa,eab81eb4daeb
"[""POS_ADJ_rate_alto"", ""uppercaseRatio_baixo""]","[""DEP_complete_ccomp_rate_baixo""]",0.13148148148148148,0.6386574074074074,0.095601851851851855,0.72711267605633811,1.1385019066920554,1,0.011630229766803848,1.3241457586618881,0.14006928346851019,0.1417295813315031,0.24479613104636816,0.43840229670885045,True,"[""DEP_complete_ccomp_rate_baixo"", ""POS_ADJ_rate_alto"", ""uppercaseRatio_baixo""]",3,3,66241e1a8614,96de8162ee9b
"[""DEP_complete_advcl_rate_baixo"", ""POS_NOUN_rate_alto""]","[""DEP_complete_ccomp_rate_baixo""]",0.17152777777777778,0.6386574074074074,0.12453703703703704,0.72604588394062086,1.1368315399142741,1,0.014989551183127586,1.3189894636015329,0.14528211344366312,0.18163403106009454,0.24184382999582457,0.4605220358449027,True,"[""DEP_complete_advcl_rate_baixo"", ""DEP_complete_ccomp_rate_baixo"", ""POS_NOUN_rate_alto""]",3,3,3d276f37d0f0,b7009ff15128
"[""DEP_complete_advmod_rate_baixo"", ""POS_PROPN_rate_alto""]","[""DEP_complete_ccomp_rate_baixo""]",0.12986111111111112,0.6386574074074074,0.093981481481481485,0.7237076648841354,1.1331703922796177,1,0.011044720936213989,1.3078270609318994,0.13505910936904136,0.1393273850377488,0.2353729098651281,0.43543121555189013,True,"[""DEP_complete_advmod_rate_baixo"", ""DEP_complete_ccomp_rate_baixo"", ""POS_PROPN_rate_alto""]",3,3,adc7186f6426,e07a82436496
"[""DEP_complete_advmod_rate_baixo"", ""DEP_complete_amod_rate_baixo""]","[""DEP_complete_advcl_rate_baixo""]",0.11342592592592593,0.64351851851851849,0.082638888888888887,0.72857142857142854,1.1321685508735868,1,0.0096472050754458083,1.3133528265107213,0.13167460195566466,0.12255406797116376,0.23858998144712426,0.42849434737923942,True,"[""DEP_complete_advcl_rate_baixo"", ""DEP_complete_advmod_rate_baixo"", ""DEP_complete_amod_rate_baixo""]",3,3,bff266ca80b8,5746f4bc866d
"[""DEP_complete_ccomp_rate_baixo"", ""DEP_complete_nsubj_rate_alto""]","[""DEP_complete_advcl_rate_baixo""]",0.11712962962962963,0.64351851851851849,0.084953703703703698,0.72529644268774707,1.127079364176643,1,0.0095786179698216789,1.2976951771915803,0.12770961422780558,0.12572798903734156,0.22940300805913469,0.42865541558847786,True,"[""DEP_complete_advcl_rate_baixo"", ""DEP_complete_ccomp_rate_baixo"", ""DEP_complete_nsubj_rate_alto""]",3,3,f6ab8eea0378,9061480ecf71
"[""POS_NOUN_rate_alto"", ""POS_PROPN_rate_baixo""]","[""DEP_complete_ccomp_rate_baixo""]",0.12870370370370371,0.6386574074074074,0.092592592592592587,0.71942446043165464,1.1264638162612353,1,0.010395018861454039,1.2878620607787274,0.12884962805526026,0.13722126929674097,0.2235193267551237,0.432202262836342,True,"[""DEP_complete_ccomp_rate_baixo"", ""POS_NOUN_rate_alto"", ""POS_PROPN_rate_baixo""]",3,3,2c1b89a531c7,e5d1dba7ba86
"[""DEP_complete_advmod_rate_baixo"", ""DEP_complete_obj_rate_alto""]","[""DEP_complete_ccomp_rate_baixo""]",0.11203703703703703,0.6386574074074074,0.080555555555555561,0.71900826446280997,1.1258121429791008,1,0.0090022719478738134,1.2859545206971681,0.12585248043340183,0.12020725388601038,0.22236752240828897,0.42257046061125275,True,"[""DEP_complete_advmod_rate_baixo"", ""DEP_complete_ccomp_rate_baixo"", ""DEP_complete_obj_rate_alto""]",3,3,729491a988e1,3af239edfcb6
"[""DEP_complete_advmod_rate_baixo"", ""POS_PRON_rate_baixo""]","[""DEP_complete_ccomp_rate_baixo""]",0.15717592592592591,0.6386574074074074,0.1125,0.71575846833578805,1.1207236619103313,1,0.012118430641289452,1.2712519190174636,0.12780767278921037,0.16463414634146345,0.21337385215285354,0.44595462380181938,True,"[""DEP_complete_advmod_rate_baixo"", ""DEP_complete_ccomp_rate_baixo"", ""POS_PRON_rate_baixo""]",3,3,84151be68c73,b3bf88b905b0
"[""DEP_complete_advcl_rate_baixo"", ""POS_ADJ_rate_alto""]","[""DEP_complete_ccomp_rate_baixo""]",0.16805555555555557,0.6386574074074074,0.12013888888888889,0.71487603305785119,1.1193419582493358,1,0.01280896347736625,1.2673174986580782,0.12815514618133622,0.17498314227916384,0.21093175067899883,0.4514938338540434,True,"[""DEP_complete_advcl_rate_baixo"", ""DEP_complete_ccomp_rate_baixo"", ""POS_ADJ_rate_alto""]",3,3,707087381bf3,93ed8a283308
"[""DEP_complete_advmod_rate_baixo"", ""uppercaseRatio_alto""]","[""DEP_complete_advcl_rate_baixo""]",0.11643518518518518,0.64351851851851849,0.083796296296296299,0.71968190854870784,1.1183546204785677,1,0.0088680984224965842,1.2717034410296826,0.11977530008959644,0.12393016090380007,0.21365314605871297,0.42494886794341868,True,"[""DEP_complete_advcl_rate_baixo"", ""DEP_complete_advmod_rate_baixo"", ""uppercaseRatio_alto""]",3,3,ab608a12d629,a6a2f99530b3
"[""DEP_complete_advcl_rate_baixo"", ""POS_PROPN_rate_alto""]","[""DEP_complete_ccomp_rate_baixo""]",0.17268518518518519,0.6386574074074074,0.12314814814814815,0.71313672922252003,1.1166185829073165,1,0.012861475480109741,1.2596335237106262,0.12623858190523876,0.17894382778338377,0.20611830252484725,0.45298010799654453,True,"[""DEP_complete_advcl_rate_baixo"", ""DEP_complete_ccomp_rate_baixo"", ""POS_PROPN_rate_alto""]",3,3,545510418faa,3095d133a105
"[""DEP_complete_advcl_rate_baixo"", ""DEP_complete_advmod_rate_baixo""]","[""DEP_complete_ccomp_rate_baixo""]",0.28240740740740738,0.6386574074074074,0.2013888888888889,0.71311475409836078,1.1165841745940264,1,0.021027306241426624,1.2595370370370376,0.14550241008528003,0.27983274364747507,0.20605748731897414,0.51422319799879979,True,"[""DEP_complete_advcl_rate_baixo"", ""DEP_complete_advmod_rate_baixo"", ""DEP_complete_ccomp_rate_baixo""]",3,3,9b9d0aeb1a68,caf71c79d835
"[""DEP_complete_advmod_rate_baixo"", ""DEP_complete_ccomp_rate_baixo""]","[""DEP_complete_advcl_rate_baixo""]",0.28032407407407406,0.64351851851851849,0.2013888888888889,0.7184145334434352,1.1163851742718129,1,0.020995156035665319,1.2659796893667863,0.14485938118107253,0.2787568087151554,0.21009791199716893,0.51568208686560246,True,"[""DEP_complete_advcl_rate_baixo"", ""DEP_complete_advmod_rate_baixo"", ""DEP_complete_ccomp_rate_baixo""]",3,3,9b9d0aeb1a68,1de22e36a589
"[""DEP_complete_advmod_rate_baixo"", ""punctuationDensity_spacy_baixo""]","[""DEP_complete_ccomp_rate_baixo""]",0.11990740740740741,0.6386574074074074,0.085185185185185183,0.71042471042471045,1.1123721453551103,1,0.0086054312414266115,1.2478364197530865,0.11478369508039245,0.12650395324853903,0.19861290777370222,0.42190318522322873,True,"[""DEP_complete_advmod_rate_baixo"", ""DEP_complete_ccomp_rate_baixo"", ""punctuationDensity_spacy_baixo""]",3,3,e2e477749904,cf1d68483f9f
"[""DEP_complete_advmod_rate_baixo"", ""DEP_complete_amod_rate_baixo""]","[""DEP_complete_ccomp_rate_baixo""]",0.11342592592592593,0.6386574074074074,0.080555555555555561,0.71020408163265303,1.1120266881671117,1,0.0081152477709190707,1.2468864110589462,0.11362954293088448,0.11995863495346434,0.19800232713200586,0.41816836919617428,True,"[""DEP_complete_advmod_rate_baixo"", ""DEP_complete_amod_rate_baixo"", ""DEP_complete_ccomp_rate_baixo""]",3,3,3d400f6730cc,b72ca52a0586
"[""DEP_complete_ccomp_rate_baixo"", ""POS_ADV_rate_baixo""]","[""DEP_complete_advcl_rate_baixo""]",0.18981481481481483,0.64351851851851849,0.13564814814814816,0.71463414634146338,1.110510615897526,1,0.013498799725651586,1.2492086103197213,0.12282788883471486,0.19442601194426015,0.19949318973709215,0.4627127566239691,True,"[""DEP_complete_advcl_rate_baixo"", ""DEP_complete_ccomp_rate_baixo"", ""POS_ADV_rate_baixo""]",3,3,881e49ef5118,1ac91cdca76c
"[""DEP_complete_advcl_rate_baixo"", ""diversidade_alto""]","[""DEP_complete_ccomp_rate_baixo""]",0.15578703703703703,0.6386574074074074,0.11041666666666666,0.70876671619613674,1.1097760833516892,1,0.010922121484910841,1.2407324735449738,0.11717105872032903,0.16142131979695434,0.19402448044030157,0.44082772199803211,True,"[""DEP_complete_advcl_rate_baixo"", ""DEP_complete_ccomp_rate_baixo"", ""diversidade_alto""]",3,3,8982ce33889a,0456ae685119
"[""POS_NOUN_rate_alto""]","[""DEP_complete_ccomp_rate_baixo""]",0.25277777777777777,0.6386574074074074,0.1787037037037037,0.706959706959707,1.106946695928211,1,0.017265303497942391,1.2330815972222224,0.12929772521524746,0.25073075673920103,0.18902366051629357,0.49338561643744683,True,"[""DEP_complete_ccomp_rate_baixo"", ""POS_NOUN_rate_alto""]",2,2,e5c38e769384,144b595c6cc6
"[""DEP_complete_ccomp_rate_baixo"", ""diversidade_baixo""]","[""DEP_complete_advcl_rate_baixo""]",0.15717592592592591,0.64351851851851849,0.1111111111111111,0.70692194403534614,1.0985261864146387,1,0.0099654921124828627,1.2163363111855576,0.10641536208001474,0.1611278952668681,0.17785895989136066,0.43979190726947165,True,"[""DEP_complete_advcl_rate_baixo"", ""DEP_complete_ccomp_rate_baixo"", ""diversidade_baixo""]",3,3,45e8771d1d4e,2dec7c75406d
"[""POS_ADJ_rate_alto""]","[""DEP_complete_ccomp_rate_baixo""]",0.25208333333333333,0.6386574074074074,0.1763888888888889,0.69972451790633616,1.095617947573531,1,0.015394000771604965,1.2033702854230381,0.11668823430497391,0.24692158133506162,0.16900058767160298,0.48795577109524857,True,"[""DEP_complete_ccomp_rate_baixo"", ""POS_ADJ_rate_alto""]",2,2,3dc2b7c73ed0,418aad9039d2
"[""DEP_complete_advmod_rate_baixo"", ""POS_NOUN_rate_alto""]","[""DEP_complete_advcl_rate_baixo""]",0.12453703703703704,0.64351851851851849,0.08773148148148148,0.70446096654275092,1.09470193362039,1,0.0075895919067215378,1.2062077801071514,0.098815525283630717,0.12895542701599183,0.17095543861343121,0.42039595089727477,True,"[""DEP_complete_advcl_rate_baixo"", ""DEP_complete_advmod_rate_baixo"", ""POS_NOUN_rate_alto""]",3,3,a1b37839689b,184e8d420cfe
"[""POS_PRON_rate_baixo"", ""POS_PROPN_rate_alto""]","[""DEP_complete_ccomp_rate_baixo""]",0.11874999999999999,0.6386574074074074,0.082870370370370372,0.69785575048732951,1.0926918601323898,1,0.0070298032407407479,1.195927419354839,0.096259756725702389,0.12285518188057652,0.16382885464783056,0.41380645443902542,True,"[""DEP_complete_ccomp_rate_baixo"", ""POS_PRON_rate_baixo"", ""POS_PROPN_rate_alto""]",3,3,9dfc0aee2734,dd4e0b9bb519
"[""DEP_complete_advmod_rate_baixo"", ""POS_ADV_rate_baixo""]","[""DEP_complete_advcl_rate_baixo""]",0.27824074074074073,0.64351851851851849,0.19560185185185186,0.7029950083194676,1.0924238978201799,1,0.016548782578875182,1.2002541757443721,0.11721973196291061,0.26936563595792162,0.16684314022084423,0.5034759214259209,True,"[""DEP_complete_advcl_rate_baixo"", ""DEP_complete_advmod_rate_baixo"", ""POS_ADV_rate_baixo""]",3,3,42af3e872bff,81331a3ce81f
"[""DEP_complete_ccomp_rate_baixo"", ""uppercaseRatio_alto""]","[""DEP_complete_advcl_rate_baixo""]",0.16111111111111112,0.64351851851851849,0.11319444444444444,0.70258620689655171,1.0917886380550732,1,0.0095164609053497856,1.1986044015029522,0.10021804195614774,0.16370940743220624,0.16569637259292436,0.43924274373604566,True,"[""DEP_complete_advcl_rate_baixo"", ""DEP_complete_ccomp_rate_baixo"", ""uppercaseRatio_alto""]",3,3,612d92b88d8d,bd22c807cf6a
"[""DEP_complete_advmod_rate_baixo""]","[""DEP_complete_ccomp_rate_baixo""]",0.40370370370370373,0.6386574074074074,0.28032407407407406,0.69438073394495403,1.0872507323820955,1,0.022495713305898446,1.1823292335487454,0.13457898867010964,0.36786148238153094,0.15421189663177542,0.56665394073108521,True,"[""DEP_complete_advmod_rate_baixo"", ""DEP_complete_ccomp_rate_baixo""]",2,2,e72a1b3fb993,d3dcb752be03
"[""DEP_complete_advmod_rate_baixo"", ""POS_PRON_rate_baixo""]","[""DEP_complete_advcl_rate_baixo""]",0.15717592592592591,0.64351851851851849,0.10995370370370371,0.69955817378497798,1.0870832053061528,1,0.008808084705075464,1.1865241466957157,0.095046184535769712,0.15918230563002683,0.15720214983837985,0.43521074156874801,True,"[""DEP_complete_advcl_rate_baixo"", ""DEP_complete_advmod_rate_baixo"", ""POS_PRON_rate_baixo""]",3,3,a4fb7fd9a505,06bb97ec1fbc
"[""DEP_complete_advmod_rate_baixo""]","[""DEP_complete_advcl_rate_baixo""]",0.40370370370370373,0.64351851851851849,0.28240740740740738,0.69954128440366958,1.0870569599366378,1,0.022616598079561012,1.1864574498162279,0.13430404235821181,0.36924939467312345,0.15715477183367058,0.56919510263348949,True,"[""DEP_complete_advcl_rate_baixo"", ""DEP_complete_advmod_rate_baixo""]",2,2,843543ba3ea3,c382115c091a
"[""DEP_complete_advcl_rate_baixo"", ""punctuationDensity_spacy_baixo""]","[""DEP_complete_ccomp_rate_baixo""]",0.15509259259259259,0.6386574074074074,0.1076388888888889,0.69402985074626877,1.0867013248364918,1,0.0085878557956104301,1.1809733514001812,0.094429223744292273,0.15688259109311742,0.15324084255213397,0.43128458829448268,True,"[""DEP_complete_advcl_rate_baixo"", ""DEP_complete_ccomp_rate_baixo"", ""punctuationDensity_spacy_baixo""]",3,3,6fa695cdc3ab,4378f90fe3dc
"[""DEP_complete_advcl_rate_baixo"", ""DEP_complete_obj_rate_alto""]","[""DEP_complete_ccomp_rate_baixo""]",0.13541666666666666,0.6386574074074074,0.09375,0.6923076923076924,1.0840047954944658,1,0.0072651427469135887,1.1743634259259264,0.089632604492042342,0.13780197346036069,0.14847484354210841,0.4195500041821173,True,"[""DEP_complete_advcl_rate_baixo"", ""DEP_complete_ccomp_rate_baixo"", ""DEP_complete_obj_rate_alto""]",3,3,7262923245d2,9e262bbd2a5b
"[""DEP_complete_ccomp_rate_baixo"", ""POS_NOUN_rate_alto""]","[""DEP_complete_advcl_rate_baixo""]",0.1787037037037037,0.64351851851851849,0.12453703703703704,0.69689119170984459,1.0829388302829239,1,0.0095378943758573503,1.1760842038619819,0.093251132634543682,0.17850033178500332,0.14972074557566803,0.44520818578297983,True,"[""DEP_complete_advcl_rate_baixo"", ""DEP_complete_ccomp_rate_baixo"", ""POS_NOUN_rate_alto""]",3,3,3d276f37d0f0,15767465e879
"[""POS_NOUN_rate_alto"", ""uppercaseRatio_baixo""]","[""DEP_complete_ccomp_rate_baixo""]",0.13333333333333333,0.6386574074074074,0.092129629629629631,0.69097222222222221,1.0819137368611815,1,0.0069753086419753058,1.1692883895131085,0.087359876304599876,0.13551242764725913,0.14477898782831516,0.41761369356852318,True,"[""DEP_complete_ccomp_rate_baixo"", ""POS_NOUN_rate_alto"", ""uppercaseRatio_baixo""]",3,3,a342722d084d,a8f570de6562
"[""DEP_complete_advmod_rate_baixo"", ""uppercaseRatio_baixo""]","[""DEP_complete_ccomp_rate_baixo""]",0.15648148148148147,0.6386574074074074,0.10810185185185185,0.69082840236686394,1.0816885459314434,1,0.008163794581618658,1.168744462165515,0.089529119470097826,0.15734501347708896,0.14438097259759913,0.43004631426788287,True,"[""DEP_complete_advmod_rate_baixo"", ""DEP_complete_ccomp_rate_baixo"", ""uppercaseRatio_baixo""]",3,3,2e069ab0427d,653477f82c3e
"[""DEP_complete_advcl_rate_baixo"", ""POS_PRON_rate_baixo""]","[""DEP_complete_ccomp_rate_baixo""]",0.22106481481481483,0.6386574074074074,0.15231481481481482,0.68900523560209426,1.0788338592972262,1,0.011130133316186563,1.1618928482354409,0.093811676610197098,0.21531413612565442,0.1393354374125863,0.4637487214617938,True,"[""DEP_complete_advcl_rate_baixo"", ""DEP_complete_ccomp_rate_baixo"", ""POS_PRON_rate_baixo""]",3,3,491a6559879a,d1f335943bb3
"[""POS_PRON_rate_baixo"", ""POS_PROPN_rate_alto""]","[""DEP_complete_advcl_rate_baixo""]",0.11874999999999999,0.64351851851851849,0.081944444444444445,0.69005847953216382,1.0723210904960243,1,0.0055266203703703831,1.150157232704403,0.076531634411187432,0.12044913235794488,0.13055365686944662,0.40869830451428335,True,"[""DEP_complete_advcl_rate_baixo"", ""POS_PRON_rate_baixo"", ""POS_PROPN_rate_alto""]",3,3,79313b18afe7,472ef2408204
"[""POS_PROPN_rate_alto""]","[""DEP_complete_advcl_rate_baixo""]",0.25046296296296294,0.64351851851851849,0.17268518518518519,0.68946395563770801,1.071397226026942,1,0.0115076303155007,1.1479552469135805,0.088907361807755519,0.23940949935815148,0.12888590152915502,0.47890463968935759,True,"[""DEP_complete_advcl_rate_baixo"", ""POS_PROPN_rate_alto""]",2,2,0a5b9f260700,1c6c09e78fb2
"[""DEP_complete_advcl_rate_baixo"", ""POS_PROPN_rate_baixo""]","[""DEP_complete_ccomp_rate_baixo""]",0.14953703703703702,0.6386574074074074,0.10231481481481482,0.6842105263157896,1.0713263768337118,1,0.0068118784293552948,1.144251543209877,0.078283991457644309,0.14917313533580831,0.1260662867932166,0.42220674920356349,True,"[""DEP_complete_advcl_rate_baixo"", ""DEP_complete_ccomp_rate_baixo"", ""POS_PROPN_rate_baixo""]",3,3,d2cc39515917,c700c7c21e22
"[""diversidade_baixo""]","[""DEP_complete_advcl_rate_baixo""]",0.25162037037037038,0.64351851851851849,0.17337962962962963,0.68905243790248383,1.0707577452297592,1,0.011457261659807955,1.1464360070129298,0.088300020193952777,0.24021808851828094,0.1277315141160586,0.47923844916706926,True,"[""DEP_complete_advcl_rate_baixo"", ""diversidade_baixo""]",2,2,514495056ba4,3a9ce43d4650
"[""DEP_complete_nsubj_rate_alto""]","[""DEP_complete_advcl_rate_baixo""]",0.24722222222222223,0.64351851851851849,0.1701388888888889,0.6882022471910112,1.0694365855630104,1,0.011046810699588488,1.1433099766433099,0.086251474759645633,0.2361066495342114,0.12534656354881069,0.47629536819982216,True,"[""DEP_complete_advcl_rate_baixo"", ""DEP_complete_nsubj_rate_alto""]",2,2,a57b9c11ce44,6501a01f402f
"[""DEP_complete_advmod_rate_baixo"", ""uppercaseRatio_baixo""]","[""DEP_complete_advcl_rate_baixo""]",0.15648148148148147,0.64351851851851849,0.1076388888888889,0.68786982248520723,1.0689200119194588,1,0.0069401577503429568,1.1420923292961214,0.076437331067124858,0.15546639919759281,0.124414047490971,0.42756800476778345,True,"[""DEP_complete_advcl_rate_baixo"", ""DEP_complete_advmod_rate_baixo"", ""uppercaseRatio_baixo""]",3,3,fff44d92c05f,01c21c784c02
"[""DEP_complete_amod_rate_alto"", ""DEP_complete_ccomp_rate_baixo""]","[""DEP_complete_advcl_rate_baixo""]",0.18356481481481482,0.64351851851851849,0.12615740740740741,0.6872635561160152,1.0679779001515057,1,0.0080300497256515918,1.1398782855436085,0.077962142632327938,0.1799867899603699,0.12271335222154919,0.44165336079182055,True,"[""DEP_complete_advcl_rate_baixo"", ""DEP_complete_amod_rate_alto"", ""DEP_complete_ccomp_rate_baixo""]",3,3,29499b48b237,ef0bbdadd026
"[""DEP_complete_advcl_rate_baixo"", ""DEP_complete_obj_rate_baixo""]","[""DEP_complete_ccomp_rate_baixo""]",0.1988425925925926,0.6386574074074074,0.13495370370370371,0.67869615832363217,1.0626920637760389,1,0.0079614090363511747,1.1246133588298446,0.07363550625122979,0.19209225700164748,0.1108055118245298,0.44500230170621624,True,"[""DEP_complete_advcl_rate_baixo"", ""DEP_complete_ccomp_rate_baixo"", ""DEP_complete_obj_rate_baixo""]",3,3,edb22e2e0031,ea36579b5c9c
"[""DEP_complete_advcl_rate_baixo"", ""POS_ADV_rate_baixo""]","[""DEP_complete_ccomp_rate_baixo""]",0.20000000000000001,0.6386574074074074,0.13564814814814816,0.6782407407407407,1.06197897789054,1,0.0079166666666666829,1.1230215827338128,0.072952218430034271,0.19295357260454399,0.10954516335682246,0.44531826815942438,True,"[""DEP_complete_advcl_rate_baixo"", ""DEP_complete_ccomp_rate_baixo"", ""POS_ADV_rate_baixo""]",3,3,881e49ef5118,51d9d303c0a9
"[""DEP_complete_amod_rate_alto"", ""POS_ADJ_rate_alto""]","[""DEP_complete_advcl_rate_baixo""]",0.17060185185185187,0.64351851851851849,0.11643518518518518,0.68249660786974209,1.0605702683443474,1,0.0066497342249657032,1.1227643241532128,0.068858409687007696,0.16688785666887856,0.10934113376447138,0.43171592983415163,True,"[""DEP_complete_advcl_rate_baixo"", ""DEP_complete_amod_rate_alto"", ""POS_ADJ_rate_alto""]",3,3,d3157b07ed0e,752035929c84
"[""POS_ADV_rate_baixo"", ""POS_PRON_rate_baixo""]","[""DEP_complete_ccomp_rate_baixo""]",0.11828703703703704,0.6386574074074074,0.08009259259259259,0.67710371819960857,1.0601986453868464,1,0.0045477001886145424,1.119067059483726,0.06439798044485455,0.11833105335157319,0.10639850264081299,0.40125573731654951,True,"[""DEP_complete_ccomp_rate_baixo"", ""POS_ADV_rate_baixo"", ""POS_PRON_rate_baixo""]",3,3,643fe2ac7543,dc1a3dbe2e2c
"[""DEP_complete_amod_rate_alto""]","[""DEP_complete_advcl_rate_baixo""]",0.24814814814814815,0.64351851851851849,0.16921296296296295,0.68190298507462688,1.0596478041447439,1,0.0095250342935528087,1.1206690561529273,0.074868760655826053,0.23421980134572254,0.10767590618336897,0.47242631268119833,True,"[""DEP_complete_advcl_rate_baixo"", ""DEP_complete_amod_rate_alto""]",2,2,0f2e9db7890b,408ee7980b24
"[""DEP_complete_ccomp_rate_baixo"", ""POS_ADJ_rate_alto""]","[""DEP_complete_advcl_rate_baixo""]",0.1763888888888889,0.64351851851851849,0.12013888888888889,0.68110236220472442,1.0584036707641762,1,0.0066293724279835459,1.1178555098308185,0.066998736056822272,0.171683757856434,0.10543000306779844,0.43389650484336939,True,"[""DEP_complete_advcl_rate_baixo"", ""DEP_complete_ccomp_rate_baixo"", ""POS_ADJ_rate_alto""]",3,3,707087381bf3,20b31122d5ee
"[""DEP_complete_ccomp_rate_baixo"", ""POS_PRON_rate_baixo""]","[""DEP_complete_advcl_rate_baixo""]",0.22384259259259259,0.64351851851851849,0.15231481481481482,0.68045501551189247,1.057397721946538,1,0.0082679612482853271,1.1155909145391347,0.069936916266973237,0.21301392036257691,0.10361406948790622,0.45857283149695344,True,"[""DEP_complete_advcl_rate_baixo"", ""DEP_complete_ccomp_rate_baixo"", ""POS_PRON_rate_baixo""]",3,3,491a6559879a,557cbfa03898
"[""POS_ADV_rate_baixo"", ""POS_PRON_rate_baixo""]","[""DEP_complete_advcl_rate_baixo""]",0.11828703703703704,0.64351851851851849,0.080324074074074076,0.67906066536203524,1.0552309620014362,1,0.0042041752400548693,1.1107441282746162,0.059361908660135285,0.11786684782608696,0.099702645690904132,0.4019404046234637,True,"[""DEP_complete_advcl_rate_baixo"", ""POS_ADV_rate_baixo"", ""POS_PRON_rate_baixo""]",3,3,d52dcc485428,2abddf8cf68d
"[""DEP_complete_amod_rate_baixo"", ""DEP_complete_ccomp_rate_baixo""]","[""DEP_complete_advcl_rate_baixo""]",0.16064814814814815,0.64351851851851849,0.10902777777777778,0.67867435158501443,1.0546306470673605,1,0.0056477194787380031,1.1094087360903506,0.061715166355748759,0.15684315684315683,0.098618960290430172,0.42404940600833457,True,"[""DEP_complete_advcl_rate_baixo"", ""DEP_complete_amod_rate_baixo"", ""DEP_complete_ccomp_rate_baixo""]",3,3,e7f51bee8aff,a8b3dfc151c7
"[""POS_NOUN_rate_alto""]","[""DEP_complete_advcl_rate_baixo""]",0.25277777777777777,0.64351851851851849,0.17152777777777778,0.6785714285714286,1.0544707091469683,1,0.0088605967078189407,1.1090534979423869,0.069131937650818584,0.23666560204407541,0.098330241187384204,0.47255909558067832,True,"[""DEP_complete_advcl_rate_baixo"", ""POS_NOUN_rate_alto""]",2,2,ee52e42000e6,d91dba5be2c6
"[""POS_PRON_rate_baixo"", ""uppercaseRatio_baixo""]","[""DEP_complete_ccomp_rate_baixo""]",0.12662037037037038,0.6386574074074074,0.085185185185185183,0.67276051188299812,1.0533981193673621,1,0.0043181477194787349,1.1042145147941236,0.058040395717857962,0.12525527569775358,0.094378866966400993,0.40307108595237257,True,"[""DEP_complete_ccomp_rate_baixo"", ""POS_PRON_rate_baixo"", ""uppercaseRatio_baixo""]",3,3,dfcedf2ae956,892218378884
"[""POS_ADV_rate_baixo""]","[""DEP_complete_advcl_rate_baixo""]",0.29583333333333334,0.64351851851851849,0.20000000000000001,0.676056338028169,1.0505623670078021,1,0.0096257716049382991,1.1004428341384864,0.068348674117905087,0.27050720100187853,0.09127492226083779,0.4934238524673219,True,"[""DEP_complete_advcl_rate_baixo"", ""POS_ADV_rate_baixo""]",2,2,10d47c724158,4190c92b757d
