display_id,pattern_id,representative_id,is_primary,features,itemset_size,support,max_rule_lift,max_rule_confidence,max_rule_jaccard,families,cross_family,closed,redundancy,redundancy_reasons,similar_patterns,related_details,rule_count,main_associations
P01,c300023d13bf,P01,True,"[""com_autor"", ""uppercaseRatio_baixo""]",2,0.22060185185185185,,,,"[""estilo"", ""metadata""]",True,True,baixa,[],[],[],0,[]
P02,1800c0b9672c,P02,True,"[""sem_autor"", ""uppercaseRatio_baixo""]",2,0.21504629629629629,,,,"[""estilo"", ""metadata""]",True,True,baixa,[],[],[],0,[]
P03,8ed1b3cd1e3d,P03,True,"[""com_autor"", ""typeTokenRatio_alto""]",2,0.17222222222222222,1.3670362761735844,0.68256880733944947,0.29724330803036358,"[""lexical"", ""metadata""]",True,True,baixa,[],[],[],1,"[{""antecedents"": [""typeTokenRatio_alto""], ""consequents"": [""com_autor""], ""support"": 0.17222222222222222, ""confidence"": 0.6825688073394495, ""lift"": 1.3670362761735844, ""jaccard"": 0.2972433080303636}]"
P04,60f27e4b6463,P04,True,"[""diversidade_baixo"", ""typeTokenRatio_baixo""]",2,0.17199074074074075,2.6917603332329785,0.68353265869365221,0.51561415683553091,"[""lexical""]",False,True,media,"[""mesma_familia"", ""regras_inversas_agrupadas""]",[],[],2,"[{""antecedents"": [""diversidade_baixo""], ""consequents"": [""typeTokenRatio_baixo""], ""support"": 0.17199074074074075, ""confidence"": 0.6835326586936522, ""lift"": 2.6917603332329785, ""jaccard"": 0.5156141568355309}, {""antecedents"": [""typeTokenRatio_baixo""], ""consequents"": [""diversidade_baixo""], ""support"": 0.17199074074074075, ""confidence"": 0.6773017319963537, ""lift"": 2.6917603332329785, ""jaccard"": 0.5156141568355309}]"
P05,ce15d5f1cf5d,P05,True,"[""punctuationDensity_alto"", ""sem_autor""]",2,0.16967592592592592,1.3284634418318981,0.66515426497277674,0.28949447077409168,"[""estilo"", ""metadata""]",True,True,baixa,[],[],[],1,"[{""antecedents"": [""punctuationDensity_alto""], ""consequents"": [""sem_autor""], ""support"": 0.16967592592592592, ""confidence"": 0.6651542649727767, ""lift"": 1.3284634418318981, ""jaccard"": 0.2894944707740917}]"
P06,e4ace79c89fb,P06,True,"[""diversidade_alto"", ""typeTokenRatio_alto""]",2,0.16574074074074074,2.5565088023803626,0.65688073394495416,0.48247978436657679,"[""lexical""]",False,True,media,"[""mesma_familia"", ""regras_inversas_agrupadas""]",[],[],2,"[{""antecedents"": [""typeTokenRatio_alto""], ""consequents"": [""diversidade_alto""], ""support"": 0.16574074074074074, ""confidence"": 0.6568807339449542, ""lift"": 2.5565088023803626, ""jaccard"": 0.4824797843665768}, {""antecedents"": [""diversidade_alto""], ""consequents"": [""typeTokenRatio_alto""], ""support"": 0.16574074074074074, ""confidence"": 0.6450450450450451, ""lift"": 2.556508802380362, ""jaccard"": 0.4824797843665768}]"
P07,9dee6bb96f14,P07,True,"[""sem_autor"", ""typeTokenRatio_baixo""]",2,0.1648148148148148,1.2962852920017649,0.64904284412032809,0.27943485086342229,"[""lexical"", ""metadata""]",True,True,baixa,[],[],[],1,"[{""antecedents"": [""typeTokenRatio_baixo""], ""consequents"": [""sem_autor""], ""support"": 0.1648148148148148, ""confidence"": 0.6490428441203281, ""lift"": 1.296285292001765, ""jaccard"": 0.2794348508634223}]"
P08,0b59acfe6380,P08,True,"[""com_autor"", ""punctuationDensity_baixo""]",2,0.15625,1.2357199339932314,0.61700182815356486,0.2620341614906832,"[""estilo"", ""metadata""]",True,True,baixa,[],[],[],1,"[{""antecedents"": [""punctuationDensity_baixo""], ""consequents"": [""com_autor""], ""support"": 0.15625, ""confidence"": 0.6170018281535649, ""lift"": 1.2357199339932314, ""jaccard"": 0.2620341614906832}]"
P09,7d9f8f5ed448,P09,True,"[""diversidade_baixo"", ""sem_autor""]",2,0.15254629629629629,1.2108297914962736,0.60625574977000918,0.2543419529139328,"[""lexical"", ""metadata""]",True,True,baixa,[],[],[],1,"[{""antecedents"": [""diversidade_baixo""], ""consequents"": [""sem_autor""], ""support"": 0.1525462962962963, ""confidence"": 0.6062557497700092, ""lift"": 1.2108297914962736, ""jaccard"": 0.2543419529139328}]"
P10,fe5936057217,P10,True,"[""com_autor"", ""diversidade_alto""]",2,0.14976851851851852,1.167387136789084,0.58288288288288292,0.24694656488549621,"[""lexical"", ""metadata""]",True,True,media,"[""cobertura_semelhante""]","[""P18""]","[{""display_id"": ""P18"", ""coverage_jaccard"": 0.7542503863987635, ""reason"": ""cobertura_semelhante""}]",1,"[{""antecedents"": [""diversidade_alto""], ""consequents"": [""com_autor""], ""support"": 0.14976851851851852, ""confidence"": 0.5828828828828829, ""lift"": 1.167387136789084, ""jaccard"": 0.2469465648854962}]"
P11,492d1cc6df52,P11,True,"[""punctuationDensity_alto"", ""typeTokenRatio_baixo""]",2,0.13842592592592592,2.1369615532875499,0.54512306289881485,0.37351655215490315,"[""estilo"", ""lexical""]",True,True,media,"[""regras_inversas_agrupadas""]",[],[],2,"[{""antecedents"": [""typeTokenRatio_baixo""], ""consequents"": [""punctuationDensity_alto""], ""support"": 0.13842592592592592, ""confidence"": 0.5451230628988148, ""lift"": 2.13696155328755, ""jaccard"": 0.37351655215490315}, {""antecedents"": [""punctuationDensity_alto""], ""consequents"": [""typeTokenRatio_baixo""], ""support"": 0.13842592592592592, ""confidence"": 0.542649727767695, ""lift"": 2.13696155328755, ""jaccard"": 0.37351655215490315}]"
P12,c527c8dcf64c,P12,True,"[""punctuationDensity_baixo"", ""typeTokenRatio_alto""]",2,0.13819444444444445,2.1627895275313218,0.54770642201834863,0.37618147448015127,"[""estilo"", ""lexical""]",True,True,media,"[""regras_inversas_agrupadas""]",[],[],2,"[{""antecedents"": [""typeTokenRatio_alto""], ""consequents"": [""punctuationDensity_baixo""], ""support"": 0.13819444444444445, ""confidence"": 0.5477064220183486, ""lift"": 2.162789527531322, ""jaccard"": 0.37618147448015127}, {""antecedents"": [""punctuationDensity_baixo""], ""consequents"": [""typeTokenRatio_alto""], ""support"": 0.13819444444444445, ""confidence"": 0.5457038391224863, ""lift"": 2.162789527531322, ""jaccard"": 0.37618147448015127}]"
P13,a8c7b35b30a3,P13,True,"[""sem_autor"", ""uppercaseRatio_alto""]",2,0.13796296296296295,1.0821334005800023,0.54181818181818175,0.22347206599175101,"[""estilo"", ""metadata""]",True,True,baixa,[],[],[],1,"[{""antecedents"": [""uppercaseRatio_alto""], ""consequents"": [""sem_autor""], ""support"": 0.13796296296296295, ""confidence"": 0.5418181818181818, ""lift"": 1.0821334005800023, ""jaccard"": 0.223472065991751}]"
P14,f88e2cbda465,P14,True,"[""typeTokenRatio_alto"", ""uppercaseRatio_baixo""]",2,0.11874999999999999,,,,"[""estilo"", ""lexical""]",True,True,baixa,[],[],[],0,[]
P15,4db0dac1316f,P15,True,"[""com_autor"", ""uppercaseRatio_alto""]",2,0.11666666666666667,,,,"[""estilo"", ""metadata""]",True,True,baixa,[],[],[],0,[]
P16,afa9d3a0b198,P16,True,"[""punctuationDensity_baixo"", ""uppercaseRatio_baixo""]",2,0.1162037037037037,,,,"[""estilo""]",False,True,media,"[""mesma_familia""]",[],[],0,[]
P17,a06d35073061,P17,True,"[""diversidade_alto"", ""uppercaseRatio_baixo""]",2,0.11527777777777778,,,,"[""estilo"", ""lexical""]",True,True,baixa,[],[],[],0,[]
P18,b39ecda11b8f,P10,False,"[""com_autor"", ""diversidade_alto"", ""typeTokenRatio_alto""]",3,0.11296296296296296,2.9893226323327138,0.75425038639876352,0.39071257005604476,"[""lexical"", ""metadata""]",True,True,media,"[""cobertura_semelhante""]","[""P10""]","[{""display_id"": ""P10"", ""coverage_jaccard"": 0.7542503863987635, ""reason"": ""cobertura_semelhante""}]",3,"[{""antecedents"": [""com_autor"", ""diversidade_alto""], ""consequents"": [""typeTokenRatio_alto""], ""support"": 0.11296296296296296, ""confidence"": 0.7542503863987635, ""lift"": 2.989322632332714, ""jaccard"": 0.39071257005604476}, {""antecedents"": [""com_autor"", ""typeTokenRatio_alto""], ""consequents"": [""diversidade_alto""], ""support"": 0.11296296296296296, ""confidence"": 0.6559139784946236, ""lift"": 2.5527462946817785, ""jaccard"": 0.3572474377745242}]"
P19,de1589a78e87,P19,True,"[""diversidade_baixo"", ""sem_autor"", ""typeTokenRatio_baixo""]",3,0.10787037037037037,2.7846949121829017,0.70713201820940819,0.36124031007751933,"[""lexical"", ""metadata""]",True,True,baixa,[],[],[],3,"[{""antecedents"": [""diversidade_baixo"", ""sem_autor""], ""consequents"": [""typeTokenRatio_baixo""], ""support"": 0.10787037037037037, ""confidence"": 0.7071320182094082, ""lift"": 2.7846949121829017, ""jaccard"": 0.36124031007751933}, {""antecedents"": [""sem_autor"", ""typeTokenRatio_baixo""], ""consequents"": [""diversidade_baixo""], ""support"": 0.10787037037037037, ""confidence"": 0.6544943820224719, ""lift"": 2.6011184271730254, ""jaccard"": 0.3495873968492123}]"
P20,8089c9553752,P20,True,"[""diversidade_alto"", ""sem_autor""]",2,0.10717592592592592,,,,"[""lexical"", ""metadata""]",True,True,baixa,[],[],[],0,[]
P21,15553bd8f401,P21,True,"[""typeTokenRatio_baixo"", ""uppercaseRatio_baixo""]",2,0.10625,,,,"[""estilo"", ""lexical""]",True,True,baixa,[],[],[],0,[]
P22,d6124cde1930,P22,True,"[""diversidade_baixo"", ""uppercaseRatio_baixo""]",2,0.10532407407407407,,,,"[""estilo"", ""lexical""]",True,True,baixa,[],[],[],0,[]
P23,45319f3f5de0,P23,True,"[""punctuationDensity_alto"", ""uppercaseRatio_baixo""]",2,0.1050925925925926,,,,"[""estilo""]",False,True,media,"[""mesma_familia""]",[],[],0,[]
P24,8335b3c73a69,P24,True,"[""com_autor"", ""diversidade_baixo""]",2,0.099074074074074078,,,,"[""lexical"", ""metadata""]",True,True,baixa,[],[],[],0,[]
P25,3c0f9975805b,P25,True,"[""punctuationDensity_alto"", ""sem_autor"", ""typeTokenRatio_baixo""]",3,0.098379629629629636,2.3399743061644815,0.71070234113712383,0.3059755219582434,"[""estilo"", ""lexical"", ""metadata""]",True,True,baixa,[],[],[],3,"[{""antecedents"": [""sem_autor"", ""typeTokenRatio_baixo""], ""consequents"": [""punctuationDensity_alto""], ""support"": 0.09837962962962964, ""confidence"": 0.5969101123595506, ""lift"": 2.3399743061644815, ""jaccard"": 0.3059755219582434}, {""antecedents"": [""punctuationDensity_alto"", ""sem_autor""], ""consequents"": [""typeTokenRatio_baixo""], ""support"": 0.09837962962962964, ""confidence"": 0.5798090040927695, ""lift"": 2.2832952576852907, ""jaccard"": 0.30249110320284694}]"
P26,437216423fd9,P26,True,"[""punctuationDensity_baixo"", ""sem_autor""]",2,0.096990740740740738,,,,"[""estilo"", ""metadata""]",True,True,baixa,[],[],[],0,[]
P27,4eb4b330463b,P27,True,"[""com_autor"", ""punctuationDensity_baixo"", ""typeTokenRatio_alto""]",3,0.096759259259259253,2.454311926605504,0.70016750418760465,0.31031922791388267,"[""estilo"", ""lexical"", ""metadata""]",True,True,baixa,[],[],[],3,"[{""antecedents"": [""com_autor"", ""punctuationDensity_baixo""], ""consequents"": [""typeTokenRatio_alto""], ""support"": 0.09675925925925925, ""confidence"": 0.6192592592592592, ""lift"": 2.454311926605504, ""jaccard"": 0.31031922791388267}, {""antecedents"": [""com_autor"", ""typeTokenRatio_alto""], ""consequents"": [""punctuationDensity_baixo""], ""support"": 0.09675925925925925, ""confidence"": 0.5618279569892473, ""lift"": 2.218552810048947, ""jaccard"": 0.29436619718309853}]"
P28,2967678a0d61,P28,True,"[""com_autor"", ""typeTokenRatio_baixo""]",2,0.089120370370370364,,,,"[""lexical"", ""metadata""]",True,True,baixa,[],[],[],0,[]
P29,409033ccbbf7,P29,True,"[""com_autor"", ""punctuationDensity_alto""]",2,0.085416666666666669,,,,"[""estilo"", ""metadata""]",True,True,baixa,[],[],[],0,[]
P30,47040babbc40,P30,True,"[""com_autor"", ""typeTokenRatio_alto"", ""uppercaseRatio_baixo""]",3,0.081944444444444445,1.3820364541395214,0.69005847953216382,0.1528497409326425,"[""estilo"", ""lexical"", ""metadata""]",True,True,baixa,[],[],[],1,"[{""antecedents"": [""typeTokenRatio_alto"", ""uppercaseRatio_baixo""], ""consequents"": [""com_autor""], ""support"": 0.08194444444444444, ""confidence"": 0.6900584795321638, ""lift"": 1.3820364541395214, ""jaccard"": 0.1528497409326425}]"
P31,2cc79e8e48c3,P31,True,"[""sem_autor"", ""typeTokenRatio_alto""]",2,0.08009259259259259,,,,"[""lexical"", ""metadata""]",True,True,baixa,[],[],[],0,[]
