display_id,pattern_id,features,pattern_text,representative_rule_id,original_directed_rule_ids,directed_rule_count,representative_arrow,train_rule_rediscovery_pct,validation_grammar_filters_pass,train_rule_confidence_pct,train_rule_lift,train_occurrences,train_fake_count,train_true_count,train_support_pct,train_fake_pct,train_true_pct,train_fake_coverage_pct,train_true_coverage_pct,train_baseline_fake_pct,train_baseline_true_pct,train_lift_fake_class,train_lift_true_class,train_with_author_occurrences,train_with_author_fake_count,train_with_author_true_count,train_with_author_fake_pct,train_with_author_baseline_fake_pct,train_with_author_excess_fake_pp,train_without_author_occurrences,train_without_author_fake_count,train_without_author_true_count,train_without_author_fake_pct,train_without_author_baseline_fake_pct,train_without_author_excess_fake_pp,train_author_adjusted_excess_fake_pp,train_author_standardized_fake_pct,validation_occurrences,validation_fake_count,validation_true_count,validation_support_pct,validation_fake_pct,validation_true_pct,validation_fake_coverage_pct,validation_true_coverage_pct,validation_baseline_fake_pct,validation_baseline_true_pct,validation_lift_fake_class,validation_lift_true_class,validation_with_author_occurrences,validation_with_author_fake_count,validation_with_author_true_count,validation_with_author_fake_pct,validation_with_author_baseline_fake_pct,validation_with_author_excess_fake_pp,validation_without_author_occurrences,validation_without_author_fake_count,validation_without_author_true_count,validation_without_author_fake_pct,validation_without_author_baseline_fake_pct,validation_without_author_excess_fake_pp,validation_author_adjusted_excess_fake_pp,validation_author_standardized_fake_pct,validation_fake_ci_low_pct,validation_fake_ci_high_pct,validation_fake_bootstrap_valid_repetitions,validation_author_adjusted_excess_fake_ci_low_pp,validation_author_adjusted_excess_fake_ci_high_pp,validation_author_adjusted_excess_fake_bootstrap_valid_repetitions,validation_paired_permutation_p,validation_paired_permutation_q_bh,validation_paired_permutation_q_by,test_occurrences,test_fake_count,test_true_count,test_support_pct,test_fake_pct,test_true_pct,test_fake_coverage_pct,test_true_coverage_pct,test_baseline_fake_pct,test_baseline_true_pct,test_lift_fake_class,test_lift_true_class,test_with_author_occurrences,test_with_author_fake_count,test_with_author_true_count,test_with_author_fake_pct,test_with_author_baseline_fake_pct,test_with_author_excess_fake_pp,test_without_author_occurrences,test_without_author_fake_count,test_without_author_true_count,test_without_author_fake_pct,test_without_author_baseline_fake_pct,test_without_author_excess_fake_pp,test_author_adjusted_excess_fake_pp,test_author_standardized_fake_pct,test_fake_ci_low_pct,test_fake_ci_high_pct,test_fake_bootstrap_valid_repetitions,test_author_adjusted_excess_fake_ci_low_pp,test_author_adjusted_excess_fake_ci_high_pp,test_author_adjusted_excess_fake_bootstrap_valid_repetitions,all_occurrences,all_fake_count,all_true_count,all_support_pct,all_fake_pct,all_true_pct,all_fake_coverage_pct,all_true_coverage_pct,all_baseline_fake_pct,all_baseline_true_pct,all_lift_fake_class,all_lift_true_class,all_with_author_occurrences,all_with_author_fake_count,all_with_author_true_count,all_with_author_fake_pct,all_with_author_baseline_fake_pct,all_with_author_excess_fake_pp,all_without_author_occurrences,all_without_author_fake_count,all_without_author_true_count,all_without_author_fake_pct,all_without_author_baseline_fake_pct,all_without_author_excess_fake_pp,all_author_adjusted_excess_fake_pp,all_author_standardized_fake_pct,target_class,validation_target_pct,validation_target_ci_low_pct,validation_target_coverage_pct,ranking_score,eligible_for_shortlist,selection_status,redundant_with_pattern_id
R01,960f402600bc8d42,"[""DEP_advmod_rate_baixo"", ""POS_ADV_rate_baixo"", ""POS_VERB_rate_baixo""]",DEP_advmod_rate_baixo + POS_ADV_rate_baixo + POS_VERB_rate_baixo,879aa9d69381,"[""879aa9d69381"", ""f3247c4cde1d""]",2,POS_ADV_rate_baixo + POS_VERB_rate_baixo → DEP_advmod_rate_baixo,98.0,True,97.22921914357683,2.9810519992920645,386,114,272,8.935185185185185,29.533678756476682,70.46632124352331,5.277777777777778,12.592592592592593,50.0,50.0,0.5906735751295337,1.4093264248704662,271,2,269,0.7380073800738007,2.039870190078813,-1.3018628100050125,115,112,3,97.3913043478261,97.82709200184928,-0.43578765402318975,-0.8682237909335582,49.131776209066444,126,24,102,8.75,19.047619047619047,80.95238095238095,3.3333333333333335,14.166666666666666,50.0,50.0,0.38095238095238093,1.619047619047619,99,1,98,1.0101010101010102,2.351313969571231,-1.3412129594702207,27,23,4,85.18518518518519,98.04741980474198,-12.862234619556789,-7.077721661054991,42.922278338945006,12.172595520421607,25.784200764388487,1000,-13.88079092934277,-0.7413707470392222,1000,0.0002,0.00038750000000000004,0.0019821329735504475,117,36,81,8.125,30.76923076923077,69.23076923076923,5.0,11.25,50.0,50.0,0.6153846153846154,1.3846153846153846,80,0,80,0.0,1.52990264255911,-1.52990264255911,37,36,1,97.2972972972973,98.3356449375867,-1.0383476402893832,-1.2837837837837813,48.71621621621622,22.85658042744657,38.76291989664083,1000,-4.423967642048506,0.47168153861422635,1000,629,174,455,8.73611111111111,27.662957074721778,72.33704292527821,4.833333333333333,12.63888888888889,50.0,50.0,0.5532591414944356,1.4467408585055643,450,3,447,0.6666666666666667,2.0005557099194218,-1.333889043252755,179,171,8,95.53072625698324,97.97278533740628,-2.4420590804230313,-1.8881279743430557,48.11187202565694,True,80.95238095238095,74.21579923561151,14.166666666666666,8.932205799750289,True,selected,
R02,f953efc08f59da68,"[""DEP_advmod_rate_baixo"", ""POS_ADV_rate_baixo"", ""POS_NOUN_rate_alto""]",DEP_advmod_rate_baixo + POS_ADV_rate_baixo + POS_NOUN_rate_alto,15f76ab8f838,"[""15f76ab8f838"", ""e3f4f788feaf""]",2,DEP_advmod_rate_baixo + POS_NOUN_rate_alto → POS_ADV_rate_baixo,99.0,True,88.56502242152466,2.9937472367839324,395,113,282,9.143518518518519,28.607594936708864,71.39240506329114,5.231481481481482,13.055555555555555,50.0,50.0,0.5721518987341773,1.4278481012658228,278,1,277,0.3597122302158274,2.039870190078813,-1.6801579598629859,117,112,5,95.72649572649573,97.82709200184928,-2.10059627535355,-1.890669088660692,48.10933091133931,143,30,113,9.930555555555555,20.97902097902098,79.02097902097903,4.166666666666667,15.694444444444445,50.0,50.0,0.4195804195804196,1.5804195804195804,112,2,110,1.7857142857142856,2.351313969571231,-0.5655996838569454,31,28,3,90.32258064516128,98.04741980474198,-7.724839159580688,-4.130304339477725,45.869695660522275,14.787603828096785,27.66628330458117,1000,-9.902863516680783,0.4199944376771591,1000,0.0002,0.00038750000000000004,0.0019821329735504475,116,26,90,8.055555555555555,22.413793103448278,77.58620689655173,3.611111111111111,12.5,50.0,50.0,0.4482758620689655,1.5517241379310345,89,0,89,0.0,1.52990264255911,-1.52990264255911,27,26,1,96.29629629629629,98.3356449375867,-2.039348641290395,-1.7849794238683159,48.215020576131685,15.73852657004831,29.359147328656235,1000,-6.066907348351277,0.47168153861422635,1000,654,169,485,9.083333333333334,25.840978593272173,74.15902140672783,4.694444444444445,13.472222222222221,50.0,50.0,0.5168195718654435,1.4831804281345566,479,3,476,0.6263048016701461,2.0005557099194218,-1.3742509082492758,175,166,9,94.85714285714286,97.97278533740628,-3.115642480263414,-2.2451885541969023,47.7548114458031,True,79.02097902097903,72.33371669541883,15.694444444444445,8.759295361601787,True,selected,
R03,eee0574f0591a18a,"[""DEP_advmod_rate_baixo"", ""DEP_ccomp_rate_baixo"", ""POS_VERB_rate_baixo""]",DEP_advmod_rate_baixo + DEP_ccomp_rate_baixo + POS_VERB_rate_baixo,89bfe376f7a5,"[""89bfe376f7a5""]",1,DEP_advmod_rate_baixo + POS_VERB_rate_baixo → DEP_ccomp_rate_baixo,82.0,True,82.10290827740492,1.3849455828129218,367,109,258,8.49537037037037,29.70027247956403,70.29972752043598,5.046296296296297,11.944444444444445,50.0,50.0,0.5940054495912807,1.4059945504087195,255,4,251,1.5686274509803921,2.039870190078813,-0.4712427390984212,112,105,7,93.75,97.82709200184928,-4.07709200184928,-2.2766714324618724,47.723328567538125,117,19,98,8.125,16.23931623931624,83.76068376068376,2.638888888888889,13.61111111111111,50.0,50.0,0.3247863247863248,1.6752136752136753,97,1,96,1.0309278350515463,2.351313969571231,-1.3203861345196846,20,18,2,90.0,98.04741980474198,-8.047419804741974,-4.669888316151199,45.3301116838488,9.734513274336283,22.940743530056135,1000,-12.482471146144384,0.6411959178033779,1000,0.0002,0.00038750000000000004,0.0019821329735504475,110,37,73,7.638888888888889,33.63636363636363,66.36363636363637,5.138888888888889,10.13888888888889,50.0,50.0,0.6727272727272727,1.3272727272727274,72,0,72,0.0,1.52990264255911,-1.52990264255911,38,37,1,97.36842105263158,98.3356449375867,-0.967223884955104,-1.2481725146198819,48.75182748538012,25.219594594594593,42.00392156862745,1000,-4.184389952220828,0.40993876889598957,1000,594,165,429,8.25,27.77777777777778,72.22222222222221,4.583333333333333,11.916666666666666,50.0,50.0,0.5555555555555556,1.4444444444444444,424,5,419,1.179245283018868,2.0005557099194218,-0.8213104269005539,170,160,10,94.11764705882352,97.97278533740628,-3.855138278582748,-2.338645717721051,47.66135428227895,True,83.76068376068376,77.05925646994386,13.61111111111111,8.186089733879111,True,selected,
R04,044b4a18072cb022,"[""DEP_ccomp_rate_baixo"", ""POS_VERB_rate_baixo""]",DEP_ccomp_rate_baixo + POS_VERB_rate_baixo,3d086ad2bddd,"[""3d086ad2bddd""]",1,POS_VERB_rate_baixo → DEP_ccomp_rate_baixo,100.0,True,79.85865724381625,1.3470886344915511,904,363,541,20.925925925925927,40.15486725663717,59.845132743362825,16.805555555555557,25.046296296296298,50.0,50.0,0.8030973451327433,1.1969026548672566,541,11,530,2.033271719038817,2.039870190078813,-0.006598471039996265,363,352,11,96.96969696969697,97.82709200184928,-0.8573950321523083,-0.4325875825413692,49.56741241745863,281,88,193,19.51388888888889,31.316725978647685,68.68327402135232,12.222222222222221,26.805555555555557,50.0,50.0,0.6263345195729537,1.3736654804270463,192,3,189,1.5625,2.351313969571231,-0.788813969571231,89,85,4,95.50561797752809,98.04741980474198,-2.5418018272138854,-1.6616558403558028,48.338344159644194,26.66614420062696,35.83633038521291,1000,-3.8718742666729544,0.2518230666833605,1000,0.0002,0.00038750000000000004,0.0019821329735504475,281,126,155,19.51388888888889,44.83985765124555,55.16014234875445,17.5,21.52777777777778,50.0,50.0,0.896797153024911,1.103202846975089,155,2,153,1.2903225806451613,1.52990264255911,-0.23958006191394862,126,124,2,98.4126984126984,98.3356449375867,0.07705347511172134,-0.08104340900040137,49.9189565909996,39.845640502117355,49.81142518972359,1000,-1.2604237528224744,1.2823595491418815,1000,1466,577,889,20.36111111111111,39.35879945429741,60.64120054570259,16.02777777777778,24.694444444444443,50.0,50.0,0.7871759890859482,1.2128240109140518,888,16,872,1.8018018018018018,2.0005557099194218,-0.19875390811762012,578,561,17,97.05882352941177,97.97278533740628,-0.9139618079945122,-0.5564571924866045,49.443542807513396,True,68.68327402135232,64.1636696147871,26.805555555555557,7.333109904993199,True,selected,
R05,db6f966588f8f010,"[""POS_NOUN_rate_alto"", ""uppercaseRatio_baixo""]",POS_NOUN_rate_alto + uppercaseRatio_baixo,692298c7e196,"[""692298c7e196""]",1,POS_NOUN_rate_alto → uppercaseRatio_baixo,97.0,True,52.74725274725275,1.2107764711377889,576,198,378,13.333333333333334,34.375,65.625,9.166666666666666,17.5,50.0,50.0,0.6875,1.3125,374,4,370,1.06951871657754,2.039870190078813,-0.9703514735012733,202,194,8,96.03960396039604,97.82709200184928,-1.7874880414532446,-1.3794872134272256,48.620512786572775,182,48,134,12.63888888888889,26.373626373626376,73.62637362637363,6.666666666666667,18.61111111111111,50.0,50.0,0.5274725274725275,1.4725274725274726,133,2,131,1.5037593984962405,2.351313969571231,-0.8475545710749904,49,46,3,93.87755102040816,98.04741980474198,-4.169868784333808,-2.50179018976011,47.498209810239885,20.5125,32.58572509751412,1000,-6.573941060981275,0.3166751430706662,1000,0.0002,0.00038750000000000004,0.0019821329735504475,178,65,113,12.36111111111111,36.51685393258427,63.48314606741573,9.027777777777779,15.694444444444445,50.0,50.0,0.7303370786516854,1.2696629213483146,114,1,113,0.8771929824561403,1.52990264255911,-0.6527096601029696,64,64,0,100.0,98.3356449375867,1.664355062413314,0.5074317738791418,50.50743177387914,29.884882253994956,42.94322845417236,1000,-0.26913178476016186,1.652514951474771,1000,936,311,625,13.0,33.22649572649573,66.77350427350427,8.63888888888889,17.36111111111111,50.0,50.0,0.6645299145299145,1.3354700854700854,621,7,614,1.1272141706924315,2.0005557099194218,-0.8733415392269903,315,304,11,96.5079365079365,97.97278533740628,-1.464848829469767,-1.1691773381386903,48.83082266186131,True,73.62637362637363,67.41427490248589,18.61111111111111,7.287243494591028,True,selected,
R06,c206aeeaf2036529,"[""DEP_advcl_rate_baixo"", ""POS_NOUN_rate_alto""]",DEP_advcl_rate_baixo + POS_NOUN_rate_alto,93993666a2b1,"[""93993666a2b1""]",1,POS_NOUN_rate_alto → DEP_advcl_rate_baixo,92.0,True,63.27838827838828,1.0787791529701554,691,226,465,15.99537037037037,32.70622286541244,67.29377713458756,10.462962962962964,21.52777777777778,50.0,50.0,0.6541244573082489,1.345875542691751,455,3,452,0.6593406593406593,2.039870190078813,-1.380529530738154,236,223,13,94.49152542372882,97.82709200184928,-3.3355665781204635,-2.3594057190455464,47.64059428095445,224,63,161,15.555555555555555,28.125,71.875,8.75,22.36111111111111,50.0,50.0,0.5625,1.4375,158,2,156,1.2658227848101267,2.351313969571231,-1.0854911847611044,66,61,5,92.42424242424242,98.04741980474198,-5.6231773804995555,-3.3448807697225416,46.65511923027746,22.977171985815602,33.48643543956043,1000,-6.927592974456384,-0.7387305562816855,1000,0.0002,0.00038750000000000004,0.0019821329735504475,237,75,162,16.458333333333332,31.645569620253166,68.35443037974683,10.416666666666666,22.5,50.0,50.0,0.6329113924050633,1.3670886075949367,161,1,160,0.6211180124223602,1.52990264255911,-0.9087846301367497,76,74,2,97.36842105263158,98.3356449375867,-0.967223884955104,-0.9380448403617729,49.061955159638224,26.52046035805627,36.88635126862118,1000,-2.9481610605279505,0.6589501573080996,1000,1152,364,788,16.0,31.59722222222222,68.40277777777779,10.11111111111111,21.88888888888889,50.0,50.0,0.6319444444444444,1.3680555555555556,774,6,768,0.7751937984496124,2.0005557099194218,-1.2253619114698096,378,358,20,94.70899470899471,97.97278533740628,-3.263790628411567,-2.2448593850402636,47.755140614959736,True,71.875,66.51356456043956,22.36111111111111,7.184149244065419,True,selected,
R07,f2303e71ec216805,"[""DEP_advcl_rate_baixo"", ""POS_PRON_rate_baixo"", ""POS_VERB_rate_baixo""]",DEP_advcl_rate_baixo + POS_PRON_rate_baixo + POS_VERB_rate_baixo,9abddbcf520f,"[""9abddbcf520f""]",1,POS_PRON_rate_baixo + POS_VERB_rate_baixo → DEP_advcl_rate_baixo,99.0,False,76.65369649805449,1.306803349927369,394,156,238,9.12037037037037,39.59390862944163,60.40609137055838,7.222222222222222,11.018518518518519,50.0,50.0,0.7918781725888325,1.2081218274111676,235,2,233,0.851063829787234,2.039870190078813,-1.1888063602915793,159,154,5,96.85534591194968,97.82709200184928,-0.9717460898995944,-1.0801254887967036,48.9198745112033,114,26,88,7.916666666666667,22.807017543859647,77.19298245614034,3.611111111111111,12.222222222222221,50.0,50.0,0.45614035087719296,1.543859649122807,87,1,86,1.1494252873563218,2.351313969571231,-1.201888682214909,27,25,2,92.5925925925926,98.04741980474198,-5.454827212149382,-3.3194976585781153,46.680502341421885,15.989908256880735,29.690504807692307,1000,-9.167287072990144,0.9140937658639174,1000,0.0002,0.00038750000000000004,0.0019821329735504475,109,45,64,7.569444444444445,41.284403669724774,58.71559633027523,6.25,8.88888888888889,50.0,50.0,0.8256880733944955,1.1743119266055047,64,1,63,1.5625,1.52990264255911,0.03259735744089009,45,44,1,97.77777777777777,98.3356449375867,-0.5578671598089113,-0.2630449459876563,49.73695505401234,32.98427618470068,50.0,1000,-3.243344461745431,2.3129447291136684,1000,617,227,390,8.569444444444445,36.790923824959485,63.20907617504052,6.305555555555555,10.833333333333334,50.0,50.0,0.7358184764991896,1.2641815235008105,386,4,382,1.0362694300518136,2.0005557099194218,-0.9642862798676084,231,223,8,96.53679653679653,97.97278533740628,-1.4359888006097443,-1.2002030544776683,48.79979694552233,True,77.19298245614034,70.3094951923077,12.222222222222221,7.029256825655282,True,selected,
R08,25d548ee03bf3f10,"[""DEP_advmod_rate_baixo"", ""POS_ADV_rate_baixo"", ""punctuationDensity_spacy_baixo""]",DEP_advmod_rate_baixo + POS_ADV_rate_baixo + punctuationDensity_spacy_baixo,ce8ff73ea2ff,"[""c7a30d04837d"", ""ce8ff73ea2ff""]",2,POS_ADV_rate_baixo + punctuationDensity_spacy_baixo → DEP_advmod_rate_baixo,83.99999999999999,False,95.98930481283422,2.9430361731117376,359,90,269,8.310185185185185,25.069637883008355,74.93036211699165,4.166666666666667,12.453703703703704,50.0,50.0,0.5013927576601671,1.498607242339833,269,6,263,2.2304832713754648,2.039870190078813,0.19061308129665125,90,84,6,93.33333333333333,97.82709200184928,-4.493758668515946,-2.154825829547017,47.84517417045298,114,23,91,7.916666666666667,20.175438596491226,79.82456140350878,3.1944444444444446,12.63888888888889,50.0,50.0,0.40350877192982454,1.5964912280701755,95,6,89,6.315789473684211,2.351313969571231,3.96447550411298,19,17,2,89.47368421052632,98.04741980474198,-8.573735594215659,-2.2785087719298223,47.72149122807018,12.7268875192604,26.960178789110113,1000,-9.941369933390023,3.940488369839431,1000,0.0002,0.00038750000000000004,0.0019821329735504475,114,27,87,7.916666666666667,23.684210526315788,76.31578947368422,3.75,12.083333333333334,50.0,50.0,0.47368421052631576,1.5263157894736843,87,0,87,0.0,1.52990264255911,-1.52990264255911,27,27,0,100.0,98.3356449375867,1.664355062413314,0.06944444444444403,50.06944444444444,16.666666666666664,31.25,1000,-0.5330604944369016,0.6719912320192086,1000,587,140,447,8.152777777777779,23.850085178875638,76.14991482112437,3.888888888888889,12.416666666666666,50.0,50.0,0.47700170357751276,1.5229982964224873,451,12,439,2.6607538802660753,2.0005557099194218,0.6601981703466535,136,128,8,94.11764705882352,97.97278533740628,-3.855138278582748,-1.5980971841803988,48.401902815819604,True,79.82456140350878,73.03982121088988,12.63888888888889,6.880386556895404,True,selected,
R09,19c77db982d8d5f4,"[""DEP_advcl_rate_baixo"", ""POS_VERB_rate_baixo""]",DEP_advcl_rate_baixo + POS_VERB_rate_baixo,3463c6400cca,"[""3463c6400cca""]",1,POS_VERB_rate_baixo → DEP_advcl_rate_baixo,100.0,True,77.47349823321554,1.3207794489640536,877,358,519,20.300925925925927,40.820980615735465,59.17901938426454,16.574074074074073,24.02777777777778,50.0,50.0,0.8164196123147093,1.1835803876852908,514,6,508,1.1673151750972763,2.039870190078813,-0.8725550149815371,363,352,11,96.96969696969697,97.82709200184928,-0.8573950321523083,-0.8649644958010689,49.13503550419893,272,86,186,18.88888888888889,31.61764705882353,68.38235294117648,11.944444444444445,25.833333333333332,50.0,50.0,0.6323529411764706,1.3676470588235294,181,3,178,1.6574585635359116,2.351313969571231,-0.6938554060353195,91,83,8,91.20879120879121,98.04741980474198,-6.838628595950769,-3.75344039018072,46.24655960981928,26.693227091633464,36.823579707391225,1000,-6.496425777054886,-1.1350802733010004,1000,0.0002,0.00038750000000000004,0.0019821329735504475,261,107,154,18.125,40.99616858237548,59.00383141762452,14.86111111111111,21.38888888888889,50.0,50.0,0.8199233716475096,1.1800766283524904,153,2,151,1.3071895424836601,1.52990264255911,-0.22271310007544975,108,105,3,97.22222222222221,98.3356449375867,-1.113422715364465,-0.668686456063908,49.33131354393609,35.66077852814946,46.039136202830186,1000,-2.4362779154003045,0.924880845828874,1000,1410,551,859,19.583333333333332,39.07801418439716,60.92198581560284,15.305555555555555,23.86111111111111,50.0,50.0,0.7815602836879433,1.2184397163120568,848,11,837,1.2971698113207548,2.0005557099194218,-0.7033858985986672,562,540,22,96.08540925266904,97.97278533740628,-1.8873760847372356,-1.2955454347493596,48.704454565250636,True,68.38235294117648,63.176420292608775,25.833333333333332,6.69711355955661,True,selected,
R10,8685f3180b9e1582,"[""DEP_advcl_rate_baixo"", ""DEP_advmod_rate_baixo"", ""POS_VERB_rate_baixo""]",DEP_advcl_rate_baixo + DEP_advmod_rate_baixo + POS_VERB_rate_baixo,d8a685f8cc64,"[""d8a685f8cc64""]",1,DEP_advmod_rate_baixo + POS_VERB_rate_baixo → DEP_advcl_rate_baixo,69.0,False,80.76062639821029,1.3768188872938771,361,109,252,8.356481481481481,30.193905817174517,69.80609418282549,5.046296296296297,11.666666666666666,50.0,50.0,0.6038781163434903,1.3961218836565097,246,0,246,0.0,2.039870190078813,-2.039870190078813,115,109,6,94.78260869565217,97.82709200184928,-3.04448330619711,-2.5428743961352662,47.45712560386474,115,20,95,7.986111111111111,17.391304347826086,82.6086956521739,2.7777777777777777,13.194444444444445,50.0,50.0,0.34782608695652173,1.6521739130434783,92,1,91,1.0869565217391304,2.351313969571231,-1.2643574478321005,23,19,4,82.6086956521739,98.04741980474198,-15.438724152568062,-8.322010869565215,41.67798913043478,10.743063754427391,24.51026637069922,1000,-16.397999040965068,-1.064964568153599,1000,0.0002,0.00038750000000000004,0.0019821329735504475,99,30,69,6.875,30.303030303030305,69.6969696969697,4.166666666666667,9.583333333333334,50.0,50.0,0.6060606060606061,1.393939393939394,67,0,67,0.0,1.52990264255911,-1.52990264255911,32,30,2,93.75,98.3356449375867,-4.585644937586686,-3.059895833333334,46.94010416666667,21.49192450775792,39.17560601838952,1000,-8.00428862006448,0.20468020278129556,1000,575,159,416,7.986111111111111,27.652173913043477,72.34782608695653,4.416666666666667,11.555555555555555,50.0,50.0,0.5530434782608695,1.4469565217391305,405,1,404,0.24691358024691357,2.0005557099194218,-1.7536421296725082,170,158,12,92.94117647058823,97.97278533740628,-5.031608866818038,-3.3930807714032105,46.60691922859679,True,82.6086956521739,75.48973362930079,13.194444444444445,6.388662446803812,True,selected,
R11,b38b5fa88b863fa5,"[""DEP_ccomp_rate_baixo"", ""POS_NOUN_rate_alto""]",DEP_ccomp_rate_baixo + POS_NOUN_rate_alto,12141a4f6b1e,"[""12141a4f6b1e""]",1,POS_NOUN_rate_alto → DEP_ccomp_rate_baixo,100.0,True,66.75824175824175,1.1261054447309817,729,246,483,16.875,33.744855967078195,66.2551440329218,11.38888888888889,22.36111111111111,50.0,50.0,0.6748971193415638,1.3251028806584362,475,5,470,1.0526315789473684,2.039870190078813,-0.987238611131445,254,241,13,94.88188976377953,97.82709200184928,-2.945202238069755,-1.9675801215637518,48.03241987843625,239,75,164,16.59722222222222,31.380753138075313,68.6192468619247,10.416666666666666,22.77777777777778,50.0,50.0,0.6276150627615062,1.3723849372384938,165,2,163,1.2121212121212122,2.351313969571231,-1.139192757450019,74,73,1,98.64864864864865,98.04741980474198,0.601228843906676,-0.27260783510783115,49.72739216489217,25.861057147482597,36.654390502506104,1000,-1.9842624858086784,1.037146163497544,1000,0.0002,0.00038750000000000004,0.0019821329735504475,233,82,151,16.180555555555557,35.1931330472103,64.8068669527897,11.38888888888889,20.97222222222222,50.0,50.0,0.703862660944206,1.296137339055794,151,1,150,0.6622516556291391,1.52990264255911,-0.8676509869299708,82,81,1,98.78048780487805,98.3356449375867,0.4448428672913618,-0.21049260575387294,49.78950739424613,29.61282717765822,40.07936507936508,1000,-1.6518857701401455,1.069840180590678,1000,1201,403,798,16.680555555555557,33.55537052456287,66.44462947543714,11.194444444444445,22.166666666666668,50.0,50.0,0.6711074104912573,1.3288925895087427,791,8,783,1.0113780025284451,2.0005557099194218,-0.9891777073909768,410,395,15,96.34146341463415,97.97278533740628,-1.6313219227721332,-1.3103390017781356,48.68966099822186,True,68.6192468619247,63.345609497493896,22.77777777777778,6.3693349588493025,True,selected,
R12,9948d6356c8594d1,"[""DEP_ccomp_rate_baixo"", ""DEP_nsubj_rate_baixo"", ""POS_VERB_rate_baixo""]",DEP_ccomp_rate_baixo + DEP_nsubj_rate_baixo + POS_VERB_rate_baixo,2ebde835a7b8,"[""2ebde835a7b8"", ""a2acdc4b20e2""]",2,DEP_nsubj_rate_baixo + POS_VERB_rate_baixo → DEP_ccomp_rate_baixo,100.0,True,88.55421686746988,1.4937689061595856,441,149,292,10.208333333333334,33.78684807256236,66.21315192743764,6.898148148148148,13.518518518518519,50.0,50.0,0.6757369614512472,1.3242630385487528,290,4,286,1.3793103448275863,2.039870190078813,-0.6605598452512271,151,145,6,96.02649006622516,97.82709200184928,-1.8006019356241132,-1.2313725863337626,48.76862741366624,150,40,110,10.416666666666666,26.666666666666668,73.33333333333333,5.555555555555555,15.277777777777779,50.0,50.0,0.5333333333333333,1.4666666666666666,113,3,110,2.6548672566371683,2.351313969571231,0.30355328706593715,37,37,0,100.0,98.04741980474198,1.9525801952580246,1.124631268436581,51.12463126843658,19.996987951807228,33.72817366682398,1000,-0.14529016867170103,2.7768990858578397,1000,0.0002,0.00038750000000000004,0.0019821329735504475,134,53,81,9.305555555555555,39.55223880597015,60.447761194029844,7.361111111111111,11.25,50.0,50.0,0.7910447761194029,1.208955223880597,81,1,80,1.2345679012345678,1.52990264255911,-0.29533474132454207,53,52,1,98.11320754716981,98.3356449375867,-0.22243739041687416,-0.2588354427103556,49.74116455728964,31.85012919896641,47.796743697478995,1000,-2.564229604953984,1.5338511487790507,1000,725,242,483,10.069444444444445,33.37931034482759,66.62068965517241,6.722222222222222,13.416666666666666,50.0,50.0,0.6675862068965517,1.3324137931034483,484,8,476,1.6528925619834711,2.0005557099194218,-0.34766314793595077,241,234,7,97.0954356846473,97.97278533740628,-0.8773496527589741,-0.6125799679175769,49.387420032082424,True,73.33333333333333,66.27182633317602,15.277777777777779,6.360135889519893,True,selected,
R13,afaef19656e51b15,"[""DEP_advmod_rate_baixo"", ""POS_ADV_rate_baixo""]",DEP_advmod_rate_baixo + POS_ADV_rate_baixo,909d0314f156,"[""909d0314f156"", ""e16ef8f4fcce""]",2,POS_ADV_rate_baixo → DEP_advmod_rate_baixo,100.0,True,96.32237871674492,2.9532482331890564,1231,486,745,28.49537037037037,39.480097481722176,60.519902518277824,22.5,34.49074074074074,50.0,50.0,0.7896019496344435,1.2103980503655565,743,9,734,1.2113055181695829,2.039870190078813,-0.8285646719092306,488,477,11,97.74590163934425,97.82709200184928,-0.08119036250502365,-0.45435850727004085,49.545641492729956,416,149,267,28.88888888888889,35.81730769230769,64.1826923076923,20.694444444444443,37.083333333333336,50.0,50.0,0.7163461538461539,1.2836538461538463,268,6,262,2.2388059701492535,2.351313969571231,-0.11250799942197735,148,143,5,96.62162162162163,98.04741980474198,-1.4257981831203526,-0.7664170700551267,49.23358292994487,31.386861313868614,39.57857630757221,1000,-2.2163264631760815,0.5299552011414249,1000,0.0002,0.00038750000000000004,0.0019821329735504475,426,157,269,29.583333333333332,36.85446009389671,63.14553990610329,21.805555555555557,37.361111111111114,50.0,50.0,0.7370892018779343,1.2629107981220657,268,1,267,0.3731343283582089,1.52990264255911,-1.1567683142009009,158,156,2,98.73417721518987,98.3356449375867,0.3985322776031919,-0.378037948443435,49.621962051556565,32.83582089552239,40.749414519906324,1000,-1.3221653802145887,0.43679370133526463,1000,2073,792,1281,28.791666666666668,38.205499276411,61.794500723588996,22.0,35.583333333333336,50.0,50.0,0.76410998552822,1.23589001447178,1279,16,1263,1.2509773260359656,2.0005557099194218,-0.7495783838834563,794,776,18,97.73299748110831,97.97278533740628,-0.23978785629796828,-0.49461231585076987,49.505387684149234,True,64.1826923076923,60.42142369242779,37.083333333333336,6.346239171142188,True,selected,
R14,6b9567259c15f14a,"[""DEP_ccomp_rate_baixo"", ""POS_PRON_rate_baixo"", ""POS_VERB_rate_baixo""]",DEP_ccomp_rate_baixo + POS_PRON_rate_baixo + POS_VERB_rate_baixo,c882a83d95db,"[""c882a83d95db""]",1,POS_PRON_rate_baixo + POS_VERB_rate_baixo → DEP_ccomp_rate_baixo,100.0,True,77.62645914396887,1.3094350000075967,399,164,235,9.23611111111111,41.10275689223057,58.89724310776943,7.592592592592593,10.87962962962963,50.0,50.0,0.8220551378446115,1.1779448621553885,235,5,230,2.127659574468085,2.039870190078813,0.08778938438927172,164,159,5,96.95121951219512,97.82709200184928,-0.8758724896541614,-0.3947107622671972,49.605289237732805,119,30,89,8.26388888888889,25.210084033613445,74.78991596638656,4.166666666666667,12.36111111111111,50.0,50.0,0.5042016806722689,1.495798319327731,89,1,88,1.1235955056179776,2.351313969571231,-1.2277184639532535,30,29,1,96.66666666666667,98.04741980474198,-1.380753138075308,-1.3039169787765266,48.69608302122347,18.103448275862068,32.30952380952381,1000,-5.227893938011989,1.246705430249249,1000,0.0002,0.00038750000000000004,0.0019821329735504475,112,41,71,7.777777777777778,36.607142857142854,63.39285714285714,5.694444444444445,9.86111111111111,50.0,50.0,0.7321428571428571,1.2678571428571428,72,1,71,1.3888888888888888,1.52990264255911,-0.1410137536702211,40,40,0,100.0,98.3356449375867,1.664355062413314,0.7629243827160489,50.762924382716044,28.301410329712215,45.223320158102766,1000,-0.2691076713616002,2.581815761189749,1000,630,235,395,8.75,37.301587301587304,62.698412698412696,6.527777777777778,10.972222222222221,50.0,50.0,0.746031746031746,1.253968253968254,396,7,389,1.7676767676767675,2.0005557099194218,-0.2328789422426543,234,228,6,97.43589743589743,97.97278533740628,-0.5368879015088424,-0.38492564534231305,49.615074354657686,True,74.78991596638656,67.69047619047619,12.36111111111111,6.219683401003426,True,selected,
R15,11e010b31664451e,"[""DEP_advcl_rate_baixo"", ""DEP_advmod_rate_baixo""]",DEP_advcl_rate_baixo + DEP_advmod_rate_baixo,367f068cdc49,"[""367f068cdc49""]",1,DEP_advmod_rate_baixo → DEP_advcl_rate_baixo,95.0,True,63.59119943222144,1.0841120029486844,896,343,553,20.74074074074074,38.28125,61.71875,15.87962962962963,25.60185185185185,50.0,50.0,0.765625,1.234375,544,4,540,0.7352941176470588,2.039870190078813,-1.3045760724317546,352,339,13,96.30681818181817,97.82709200184928,-1.520273820031104,-1.4125747363339287,48.58742526366607,295,97,198,20.48611111111111,32.88135593220339,67.11864406779661,13.472222222222221,27.5,50.0,50.0,0.6576271186440678,1.3423728813559321,197,5,192,2.5380710659898478,2.351313969571231,0.18675709641861674,98,92,6,93.87755102040816,98.04741980474198,-4.169868784333808,-1.9824795400393613,48.017520459960636,28.251825544344133,37.547297137309684,1000,-4.377044988073278,0.12149197275809451,1000,0.0002,0.00038750000000000004,0.0019821329735504475,314,111,203,21.805555555555557,35.35031847133758,64.64968152866241,15.416666666666666,28.194444444444443,50.0,50.0,0.7070063694267515,1.2929936305732483,202,1,201,0.49504950495049505,1.52990264255911,-1.034853137608615,112,110,2,98.21428571428571,98.3356449375867,-0.12135922330097637,-0.5774718096809709,49.422528190319035,30.460869565217394,39.69230769230769,1000,-1.815930629612357,0.554878677467763,1000,1505,551,954,20.90277777777778,36.61129568106312,63.388704318936874,15.305555555555555,26.5,50.0,50.0,0.7322259136212624,1.2677740863787375,943,10,933,1.0604453870625663,2.0005557099194218,-0.9401103228568556,562,541,21,96.26334519572953,97.97278533740628,-1.7094401416767435,-1.3248820836305246,48.67511791636947,True,67.11864406779661,62.452702862690316,27.5,6.203739849361106,True,selected,
R16,1d9d91f022351f06,"[""DEP_ccomp_rate_baixo"", ""POS_NOUN_rate_alto"", ""uppercaseRatio_baixo""]",DEP_ccomp_rate_baixo + POS_NOUN_rate_alto + uppercaseRatio_baixo,9d2f2cf10054,"[""38d9c569a5ce"", ""9d2f2cf10054""]",2,POS_NOUN_rate_alto + uppercaseRatio_baixo → DEP_ccomp_rate_baixo,97.0,True,65.27777777777779,1.1011323701679032,376,128,248,8.703703703703704,34.04255319148936,65.95744680851064,5.925925925925926,11.481481481481481,50.0,50.0,0.6808510638297872,1.3191489361702127,246,4,242,1.6260162601626018,2.039870190078813,-0.4138539299162115,130,124,6,95.38461538461539,97.82709200184928,-2.4424766172338908,-1.4295740393301328,48.570425960669866,127,33,94,8.819444444444445,25.984251968503933,74.01574803149606,4.583333333333333,13.055555555555555,50.0,50.0,0.5196850393700787,1.4803149606299213,94,1,93,1.0638297872340425,2.351313969571231,-1.2874841823371885,33,32,1,96.96969696969697,98.04741980474198,-1.077722835045003,-1.1830405114979545,48.81695948850204,18.603244561140286,32.82442748091603,1000,-4.838187305738515,1.1543058319483877,1000,0.0002,0.00038750000000000004,0.0019821329735504475,128,47,81,8.88888888888889,36.71875,63.28125,6.527777777777778,11.25,50.0,50.0,0.734375,1.265625,82,1,81,1.2195121951219512,1.52990264255911,-0.31039044743715866,46,46,0,100.0,98.3356449375867,1.664355062413314,0.678353658536585,50.678353658536594,28.924701561065195,44.80244897959184,1000,-0.2691076713616002,2.254434358207113,1000,631,208,423,8.76388888888889,32.9635499207607,67.0364500792393,5.777777777777778,11.75,50.0,50.0,0.659270998415214,1.3407290015847861,422,6,416,1.4218009478672986,2.0005557099194218,-0.5787547620521234,209,202,7,96.65071770334929,97.97278533740628,-1.3220676340569892,-0.950514435953446,49.04948556404655,True,74.01574803149606,67.17557251908397,13.055555555555555,6.0197802157495515,True,selected,
R17,7313e2f29fbdeb9c,"[""DEP_advmod_rate_baixo"", ""DEP_ccomp_rate_baixo"", ""POS_ADV_rate_baixo""]",DEP_advmod_rate_baixo + DEP_ccomp_rate_baixo + POS_ADV_rate_baixo,6bc0044768d2,"[""5bd1b89b2971"", ""6bc0044768d2"", ""8f07dbefebd7"", ""a686b7ddfc02""]",4,DEP_ccomp_rate_baixo + POS_ADV_rate_baixo → DEP_advmod_rate_baixo,100.0,True,96.19289340101524,2.94927820789486,758,290,468,17.546296296296298,38.258575197889186,61.74142480211082,13.425925925925926,21.666666666666668,50.0,50.0,0.7651715039577837,1.2348284960422165,466,7,459,1.502145922746781,2.039870190078813,-0.5377242673320323,292,283,9,96.91780821917808,97.82709200184928,-0.9092837826711997,-0.7237620524428237,49.27623794755718,252,83,169,17.5,32.93650793650794,67.06349206349206,11.527777777777779,23.47222222222222,50.0,50.0,0.6587301587301587,1.3412698412698412,171,5,166,2.923976608187134,2.351313969571231,0.5726626386159034,81,78,3,96.29629629629629,98.04741980474198,-1.7511235084456844,-0.5843892137751789,49.415610786224825,27.70336358202467,37.976733459744786,1000,-3.004927765145689,1.4872751657896026,1000,0.0002,0.00038750000000000004,0.0019821329735504475,262,96,166,18.194444444444443,36.6412213740458,63.358778625954194,13.333333333333334,23.055555555555557,50.0,50.0,0.732824427480916,1.2671755725190839,167,1,166,0.5988023952095809,1.52990264255911,-0.931100247349529,95,95,0,100.0,98.3356449375867,1.664355062413314,0.36842980705256123,50.368429807052564,31.32468899990205,41.87959498273999,1000,-0.30648020973069173,1.115079899808304,1000,1272,469,803,17.666666666666668,36.87106918238994,63.12893081761006,13.027777777777779,22.305555555555557,50.0,50.0,0.7374213836477987,1.2625786163522013,804,13,791,1.616915422885572,2.0005557099194218,-0.38364028703384984,468,456,12,97.43589743589743,97.97278533740628,-0.5368879015088424,-0.46028537866224534,49.53971462133776,True,67.06349206349206,62.023266540255214,23.47222222222222,5.82504894738203,True,selected,
R18,3827d0dd8fe9bbc6,"[""POS_NOUN_rate_alto"", ""POS_PROPN_rate_baixo""]",POS_NOUN_rate_alto + POS_PROPN_rate_baixo,1a7ef3000b3a,"[""1a7ef3000b3a"", ""f5e829055ee4""]",2,POS_PROPN_rate_baixo → POS_NOUN_rate_alto,89.0,False,51.10294117647059,2.0216548157724628,556,172,384,12.87037037037037,30.935251798561154,69.06474820143885,7.962962962962963,17.77777777777778,50.0,50.0,0.6187050359712231,1.381294964028777,379,1,378,0.2638522427440633,2.039870190078813,-1.7760179473347502,177,171,6,96.61016949152543,97.82709200184928,-1.216922510323859,-1.4960819681091582,48.50391803189084,159,46,113,11.041666666666666,28.930817610062892,71.0691823899371,6.388888888888889,15.694444444444445,50.0,50.0,0.5786163522012578,1.421383647798742,114,3,111,2.631578947368421,2.351313969571231,0.28026497779718995,45,43,2,95.55555555555556,98.04741980474198,-2.491864249186415,-1.10002436647173,48.89997563352827,22.446965628356608,35.44405879951,1000,-4.722655120590253,1.6026392080595437,1000,0.0002,0.00038750000000000004,0.0019821329735504475,173,55,118,12.01388888888889,31.79190751445087,68.20809248554913,7.638888888888889,16.38888888888889,50.0,50.0,0.6358381502890174,1.3641618497109826,119,1,118,0.8403361344537815,1.52990264255911,-0.6895665081053284,54,54,0,100.0,98.3356449375867,1.664355062413314,0.4890289449112975,50.4890289449113,25.619734116022098,37.85614674962454,1000,-0.2713540753460985,1.6171908957869805,1000,888,273,615,12.333333333333334,30.743243243243246,69.25675675675676,7.583333333333333,17.083333333333332,50.0,50.0,0.6148648648648649,1.385135135135135,612,5,607,0.8169934640522877,2.0005557099194218,-1.1835622458671342,276,268,8,97.10144927536231,97.97278533740628,-0.8713360620439592,-1.0274057892077935,48.97259421079221,True,71.0691823899371,64.55594120049,15.694444444444445,5.1321964595217455,True,selected,
R19,23e40fe6924d7ee2,"[""POS_NOUN_rate_alto"", ""POS_PROPN_rate_baixo"", ""uppercaseRatio_baixo""]",POS_NOUN_rate_alto + POS_PROPN_rate_baixo + uppercaseRatio_baixo,ad056bd1509b,"[""4c2d6bec5732"", ""ad056bd1509b"", ""d22dba7f65e2""]",3,POS_NOUN_rate_alto + uppercaseRatio_baixo → POS_PROPN_rate_baixo,92.0,False,63.020833333333336,2.502297794117647,363,121,242,8.402777777777779,33.33333333333333,66.66666666666666,5.601851851851852,11.203703703703704,50.0,50.0,0.6666666666666666,1.3333333333333333,240,1,239,0.4166666666666667,2.039870190078813,-1.6232035234121467,123,120,3,97.5609756097561,97.82709200184928,-0.26611639209318527,-0.9437175361336946,49.05628246386631,112,29,83,7.777777777777778,25.892857142857146,74.10714285714286,4.027777777777778,11.527777777777779,50.0,50.0,0.5178571428571429,1.4821428571428572,83,2,81,2.4096385542168677,2.351313969571231,0.05832458464563664,29,27,2,93.10344827586206,98.04741980474198,-4.943971528879909,-2.432402021880625,47.56759797811937,18.267045454545453,34.04514789828749,1000,-8.091467385423858,1.364785022216454,1000,0.0002,0.00038750000000000004,0.0019821329735504475,115,37,78,7.986111111111111,32.17391304347826,67.82608695652173,5.138888888888889,10.833333333333334,50.0,50.0,0.6434782608695652,1.3565217391304347,79,1,78,1.2658227848101267,1.52990264255911,-0.26407985774898335,36,36,0,100.0,98.3356449375867,1.664355062413314,0.7014767932489447,50.70147679324894,24.240530303030305,40.18691588785047,1000,-0.2691076713616002,2.3889880998269692,1000,590,187,403,8.194444444444445,31.694915254237287,68.30508474576271,5.194444444444445,11.194444444444445,50.0,50.0,0.6338983050847458,1.3661016949152542,402,4,398,0.9950248756218906,2.0005557099194218,-1.0055308342975313,188,183,5,97.3404255319149,97.97278533740628,-0.6323598054913782,-0.8188934905848982,49.1811065094151,True,74.10714285714286,65.9548521017125,11.527777777777779,4.983717402464247,True,selected,
R20,e8066b29ad40a334,"[""DEP_ccomp_rate_baixo"", ""DEP_obj_rate_baixo"", ""POS_VERB_rate_baixo""]",DEP_ccomp_rate_baixo + DEP_obj_rate_baixo + POS_VERB_rate_baixo,ac481854c364,"[""9a59a88003cf"", ""ac481854c364""]",2,DEP_ccomp_rate_baixo + DEP_obj_rate_baixo → POS_VERB_rate_baixo,100.0,True,60.123647604327665,2.2944713573382995,389,141,248,9.00462962962963,36.246786632390744,63.75321336760925,6.527777777777778,11.481481481481481,50.0,50.0,0.7249357326478149,1.275064267352185,251,7,244,2.788844621513944,2.039870190078813,0.7489744314351309,138,134,4,97.10144927536231,97.82709200184928,-0.7256427264869636,0.010641812781082144,50.01064181278109,124,35,89,8.61111111111111,28.225806451612907,71.7741935483871,4.861111111111111,12.36111111111111,50.0,50.0,0.5645161290322581,1.435483870967742,88,2,86,2.272727272727273,2.351313969571231,-0.07858669684395816,36,33,3,91.66666666666666,98.04741980474198,-6.380753138075312,-3.216540404040403,46.7834595959596,20.434526096262555,35.92486369831894,1000,-9.04393647690696,1.0203753426154971,1000,0.0002,0.00038750000000000004,0.0019821329735504475,151,64,87,10.48611111111111,42.384105960264904,57.615894039735096,8.88888888888889,12.083333333333334,50.0,50.0,0.847682119205298,1.1523178807947019,86,1,85,1.1627906976744187,1.52990264255911,-0.36711194488469134,65,63,2,96.92307692307692,98.3356449375867,-1.412568014509763,-0.890565990856689,49.10943400914331,35.17189132706374,50.0,1000,-3.195775629240761,1.312912290515452,1000,664,240,424,9.222222222222221,36.144578313253014,63.85542168674698,6.666666666666667,11.777777777777779,50.0,50.0,0.7228915662650602,1.2771084337349397,425,10,415,2.3529411764705883,2.0005557099194218,0.3523854665511663,239,230,9,96.23430962343096,97.97278533740628,-1.7384757139753182,-0.6933355210982604,49.30666447890174,True,71.7741935483871,64.07513630168106,12.36111111111111,4.948588759275788,True,selected,
