Tipo,Tag,Quantidade,Porcentagem (%)
POS,ADV,2937,3.79
DEP,advmod,2731,3.53
POS,NUM,1753,2.26
DEP,nummod,852,1.1
POS,NOUN,15138,19.55
DEP,nsubj:pass,460,0.59
POS,ADJ,3684,4.76
DEP,amod,3023,3.9
POS,AUX,2053,2.65
DEP,aux:pass,560,0.72
POS,VERB,8135,10.51
DEP,ROOT,3654,4.72
POS,ADP,12112,15.64
DEP,mark,2166,2.8
DEP,xcomp,1178,1.52
DEP,obj,3915,5.06
DEP,case,11939,15.42
DEP,obl,3848,4.97
POS,PROPN,7690,9.93
DEP,nmod,6960,8.99
DEP,flat:name,2270,2.93
POS,PUNCT,9551,12.34
DEP,punct,9452,12.21
POS,SPACE,575,0.74
DEP,dep,844,1.09
DEP,nsubj,4212,5.44
DEP,appos,1276,1.65
POS,DET,6776,8.75
DEP,det,6723,8.68
POS,PRON,2605,3.36
DEP,aux,439,0.57
DEP,advcl,1096,1.42
POS,CCONJ,2062,2.66
DEP,cc,2108,2.72
DEP,conj,2372,3.06
DEP,acl:relcl,890,1.15
DEP,acl,968,1.25
DEP,cop,1023,1.32
POS,SCONJ,2159,2.79
DEP,ccomp,795,1.03
DEP,fixed,428,0.55
DEP,iobj,64,0.08
DEP,expl,239,0.31
DEP,flat,130,0.17
DEP,obl:agent,327,0.42
DEP,csubj,110,0.14
DEP,parataxis,336,0.43
POS,SYM,172,0.22
DEP,discourse,6,0.01
POS,X,13,0.02
DEP,compound,28,0.04
POS,INTJ,10,0.01
DEP,flat:foreign,3,0.0
